index,ZIPCODE,AGE,EJECTION,DRIVER_ACTION,BAC_RESULT,UNIT_TYPE,VEHICLE_YEAR,VEHICLE_TYPE,TRAVEL_DIRECTION,MANEUVER,FIRST_CONTACT_POINT,POSTED_SPEED_LIMIT,TRAFFIC_CONTROL_DEVICE,DEVICE_CONDITION,WEATHER_CONDITION,LIGHTING_CONDITION,FIRST_CRASH_TYPE,TRAFFICWAY_TYPE,ALIGNMENT,ROADWAY_SURFACE_COND,ROAD_DEFECT,STREET_DIRECTION,NUM_UNITS,CRASH_HOUR,CRASH_DAY_OF_WEEK,CRASH_MONTH,CRASH_YEAR,FATAL_DEGREE,SEX,INTERSECTION_RELATED,HIT_AND_RUN,REPORTYPE,DAMAGE_COST,FATAL_COND
17365,17050,29.0,0.0,2.0,0.0,1,2011.0,1,2,1,4.0,30,1,1,2,4,2,-1,1,2,0,2,2,19,4,4,2020,0.0,1,1,1,1,3,3
17373,60439,24.0,0.0,0.0,0.0,1,2009.0,1,2,4,3.0,30,0,0,3,1,8,11,1,2,1,3,3,18,4,4,2020,0.0,1,0,1,1,3,4
17374,60439,24.0,0.0,0.0,0.0,2,2012.0,1,-1,5,8.0,30,0,0,3,1,8,11,1,2,1,3,3,18,4,4,2020,0.0,1,0,1,1,3,4
17375,60439,24.0,0.0,0.0,0.0,1,2018.0,1,7,1,3.0,30,0,0,3,1,8,11,1,2,1,3,3,18,4,4,2020,0.0,1,0,1,1,3,4
17681,60652,36.9,0.0,8.0,0.0,1,2007.0,1,3,8,5.0,35,1,1,1,2,4,5,1,1,0,1,2,22,6,5,2020,2.0,1,1,1,1,3,4
17682,60652,36.9,0.0,8.0,0.0,1,2005.0,1,3,1,4.0,35,1,1,1,2,4,5,1,1,0,1,2,22,6,5,2020,2.0,1,1,1,1,3,4
17683,60513,21.0,0.0,0.0,0.0,1,2007.0,1,3,8,5.0,35,1,1,1,2,4,5,1,1,0,1,2,22,6,5,2020,2.0,0,1,1,1,3,4
17684,60513,21.0,0.0,0.0,0.0,1,2005.0,1,3,1,4.0,35,1,1,1,2,4,5,1,1,0,1,2,22,6,5,2020,2.0,0,1,1,1,3,4
18092,60586,26.0,0.0,2.0,0.0,1,2011.0,1,1,1,3.0,30,2,1,1,1,1,1,1,2,0,2,2,18,5,4,2020,2.0,1,1,1,1,3,4
18093,60586,26.0,0.0,2.0,0.0,1,2018.0,1,2,1,4.0,30,2,1,1,1,1,1,1,2,0,2,2,18,5,4,2020,2.0,1,1,1,1,3,4
18094,60651,20.0,0.0,0.0,0.0,1,2011.0,1,1,1,3.0,30,2,1,1,1,1,1,1,2,0,2,2,18,5,4,2020,2.0,0,1,1,1,3,4
18095,60651,20.0,0.0,0.0,0.0,1,2018.0,1,2,1,4.0,30,2,1,1,1,1,1,1,2,0,2,2,18,5,4,2020,2.0,0,1,1,1,3,4
18691,60153,57.0,0.0,0.0,0.0,1,2015.0,1,2,1,1.0,30,1,3,1,1,6,0,1,1,0,2,2,15,6,4,2020,0.0,0,1,1,1,3,4
19043,60624,36.9,-1.0,-1.0,0.0,1,2007.0,6,1,1,4.0,30,2,0,-1,-1,1,-1,1,-1,0,1,2,16,6,5,2020,2.0,0,1,1,1,2,4
19044,60624,71.0,0.0,-1.0,0.0,1,2011.0,-1,4,1,-1.0,30,2,0,-1,-1,1,-1,1,-1,0,1,2,16,6,5,2020,2.0,1,1,1,1,2,4
19045,60624,71.0,0.0,-1.0,0.0,1,2007.0,6,1,1,4.0,30,2,0,-1,-1,1,-1,1,-1,0,1,2,16,6,5,2020,2.0,1,1,1,1,2,4
19205,60435,22.0,0.0,0.0,0.0,1,2013.0,1,3,2,6.0,30,2,1,1,2,2,1,1,1,0,2,2,21,6,5,2020,0.0,0,1,1,0,3,3
19269,60443,31.0,0.0,0.0,0.0,1,2004.0,1,2,1,6.0,30,2,1,2,1,1,0,1,2,0,1,2,16,1,5,2020,0.0,1,1,1,1,3,4
19270,60443,31.0,0.0,0.0,0.0,1,2017.0,1,1,1,3.0,30,2,1,2,1,1,0,1,2,0,1,2,16,1,5,2020,0.0,1,1,1,1,3,4
19318,60628,36.0,0.0,2.0,0.0,1,2010.0,4,1,1,4.0,30,2,1,1,1,1,1,1,1,1,1,2,11,7,5,2020,1.0,0,1,1,1,3,4
19319,60609,26.0,0.0,0.0,0.0,1,2010.0,2,4,1,3.0,30,2,1,1,1,1,1,1,1,1,1,2,11,7,5,2020,1.0,0,1,1,1,3,4
19320,60609,26.0,0.0,0.0,0.0,1,2010.0,4,1,1,4.0,30,2,1,1,1,1,1,1,1,1,1,2,11,7,5,2020,1.0,0,1,1,1,3,4
19404,60620,31.0,0.0,0.0,0.0,1,2012.0,1,2,7,12.0,30,1,1,3,1,7,2,1,1,0,1,2,13,1,5,2020,0.0,1,1,1,0,3,3
19405,60620,31.0,0.0,0.0,0.0,1,2017.0,2,4,3,3.0,30,1,1,3,1,7,2,1,1,0,1,2,13,1,5,2020,0.0,1,1,1,0,3,3
19606,60612,34.0,0.0,2.0,0.0,1,2012.0,1,2,1,6.0,30,0,0,2,1,1,0,1,2,0,2,2,13,7,4,2020,0.0,1,1,1,1,3,4
19756,60622,58.0,0.0,2.0,0.0,1,2012.0,1,1,2,6.0,30,2,1,2,1,2,4,1,2,0,2,2,17,7,4,2020,0.0,0,1,1,1,3,3
19771,60651,35.0,0.0,0.0,0.0,1,2008.0,1,4,1,7.0,35,2,1,2,4,2,4,1,2,0,3,2,18,7,4,2020,0.0,1,1,1,1,2,3
19788,60471,63.0,0.0,4.0,0.0,1,2006.0,1,3,1,1.0,30,1,1,2,1,3,0,1,2,0,1,2,15,7,4,2020,0.0,1,1,0,0,3,3
19789,60471,63.0,0.0,4.0,0.0,1,2006.0,1,3,3,2.0,30,1,1,2,1,3,0,1,2,0,1,2,15,7,4,2020,0.0,1,1,0,0,3,3
19790,60615,32.0,0.0,0.0,0.0,1,2006.0,1,3,1,1.0,30,1,1,2,1,3,0,1,2,0,1,2,15,7,4,2020,0.0,1,1,0,0,3,3
19791,60615,32.0,0.0,0.0,0.0,1,2006.0,1,3,3,2.0,30,1,1,2,1,3,0,1,2,0,1,2,15,7,4,2020,0.0,1,1,0,0,3,3
19883,60625,34.0,0.0,0.0,0.0,1,2007.0,1,1,4,3.0,30,1,1,1,2,2,1,1,2,0,3,2,23,7,4,2020,0.0,1,1,1,1,3,4
19884,60625,34.0,0.0,0.0,0.0,1,2016.0,2,3,3,12.0,30,1,1,1,2,2,1,1,2,0,3,2,23,7,4,2020,0.0,1,1,1,1,3,4
19905,60624,22.0,0.0,0.0,0.0,1,2002.0,2,4,1,7.0,30,1,1,1,2,1,1,1,1,0,2,2,22,7,4,2020,0.0,1,1,1,0,3,3
19927,60623,26.0,0.0,2.0,0.0,1,2015.0,-1,4,1,1.0,30,0,0,2,2,5,2,1,2,0,2,2,20,7,4,2020,3.0,1,0,1,0,2,4
19929,0,38.0,-1.0,12.0,0.0,1,2015.0,-1,4,1,1.0,30,0,0,2,2,5,2,1,2,0,2,2,20,7,4,2020,3.0,1,0,1,0,2,0
20005,60623,21.0,0.0,0.0,0.0,1,2012.0,1,1,9,0.0,20,2,1,1,1,1,1,1,1,0,2,2,13,5,5,2020,0.0,1,1,1,0,2,3
20210,53207,45.0,0.0,4.0,0.0,1,2010.0,1,1,1,1.0,30,1,1,1,1,3,2,1,1,-1,1,2,16,2,4,2020,3.0,1,1,1,0,3,4
20211,53207,45.0,0.0,4.0,0.0,1,2010.0,1,1,1,1.0,30,1,1,1,1,3,2,1,1,-1,1,2,16,2,4,2020,3.0,1,1,1,0,3,4
20212,53207,45.0,0.0,4.0,0.0,1,2016.0,1,1,1,2.0,30,1,1,1,1,3,2,1,1,-1,1,2,16,2,4,2020,3.0,1,1,1,0,3,4
20213,53207,45.0,0.0,4.0,0.0,1,2016.0,1,1,1,2.0,30,1,1,1,1,3,2,1,1,-1,1,2,16,2,4,2020,3.0,1,1,1,0,3,4
20214,60617,38.0,0.0,4.0,0.0,1,2010.0,1,1,1,1.0,30,1,1,1,1,3,2,1,1,-1,1,2,16,2,4,2020,3.0,1,1,1,0,3,4
20215,60617,38.0,0.0,4.0,0.0,1,2010.0,1,1,1,1.0,30,1,1,1,1,3,2,1,1,-1,1,2,16,2,4,2020,3.0,1,1,1,0,3,4
20216,60617,38.0,0.0,4.0,0.0,1,2016.0,1,1,1,2.0,30,1,1,1,1,3,2,1,1,-1,1,2,16,2,4,2020,3.0,1,1,1,0,3,4
20217,60617,38.0,0.0,4.0,0.0,1,2016.0,1,1,1,2.0,30,1,1,1,1,3,2,1,1,-1,1,2,16,2,4,2020,3.0,1,1,1,0,3,4
20218,60636,57.0,0.0,0.0,0.0,1,2010.0,1,1,1,1.0,30,1,1,1,1,3,2,1,1,-1,1,2,16,2,4,2020,3.0,0,1,1,0,3,4
20219,60636,57.0,0.0,0.0,0.0,1,2010.0,1,1,1,1.0,30,1,1,1,1,3,2,1,1,-1,1,2,16,2,4,2020,3.0,0,1,1,0,3,4
20220,60636,57.0,0.0,0.0,0.0,1,2016.0,1,1,1,2.0,30,1,1,1,1,3,2,1,1,-1,1,2,16,2,4,2020,3.0,0,1,1,0,3,4
20221,60636,57.0,0.0,0.0,0.0,1,2016.0,1,1,1,2.0,30,1,1,1,1,3,2,1,1,-1,1,2,16,2,4,2020,3.0,0,1,1,0,3,4
20222,60636,57.0,0.0,0.0,0.0,1,2010.0,1,1,1,1.0,30,1,1,1,1,3,2,1,1,-1,1,2,16,2,4,2020,3.0,0,1,1,0,3,4
20223,60636,57.0,0.0,0.0,0.0,1,2010.0,1,1,1,1.0,30,1,1,1,1,3,2,1,1,-1,1,2,16,2,4,2020,3.0,0,1,1,0,3,4
20224,60636,57.0,0.0,0.0,0.0,1,2016.0,1,1,1,2.0,30,1,1,1,1,3,2,1,1,-1,1,2,16,2,4,2020,3.0,0,1,1,0,3,4
20225,60636,57.0,0.0,0.0,0.0,1,2016.0,1,1,1,2.0,30,1,1,1,1,3,2,1,1,-1,1,2,16,2,4,2020,3.0,0,1,1,0,3,4
20277,60459,18.0,0.0,5.0,0.0,1,2007.0,2,1,4,7.0,30,0,0,1,1,2,8,1,1,0,1,2,19,2,5,2020,0.0,1,1,0,0,3,3
20278,60459,18.0,0.0,5.0,0.0,1,2008.0,1,2,1,4.0,30,0,0,1,1,2,8,1,1,0,1,2,19,2,5,2020,0.0,1,1,0,0,3,3
20279,60457,71.0,0.0,0.0,0.0,1,2007.0,2,1,4,7.0,30,0,0,1,1,2,8,1,1,0,1,2,19,2,5,2020,0.0,0,1,0,0,3,3
20280,60457,71.0,0.0,0.0,0.0,1,2008.0,1,2,1,4.0,30,0,0,1,1,2,8,1,1,0,1,2,19,2,5,2020,0.0,0,1,0,0,3,3
20281,60652,21.0,0.0,0.0,0.0,1,2010.0,1,4,1,3.0,30,1,1,1,2,1,1,1,1,0,2,6,22,2,5,2020,1.0,0,1,1,1,3,4
20282,60652,21.0,0.0,0.0,0.0,1,2010.0,1,2,1,2.0,30,1,1,1,2,1,1,1,1,0,2,6,22,2,5,2020,1.0,0,1,1,1,3,4
20283,60652,21.0,0.0,0.0,0.0,1,2010.0,1,4,1,1.0,30,1,1,1,2,1,1,1,1,0,2,6,22,2,5,2020,1.0,0,1,1,1,3,4
20284,60652,21.0,0.0,0.0,0.0,1,2010.0,3,4,1,3.0,30,1,1,1,2,1,1,1,1,0,2,6,22,2,5,2020,1.0,0,1,1,1,3,4
20285,60652,21.0,0.0,0.0,0.0,1,2010.0,1,4,4,3.0,30,1,1,1,2,1,1,1,1,0,2,6,22,2,5,2020,1.0,0,1,1,1,3,4
20286,60652,21.0,0.0,0.0,0.0,1,2014.0,1,1,1,1.0,30,1,1,1,2,1,1,1,1,0,2,6,22,2,5,2020,1.0,0,1,1,1,3,4
20287,60620,27.0,0.0,0.0,0.0,1,2010.0,1,4,1,3.0,30,1,1,1,2,1,1,1,1,0,2,6,22,2,5,2020,1.0,0,1,1,1,3,4
20288,60620,27.0,0.0,0.0,0.0,1,2010.0,1,2,1,2.0,30,1,1,1,2,1,1,1,1,0,2,6,22,2,5,2020,1.0,0,1,1,1,3,4
20289,60620,27.0,0.0,0.0,0.0,1,2010.0,1,4,1,1.0,30,1,1,1,2,1,1,1,1,0,2,6,22,2,5,2020,1.0,0,1,1,1,3,4
20290,60620,27.0,0.0,0.0,0.0,1,2010.0,3,4,1,3.0,30,1,1,1,2,1,1,1,1,0,2,6,22,2,5,2020,1.0,0,1,1,1,3,4
20291,60620,27.0,0.0,0.0,0.0,1,2010.0,1,4,4,3.0,30,1,1,1,2,1,1,1,1,0,2,6,22,2,5,2020,1.0,0,1,1,1,3,4
20292,60620,27.0,0.0,0.0,0.0,1,2014.0,1,1,1,1.0,30,1,1,1,2,1,1,1,1,0,2,6,22,2,5,2020,1.0,0,1,1,1,3,4
20293,60409,39.0,0.0,0.0,0.0,1,2010.0,1,4,1,3.0,30,1,1,1,2,1,1,1,1,0,2,6,22,2,5,2020,1.0,1,1,1,1,3,4
20294,60409,39.0,0.0,0.0,0.0,1,2010.0,1,2,1,2.0,30,1,1,1,2,1,1,1,1,0,2,6,22,2,5,2020,1.0,1,1,1,1,3,4
20295,60409,39.0,0.0,0.0,0.0,1,2010.0,1,4,1,1.0,30,1,1,1,2,1,1,1,1,0,2,6,22,2,5,2020,1.0,1,1,1,1,3,4
20296,60409,39.0,0.0,0.0,0.0,1,2010.0,3,4,1,3.0,30,1,1,1,2,1,1,1,1,0,2,6,22,2,5,2020,1.0,1,1,1,1,3,4
20297,60409,39.0,0.0,0.0,0.0,1,2010.0,1,4,4,3.0,30,1,1,1,2,1,1,1,1,0,2,6,22,2,5,2020,1.0,1,1,1,1,3,4
20298,60409,39.0,0.0,0.0,0.0,1,2014.0,1,1,1,1.0,30,1,1,1,2,1,1,1,1,0,2,6,22,2,5,2020,1.0,1,1,1,1,3,4
20299,60805,62.0,0.0,0.0,0.0,1,2010.0,1,4,1,3.0,30,1,1,1,2,1,1,1,1,0,2,6,22,2,5,2020,1.0,1,1,1,1,3,4
20300,60805,62.0,0.0,0.0,0.0,1,2010.0,1,2,1,2.0,30,1,1,1,2,1,1,1,1,0,2,6,22,2,5,2020,1.0,1,1,1,1,3,4
20301,60805,62.0,0.0,0.0,0.0,1,2010.0,1,4,1,1.0,30,1,1,1,2,1,1,1,1,0,2,6,22,2,5,2020,1.0,1,1,1,1,3,4
20302,60805,62.0,0.0,0.0,0.0,1,2010.0,3,4,1,3.0,30,1,1,1,2,1,1,1,1,0,2,6,22,2,5,2020,1.0,1,1,1,1,3,4
20303,60805,62.0,0.0,0.0,0.0,1,2010.0,1,4,4,3.0,30,1,1,1,2,1,1,1,1,0,2,6,22,2,5,2020,1.0,1,1,1,1,3,4
20304,60805,62.0,0.0,0.0,0.0,1,2014.0,1,1,1,1.0,30,1,1,1,2,1,1,1,1,0,2,6,22,2,5,2020,1.0,1,1,1,1,3,4
20305,60620,26.0,-1.0,0.0,0.0,1,2010.0,1,4,1,3.0,30,1,1,1,2,1,1,1,1,0,2,6,22,2,5,2020,1.0,0,1,1,1,3,4
20306,60620,26.0,-1.0,0.0,0.0,1,2010.0,1,2,1,2.0,30,1,1,1,2,1,1,1,1,0,2,6,22,2,5,2020,1.0,0,1,1,1,3,4
20307,60620,26.0,-1.0,0.0,0.0,1,2010.0,1,4,1,1.0,30,1,1,1,2,1,1,1,1,0,2,6,22,2,5,2020,1.0,0,1,1,1,3,4
20308,60620,26.0,-1.0,0.0,0.0,1,2010.0,3,4,1,3.0,30,1,1,1,2,1,1,1,1,0,2,6,22,2,5,2020,1.0,0,1,1,1,3,4
20309,60620,26.0,-1.0,0.0,0.0,1,2010.0,1,4,4,3.0,30,1,1,1,2,1,1,1,1,0,2,6,22,2,5,2020,1.0,0,1,1,1,3,4
20310,60620,26.0,-1.0,0.0,0.0,1,2014.0,1,1,1,1.0,30,1,1,1,2,1,1,1,1,0,2,6,22,2,5,2020,1.0,0,1,1,1,3,4
20311,61103,23.0,-1.0,3.0,0.0,1,2010.0,1,4,1,3.0,30,1,1,1,2,1,1,1,1,0,2,6,22,2,5,2020,1.0,1,1,1,1,3,4
20312,61103,23.0,-1.0,3.0,0.0,1,2010.0,1,2,1,2.0,30,1,1,1,2,1,1,1,1,0,2,6,22,2,5,2020,1.0,1,1,1,1,3,4
20313,61103,23.0,-1.0,3.0,0.0,1,2010.0,1,4,1,1.0,30,1,1,1,2,1,1,1,1,0,2,6,22,2,5,2020,1.0,1,1,1,1,3,4
20314,61103,23.0,-1.0,3.0,0.0,1,2010.0,3,4,1,3.0,30,1,1,1,2,1,1,1,1,0,2,6,22,2,5,2020,1.0,1,1,1,1,3,4
20315,61103,23.0,-1.0,3.0,0.0,1,2010.0,1,4,4,3.0,30,1,1,1,2,1,1,1,1,0,2,6,22,2,5,2020,1.0,1,1,1,1,3,4
20316,61103,23.0,-1.0,3.0,0.0,1,2014.0,1,1,1,1.0,30,1,1,1,2,1,1,1,1,0,2,6,22,2,5,2020,1.0,1,1,1,1,3,4
20607,60619,36.9,0.0,2.0,0.0,1,2011.0,2,5,2,1.0,30,1,1,1,1,5,1,1,1,0,2,2,17,1,4,2020,2.0,1,1,1,1,1,4
20609,60608,22.0,-1.0,0.0,2.0,1,2011.0,2,5,2,1.0,30,1,1,1,1,5,1,1,1,0,2,2,17,1,4,2020,2.0,0,1,1,1,1,0
20686,60651,38.0,0.0,1.0,0.0,1,2014.0,1,2,1,1.0,30,0,0,1,2,1,1,1,1,0,1,2,20,1,4,2020,3.0,1,1,1,1,3,4
20687,60651,38.0,0.0,1.0,0.0,1,2007.0,1,3,1,-1.0,30,0,0,1,2,1,1,1,1,0,1,2,20,1,4,2020,3.0,1,1,1,1,3,4
20688,60620,24.0,0.0,-1.0,0.0,1,2014.0,1,2,1,1.0,30,0,0,1,2,1,1,1,1,0,1,2,20,1,4,2020,3.0,0,1,1,1,3,4
20689,60620,24.0,0.0,-1.0,0.0,1,2007.0,1,3,1,-1.0,30,0,0,1,2,1,1,1,1,0,1,2,20,1,4,2020,3.0,0,1,1,1,3,4
21043,0,36.9,0.0,-1.0,0.0,1,2001.0,4,2,1,1.0,30,2,1,1,1,3,1,1,1,0,2,3,16,3,5,2020,2.0,1,1,1,1,3,4
21044,0,36.9,0.0,-1.0,0.0,1,2000.0,1,2,3,2.0,30,2,1,1,1,3,1,1,1,0,2,3,16,3,5,2020,2.0,1,1,1,1,3,4
21045,0,36.9,0.0,-1.0,0.0,1,2020.0,2,2,3,2.0,30,2,1,1,1,3,1,1,1,0,2,3,16,3,5,2020,2.0,1,1,1,1,3,4
21046,60402,47.0,0.0,0.0,0.0,1,2001.0,4,2,1,1.0,30,2,1,1,1,3,1,1,1,0,2,3,16,3,5,2020,2.0,1,1,1,1,3,4
21047,60402,47.0,0.0,0.0,0.0,1,2000.0,1,2,3,2.0,30,2,1,1,1,3,1,1,1,0,2,3,16,3,5,2020,2.0,1,1,1,1,3,4
21048,60402,47.0,0.0,0.0,0.0,1,2020.0,2,2,3,2.0,30,2,1,1,1,3,1,1,1,0,2,3,16,3,5,2020,2.0,1,1,1,1,3,4
21049,60641,37.0,0.0,0.0,0.0,1,2001.0,4,2,1,1.0,30,2,1,1,1,3,1,1,1,0,2,3,16,3,5,2020,2.0,1,1,1,1,3,4
21050,60641,37.0,0.0,0.0,0.0,1,2000.0,1,2,3,2.0,30,2,1,1,1,3,1,1,1,0,2,3,16,3,5,2020,2.0,1,1,1,1,3,4
21051,60641,37.0,0.0,0.0,0.0,1,2020.0,2,2,3,2.0,30,2,1,1,1,3,1,1,1,0,2,3,16,3,5,2020,2.0,1,1,1,1,3,4
21098,34684,18.0,0.0,3.0,2.0,1,2016.0,1,1,1,1.0,30,1,1,1,2,3,0,1,1,0,3,3,0,3,5,2020,2.0,0,1,1,1,3,4
21099,34684,18.0,0.0,3.0,2.0,1,2016.0,1,1,7,2.0,30,1,1,1,2,3,0,1,1,0,3,3,0,3,5,2020,2.0,0,1,1,1,3,4
21100,34684,18.0,0.0,3.0,2.0,1,2007.0,1,1,7,2.0,30,1,1,1,2,3,0,1,1,0,3,3,0,3,5,2020,2.0,0,1,1,1,3,4
21101,60612,49.0,0.0,0.0,0.0,1,2016.0,1,1,1,1.0,30,1,1,1,2,3,0,1,1,0,3,3,0,3,5,2020,2.0,1,1,1,1,3,4
21102,60612,49.0,0.0,0.0,0.0,1,2016.0,1,1,7,2.0,30,1,1,1,2,3,0,1,1,0,3,3,0,3,5,2020,2.0,1,1,1,1,3,4
21103,60612,49.0,0.0,0.0,0.0,1,2007.0,1,1,7,2.0,30,1,1,1,2,3,0,1,1,0,3,3,0,3,5,2020,2.0,1,1,1,1,3,4
21104,60632,29.0,0.0,1.0,0.0,1,2016.0,1,1,1,1.0,30,1,1,1,2,3,0,1,1,0,3,3,0,3,5,2020,2.0,1,1,1,1,3,4
21105,60632,29.0,0.0,1.0,0.0,1,2016.0,1,1,7,2.0,30,1,1,1,2,3,0,1,1,0,3,3,0,3,5,2020,2.0,1,1,1,1,3,4
21106,60632,29.0,0.0,1.0,0.0,1,2007.0,1,1,7,2.0,30,1,1,1,2,3,0,1,1,0,3,3,0,3,5,2020,2.0,1,1,1,1,3,4
21153,60621,50.0,0.0,1.0,0.0,1,2018.0,1,2,3,2.0,30,1,1,1,1,3,0,1,1,0,4,2,9,2,4,2020,0.0,1,1,0,1,2,3
21274,60619,50.0,0.0,0.0,0.0,1,2009.0,2,4,1,2.0,35,1,1,1,1,3,0,1,1,0,2,2,16,2,4,2020,0.0,1,1,1,0,3,3
21420,60636,19.0,0.0,0.0,0.0,1,2010.0,1,2,1,1.0,30,3,2,2,2,1,5,1,2,4,2,2,21,2,4,2020,0.0,0,1,1,1,3,4
21452,60620,53.0,0.0,0.0,0.0,1,2008.0,2,1,3,10.0,30,1,1,2,2,3,0,1,2,0,1,2,21,2,4,2020,0.0,1,1,1,1,3,4
21593,0,38.0,-1.0,2.0,0.0,2,2020.0,2,4,5,3.0,30,1,1,3,2,2,1,1,2,-1,2,4,19,3,4,2020,3.0,1,1,1,1,3,4
21594,0,38.0,-1.0,2.0,0.0,2,2013.0,1,4,5,1.0,30,1,1,3,2,2,1,1,2,-1,2,4,19,3,4,2020,3.0,1,1,1,1,3,4
21595,0,38.0,-1.0,2.0,0.0,1,2019.0,1,6,4,3.0,30,1,1,3,2,2,1,1,2,-1,2,4,19,3,4,2020,3.0,1,1,1,1,3,4
21596,0,38.0,-1.0,2.0,0.0,1,2004.0,1,2,1,4.0,30,1,1,3,2,2,1,1,2,-1,2,4,19,3,4,2020,3.0,1,1,1,1,3,4
21597,46201,40.0,0.0,-1.0,0.0,2,2020.0,2,4,5,3.0,30,1,1,3,2,2,1,1,2,-1,2,4,19,3,4,2020,3.0,1,1,1,1,3,4
21598,46201,40.0,0.0,-1.0,0.0,2,2013.0,1,4,5,1.0,30,1,1,3,2,2,1,1,2,-1,2,4,19,3,4,2020,3.0,1,1,1,1,3,4
21599,46201,40.0,0.0,-1.0,0.0,1,2019.0,1,6,4,3.0,30,1,1,3,2,2,1,1,2,-1,2,4,19,3,4,2020,3.0,1,1,1,1,3,4
21600,46201,40.0,0.0,-1.0,0.0,1,2004.0,1,2,1,4.0,30,1,1,3,2,2,1,1,2,-1,2,4,19,3,4,2020,3.0,1,1,1,1,3,4
21619,0,38.0,0.0,-1.0,0.0,1,2010.0,1,1,1,1.0,30,0,-1,1,2,3,2,1,1,0,3,2,1,4,5,2020,3.0,0,1,1,1,3,4
21620,0,38.0,0.0,-1.0,0.0,1,2003.0,1,1,1,2.0,30,0,-1,1,2,3,2,1,1,0,3,2,1,4,5,2020,3.0,0,1,1,1,3,4
21621,60164,23.0,3.0,-1.0,0.0,1,2010.0,1,1,1,1.0,30,0,-1,1,2,3,2,1,1,0,3,2,1,4,5,2020,3.0,1,1,1,1,3,4
21622,60164,23.0,3.0,-1.0,0.0,1,2003.0,1,1,1,2.0,30,0,-1,1,2,3,2,1,1,0,3,2,1,4,5,2020,3.0,1,1,1,1,3,4
22001,34234,27.0,0.0,0.0,0.0,1,2011.0,10,3,1,2.0,30,1,1,1,1,3,6,1,1,0,1,2,15,3,4,2020,0.0,1,1,0,1,3,3
22031,60623,25.0,0.0,2.0,0.0,1,2001.0,1,8,1,1.0,30,0,0,1,1,6,11,1,1,0,1,2,15,3,4,2020,3.0,1,0,0,1,3,4
22032,60623,25.0,0.0,2.0,0.0,1,2010.0,2,1,1,4.0,30,0,0,1,1,6,11,1,1,0,1,2,15,3,4,2020,3.0,1,0,0,1,3,4
22033,60623,25.0,0.0,0.0,0.0,1,2001.0,1,8,1,1.0,30,0,0,1,1,6,11,1,1,0,1,2,15,3,4,2020,3.0,1,0,0,1,3,4
22034,60623,25.0,0.0,0.0,0.0,1,2010.0,2,1,1,4.0,30,0,0,1,1,6,11,1,1,0,1,2,15,3,4,2020,3.0,1,0,0,1,3,4
22233,60504,32.0,0.0,0.0,0.0,1,2015.0,1,2,1,2.0,30,1,1,2,2,3,0,1,2,0,2,2,20,3,4,2020,0.0,1,1,0,1,1,3
22353,60644,33.0,0.0,1.0,0.0,1,2007.0,1,8,2,4.0,30,2,0,1,2,2,0,1,1,0,2,2,23,1,5,2020,0.0,0,1,0,0,3,3
22476,0,38.0,0.0,3.0,0.0,1,2009.0,5,1,1,6.0,30,1,1,2,1,1,1,1,2,0,3,2,9,5,5,2020,3.0,0,1,1,1,3,4
22477,60680,42.0,0.0,0.0,0.0,1,2010.0,-1,2,1,1.0,30,1,1,2,1,1,1,1,2,0,3,2,9,5,5,2020,3.0,1,1,1,1,3,4
22478,60680,42.0,0.0,0.0,0.0,1,2009.0,5,1,1,6.0,30,1,1,2,1,1,1,1,2,0,3,2,9,5,5,2020,3.0,1,1,1,1,3,4
22695,60628,31.0,0.0,0.0,0.0,1,2016.0,1,3,1,9.0,30,2,1,2,1,1,1,1,2,0,3,2,9,4,4,2020,0.0,0,1,1,0,1,3
22745,60804,55.0,0.0,0.0,0.0,1,2008.0,5,4,1,3.0,30,1,1,2,1,2,1,1,2,0,2,2,11,4,4,2020,0.0,1,1,1,1,2,3
23212,60619,48.0,0.0,0.0,0.0,1,2009.0,2,1,1,5.0,30,1,1,2,4,1,0,1,2,-1,1,2,20,4,4,2020,0.0,0,1,1,0,3,3
23285,0,36.9,0.0,6.0,0.0,1,2011.0,-1,3,1,-1.0,35,1,1,2,2,4,2,1,2,0,1,2,1,6,5,2020,2.0,0,1,1,1,2,4
23286,0,36.9,0.0,6.0,0.0,1,2004.0,1,3,1,8.0,35,1,1,2,2,4,2,1,2,0,1,2,1,6,5,2020,2.0,0,1,1,1,2,4
23287,60473,24.0,0.0,0.0,0.0,1,2011.0,-1,3,1,-1.0,35,1,1,2,2,4,2,1,2,0,1,2,1,6,5,2020,2.0,1,1,1,1,2,4
23288,60473,24.0,0.0,0.0,0.0,1,2004.0,1,3,1,8.0,35,1,1,2,2,4,2,1,2,0,1,2,1,6,5,2020,2.0,1,1,1,1,2,4
23618,0,36.9,0.0,6.0,0.0,1,2019.0,1,4,1,1.0,30,0,0,2,1,1,1,1,2,0,3,2,11,5,4,2020,2.0,1,1,1,0,3,4