index,ZIPCODE,AGE,EJECTION,DRIVER_ACTION,BAC_RESULT,UNIT_TYPE,VEHICLE_YEAR,VEHICLE_TYPE,TRAVEL_DIRECTION,MANEUVER,FIRST_CONTACT_POINT,POSTED_SPEED_LIMIT,TRAFFIC_CONTROL_DEVICE,DEVICE_CONDITION,WEATHER_CONDITION,LIGHTING_CONDITION,FIRST_CRASH_TYPE,TRAFFICWAY_TYPE,ALIGNMENT,ROADWAY_SURFACE_COND,ROAD_DEFECT,STREET_DIRECTION,NUM_UNITS,CRASH_HOUR,CRASH_DAY_OF_WEEK,CRASH_MONTH,CRASH_YEAR,FATAL_DEGREE,SEX,INTERSECTION_RELATED,HIT_AND_RUN,REPORTYPE,DAMAGE_COST,FATAL_COND
23619,0,36.9,0.0,6.0,0.0,1,2002.0,1,3,1,3.0,30,0,0,2,1,1,1,1,2,0,3,2,11,5,4,2020,2.0,1,1,1,0,3,4
23620,60629,43.0,0.0,0.0,0.0,1,2019.0,1,4,1,1.0,30,0,0,2,1,1,1,1,2,0,3,2,11,5,4,2020,2.0,1,1,1,0,3,4
23621,60629,43.0,0.0,0.0,0.0,1,2002.0,1,3,1,3.0,30,0,0,2,1,1,1,1,2,0,3,2,11,5,4,2020,2.0,1,1,1,0,3,4
23689,60645,48.0,0.0,0.0,0.0,1,2011.0,1,1,1,7.0,30,1,1,3,1,4,9,1,1,2,3,2,11,5,4,2020,0.0,1,1,1,0,2,3
23885,0,38.0,0.0,3.0,0.0,1,2010.0,1,3,1,1.0,35,1,1,1,5,1,1,1,1,0,3,2,20,5,4,2020,3.0,0,1,1,1,3,4
23886,0,38.0,0.0,3.0,0.0,1,2018.0,1,4,1,4.0,35,1,1,1,5,1,1,1,1,0,3,2,20,5,4,2020,3.0,0,1,1,1,3,4
23887,60639,63.0,0.0,-1.0,0.0,1,2010.0,1,3,1,1.0,35,1,1,1,5,1,1,1,1,0,3,2,20,5,4,2020,3.0,0,1,1,1,3,4
23888,60639,63.0,0.0,-1.0,0.0,1,2018.0,1,4,1,4.0,35,1,1,1,5,1,1,1,1,0,3,2,20,5,4,2020,3.0,0,1,1,1,3,4
23980,60617,35.0,0.0,0.0,0.0,1,2006.0,1,7,2,4.0,30,1,1,2,1,2,0,1,2,0,1,2,8,5,5,2020,0.0,0,1,1,0,3,3
23981,60617,35.0,0.0,0.0,0.0,1,2018.0,1,2,1,9.0,30,1,1,2,1,2,0,1,2,0,1,2,8,5,5,2020,0.0,0,1,1,0,3,3
24193,60473,40.0,0.0,3.0,0.0,1,2012.0,1,3,1,1.0,30,1,1,2,2,1,1,1,2,0,1,2,0,1,5,2020,1.0,1,1,0,1,3,4
24194,60473,40.0,0.0,3.0,0.0,1,2017.0,1,4,1,3.0,30,1,1,2,2,1,1,1,2,0,1,2,0,1,5,2020,1.0,1,1,0,1,3,4
24195,60612,29.0,0.0,0.0,0.0,1,2012.0,1,3,1,1.0,30,1,1,2,2,1,1,1,2,0,1,2,0,1,5,2020,1.0,1,1,0,1,3,4
24196,60612,29.0,0.0,0.0,0.0,1,2017.0,1,4,1,3.0,30,1,1,2,2,1,1,1,2,0,1,2,0,1,5,2020,1.0,1,1,0,1,3,4
24200,60639,29.0,0.0,0.0,0.0,1,2020.0,2,2,2,4.0,30,1,1,2,2,2,1,1,2,0,2,2,1,1,5,2020,0.0,0,1,1,1,3,4
24456,60649,40.0,0.0,0.0,0.0,1,2011.0,1,1,1,3.0,30,0,0,1,1,8,3,1,1,0,1,3,10,6,5,2020,0.0,0,1,1,1,3,4
24494,60411,41.0,0.0,0.0,0.0,1,2011.0,1,2,1,7.0,30,0,0,1,1,1,0,1,1,0,4,2,14,6,5,2020,0.0,1,1,1,0,3,3
24497,0,38.0,0.0,2.0,0.0,1,2010.0,1,5,2,1.0,30,1,1,1,1,5,7,1,1,0,2,2,14,6,5,2020,3.0,1,1,1,1,3,4
24499,0,47.0,-1.0,0.0,0.0,1,2010.0,1,5,2,1.0,30,1,1,1,1,5,7,1,1,0,2,2,14,6,5,2020,3.0,0,1,1,1,3,0
24706,60628,65.0,0.0,0.0,0.0,1,2020.0,4,4,1,5.0,30,2,1,1,1,1,1,1,1,0,1,2,15,6,5,2020,0.0,0,1,1,1,3,4
24707,60628,65.0,0.0,0.0,0.0,1,2017.0,1,1,1,4.0,30,2,1,1,1,1,1,1,1,0,1,2,15,6,5,2020,0.0,0,1,1,1,3,4
24717,60620,33.0,0.0,0.0,0.0,1,2007.0,1,2,3,2.0,30,1,1,3,1,3,2,1,1,0,1,2,18,6,5,2020,0.0,0,1,1,0,2,3
24772,60616,50.0,0.0,0.0,0.0,1,2017.0,1,2,8,4.0,30,1,1,1,1,4,0,1,1,0,2,2,17,6,5,2020,0.0,0,1,1,0,2,3
24880,60628,27.0,0.0,2.0,0.0,1,2003.0,1,2,2,9.0,30,1,1,1,1,2,1,1,1,0,2,2,18,6,5,2020,2.0,1,1,1,1,3,4
24881,60628,27.0,0.0,2.0,0.0,1,2011.0,6,4,1,1.0,30,1,1,1,1,2,1,1,1,0,2,2,18,6,5,2020,2.0,1,1,1,1,3,4
24882,46327,30.0,0.0,0.0,0.0,1,2003.0,1,2,2,9.0,30,1,1,1,1,2,1,1,1,0,2,2,18,6,5,2020,2.0,1,1,1,1,3,4
24883,46327,30.0,0.0,0.0,0.0,1,2011.0,6,4,1,1.0,30,1,1,1,1,2,1,1,1,0,2,2,18,6,5,2020,2.0,1,1,1,1,3,4
24885,0,38.0,-1.0,7.0,0.0,1,2010.0,1,4,1,10.0,30,2,1,1,1,4,0,1,1,0,1,5,19,6,5,2020,3.0,0,1,1,1,3,4
24886,0,38.0,-1.0,7.0,0.0,1,2017.0,1,4,1,2.0,30,2,1,1,1,4,0,1,1,0,1,5,19,6,5,2020,3.0,0,1,1,1,3,4
24887,0,38.0,-1.0,7.0,0.0,1,2002.0,1,4,-1,2.0,30,2,1,1,1,4,0,1,1,0,1,5,19,6,5,2020,3.0,0,1,1,1,3,4
24888,0,38.0,-1.0,7.0,0.0,1,2011.0,1,4,1,2.0,30,2,1,1,1,4,0,1,1,0,1,5,19,6,5,2020,3.0,0,1,1,1,3,4
24889,60628,27.0,-1.0,-1.0,0.0,1,2010.0,-1,4,6,-1.0,30,2,1,1,1,4,0,1,1,0,1,5,19,6,5,2020,3.0,0,1,1,1,3,4
24890,60628,27.0,-1.0,-1.0,0.0,1,2010.0,1,4,1,10.0,30,2,1,1,1,4,0,1,1,0,1,5,19,6,5,2020,3.0,0,1,1,1,3,4
24891,60628,27.0,-1.0,-1.0,0.0,1,2017.0,1,4,1,2.0,30,2,1,1,1,4,0,1,1,0,1,5,19,6,5,2020,3.0,0,1,1,1,3,4
24892,60628,27.0,-1.0,-1.0,0.0,1,2002.0,1,4,-1,2.0,30,2,1,1,1,4,0,1,1,0,1,5,19,6,5,2020,3.0,0,1,1,1,3,4
24893,60628,27.0,-1.0,-1.0,0.0,1,2011.0,1,4,1,2.0,30,2,1,1,1,4,0,1,1,0,1,5,19,6,5,2020,3.0,0,1,1,1,3,4
24894,60637,40.0,-1.0,-1.0,0.0,1,2010.0,-1,4,6,-1.0,30,2,1,1,1,4,0,1,1,0,1,5,19,6,5,2020,3.0,0,1,1,1,3,4
24895,60637,40.0,-1.0,-1.0,0.0,1,2010.0,1,4,1,10.0,30,2,1,1,1,4,0,1,1,0,1,5,19,6,5,2020,3.0,0,1,1,1,3,4
24896,60637,40.0,-1.0,-1.0,0.0,1,2017.0,1,4,1,2.0,30,2,1,1,1,4,0,1,1,0,1,5,19,6,5,2020,3.0,0,1,1,1,3,4
24897,60637,40.0,-1.0,-1.0,0.0,1,2002.0,1,4,-1,2.0,30,2,1,1,1,4,0,1,1,0,1,5,19,6,5,2020,3.0,0,1,1,1,3,4
24898,60637,40.0,-1.0,-1.0,0.0,1,2011.0,1,4,1,2.0,30,2,1,1,1,4,0,1,1,0,1,5,19,6,5,2020,3.0,0,1,1,1,3,4
24899,60619,40.0,-1.0,-1.0,0.0,1,2010.0,-1,4,6,-1.0,30,2,1,1,1,4,0,1,1,0,1,5,19,6,5,2020,3.0,0,1,1,1,3,4
24900,60619,40.0,-1.0,-1.0,0.0,1,2010.0,1,4,1,10.0,30,2,1,1,1,4,0,1,1,0,1,5,19,6,5,2020,3.0,0,1,1,1,3,4
24901,60619,40.0,-1.0,-1.0,0.0,1,2017.0,1,4,1,2.0,30,2,1,1,1,4,0,1,1,0,1,5,19,6,5,2020,3.0,0,1,1,1,3,4
24902,60619,40.0,-1.0,-1.0,0.0,1,2002.0,1,4,-1,2.0,30,2,1,1,1,4,0,1,1,0,1,5,19,6,5,2020,3.0,0,1,1,1,3,4
24903,60619,40.0,-1.0,-1.0,0.0,1,2011.0,1,4,1,2.0,30,2,1,1,1,4,0,1,1,0,1,5,19,6,5,2020,3.0,0,1,1,1,3,4
24904,60619,33.0,-1.0,-1.0,0.0,1,2010.0,-1,4,6,-1.0,30,2,1,1,1,4,0,1,1,0,1,5,19,6,5,2020,3.0,1,1,1,1,3,4
24905,60619,33.0,-1.0,-1.0,0.0,1,2010.0,1,4,1,10.0,30,2,1,1,1,4,0,1,1,0,1,5,19,6,5,2020,3.0,1,1,1,1,3,4
24906,60619,33.0,-1.0,-1.0,0.0,1,2017.0,1,4,1,2.0,30,2,1,1,1,4,0,1,1,0,1,5,19,6,5,2020,3.0,1,1,1,1,3,4
24907,60619,33.0,-1.0,-1.0,0.0,1,2002.0,1,4,-1,2.0,30,2,1,1,1,4,0,1,1,0,1,5,19,6,5,2020,3.0,1,1,1,1,3,4
24908,60619,33.0,-1.0,-1.0,0.0,1,2011.0,1,4,1,2.0,30,2,1,1,1,4,0,1,1,0,1,5,19,6,5,2020,3.0,1,1,1,1,3,4
24997,0,36.9,0.0,2.0,0.0,1,2016.0,1,4,2,1.0,30,2,1,1,2,2,0,1,1,0,1,2,22,6,5,2020,2.0,0,1,1,1,3,4
24998,0,36.9,0.0,2.0,0.0,1,2018.0,1,1,1,6.0,30,2,1,1,2,2,0,1,1,0,1,2,22,6,5,2020,2.0,0,1,1,1,3,4
24999,60302,38.0,0.0,0.0,0.0,1,2016.0,1,4,2,1.0,30,2,1,1,2,2,0,1,1,0,1,2,22,6,5,2020,2.0,1,1,1,1,3,4
25000,60302,38.0,0.0,0.0,0.0,1,2018.0,1,1,1,6.0,30,2,1,1,2,2,0,1,1,0,1,2,22,6,5,2020,2.0,1,1,1,1,3,4
25186,60652,73.0,0.0,0.0,0.0,1,2002.0,1,4,3,2.0,30,1,1,2,1,3,0,1,2,0,2,2,12,5,5,2020,0.0,0,1,1,0,3,3
25232,60014,18.0,0.0,-1.0,0.0,1,2005.0,1,2,1,3.0,30,0,0,2,2,2,0,1,2,0,2,2,1,1,5,2020,0.0,1,1,1,1,2,3
25437,0,36.9,0.0,2.0,0.0,1,2015.0,1,4,2,9.0,30,1,3,1,1,2,5,1,1,-1,2,2,11,7,5,2020,2.0,0,1,1,1,3,4
25438,63122,29.0,0.0,0.0,0.0,1,2011.0,7,1,1,1.0,30,1,3,1,1,2,5,1,1,-1,2,2,11,7,5,2020,2.0,0,1,1,1,3,4
25439,63122,29.0,0.0,0.0,0.0,1,2015.0,1,4,2,9.0,30,1,3,1,1,2,5,1,1,-1,2,2,11,7,5,2020,2.0,0,1,1,1,3,4
25544,60632,36.0,-1.0,0.0,0.0,1,2020.0,1,2,3,2.0,30,1,1,1,1,3,1,1,1,0,2,3,14,7,5,2020,2.0,1,1,1,1,3,0
25545,60632,36.0,-1.0,0.0,0.0,1,2011.0,-1,2,1,-1.0,30,1,1,1,1,3,1,1,1,0,2,3,14,7,5,2020,2.0,1,1,1,1,3,0
25547,60652,48.0,0.0,0.0,0.0,1,2020.0,1,2,3,2.0,30,1,1,1,1,3,1,1,1,0,2,3,14,7,5,2020,2.0,0,1,1,1,3,4
25548,60652,48.0,0.0,0.0,0.0,1,2011.0,-1,2,1,-1.0,30,1,1,1,1,3,1,1,1,0,2,3,14,7,5,2020,2.0,0,1,1,1,3,4
25550,0,36.9,-1.0,-1.0,0.0,1,2020.0,1,2,3,2.0,30,1,1,1,1,3,1,1,1,0,2,3,14,7,5,2020,2.0,1,1,1,1,3,4
25551,0,36.9,-1.0,-1.0,0.0,1,2011.0,-1,2,1,-1.0,30,1,1,1,1,3,1,1,1,0,2,3,14,7,5,2020,2.0,1,1,1,1,3,4
25952,60637,39.0,0.0,0.0,0.0,1,2011.0,1,3,1,9.0,30,1,1,1,1,4,3,1,1,0,1,2,17,7,5,2020,0.0,1,1,1,0,2,3
26001,60613,41.0,0.0,0.0,0.0,1,2013.0,1,2,1,9.0,30,1,1,1,2,2,1,1,1,0,2,2,20,7,5,2020,0.0,1,1,1,1,2,3
26140,60644,22.0,0.0,0.0,0.0,1,2013.0,1,3,1,4.0,30,1,1,1,2,2,1,1,1,0,1,2,22,7,5,2020,0.0,0,1,1,1,3,4
26770,60620,36.9,0.0,2.0,0.0,1,2014.0,-1,1,1,1.0,20,2,1,1,1,1,1,1,1,0,4,2,12,1,5,2020,2.0,1,1,1,1,3,4
26771,60620,36.9,0.0,2.0,0.0,1,2002.0,1,2,1,6.0,20,2,1,1,1,1,1,1,1,0,4,2,12,1,5,2020,2.0,1,1,1,1,3,4
26772,60617,24.0,0.0,0.0,0.0,1,2014.0,-1,1,1,1.0,20,2,1,1,1,1,1,1,1,0,4,2,12,1,5,2020,2.0,0,1,1,1,3,4
26773,60617,24.0,0.0,0.0,0.0,1,2002.0,1,2,1,6.0,20,2,1,1,1,1,1,1,1,0,4,2,12,1,5,2020,2.0,0,1,1,1,3,4
26824,60628,28.0,0.0,0.0,0.0,1,2017.0,1,2,1,2.0,30,2,1,1,1,3,0,1,1,0,2,2,12,1,5,2020,0.0,0,1,1,0,3,4
26980,60619,36.0,0.0,-1.0,0.0,1,2010.0,1,3,1,1.0,30,1,1,1,2,2,1,1,1,0,2,2,1,7,5,2020,1.0,0,1,1,1,3,4
26981,60619,36.0,0.0,-1.0,0.0,1,2017.0,1,3,4,8.0,30,1,1,1,2,2,1,1,1,0,2,2,1,7,5,2020,1.0,0,1,1,1,3,4
26982,60624,20.0,0.0,0.0,0.0,1,2010.0,1,3,1,1.0,30,1,1,1,2,2,1,1,1,0,2,2,1,7,5,2020,1.0,0,1,1,1,3,4
26983,60624,20.0,0.0,0.0,0.0,1,2017.0,1,3,4,8.0,30,1,1,1,2,2,1,1,1,0,2,2,1,7,5,2020,1.0,0,1,1,1,3,4
27172,60651,36.0,0.0,3.0,0.0,1,2002.0,2,4,1,1.0,30,1,1,2,1,1,2,1,2,0,3,3,9,3,5,2020,1.0,0,1,1,1,3,4
27173,60651,36.0,0.0,3.0,0.0,1,2018.0,2,1,1,4.0,30,1,1,2,1,1,2,1,2,0,3,3,9,3,5,2020,1.0,0,1,1,1,3,4
27174,60651,36.0,0.0,3.0,0.0,2,2016.0,2,1,5,7.0,30,1,1,2,1,1,2,1,2,0,3,3,9,3,5,2020,1.0,0,1,1,1,3,4
27175,60651,44.0,0.0,0.0,0.0,1,2002.0,2,4,1,1.0,30,1,1,2,1,1,2,1,2,0,3,3,9,3,5,2020,1.0,0,1,1,1,3,4
27176,60651,44.0,0.0,0.0,0.0,1,2018.0,2,1,1,4.0,30,1,1,2,1,1,2,1,2,0,3,3,9,3,5,2020,1.0,0,1,1,1,3,4
27177,60651,44.0,0.0,0.0,0.0,2,2016.0,2,1,5,7.0,30,1,1,2,1,1,2,1,2,0,3,3,9,3,5,2020,1.0,0,1,1,1,3,4
27248,60651,41.0,0.0,0.0,0.0,1,2001.0,3,3,1,9.0,30,1,1,1,1,2,1,1,1,0,1,2,12,2,5,2020,0.0,1,1,1,0,3,3
27466,60620,60.0,-1.0,0.0,0.0,1,2011.0,1,1,2,1.0,30,1,1,1,1,5,1,1,1,0,1,2,16,2,5,2020,2.0,0,1,1,1,3,0
27472,60620,36.9,0.0,2.0,0.0,1,2011.0,-1,1,1,-1.0,30,2,1,1,1,1,1,1,1,0,1,2,17,2,5,2020,2.0,1,1,1,1,2,4
27473,60620,36.9,0.0,2.0,0.0,1,2019.0,1,2,1,6.0,30,2,1,1,1,1,1,1,1,0,1,2,17,2,5,2020,2.0,1,1,1,1,2,4
27474,60628,19.0,0.0,0.0,0.0,1,2011.0,-1,1,1,-1.0,30,2,1,1,1,1,1,1,1,0,1,2,17,2,5,2020,2.0,0,1,1,1,2,4
27475,60628,19.0,0.0,0.0,0.0,1,2019.0,1,2,1,6.0,30,2,1,1,1,1,1,1,1,0,1,2,17,2,5,2020,2.0,0,1,1,1,2,4
27736,60643,62.0,0.0,0.0,0.0,1,2006.0,1,1,4,1.0,30,1,1,1,1,2,1,2,1,0,1,2,17,2,4,2020,0.0,0,1,1,0,3,3
27737,60643,62.0,0.0,0.0,0.0,1,2006.0,1,1,4,1.0,30,1,1,1,1,2,1,2,1,0,1,2,17,2,4,2020,0.0,0,1,1,0,3,3
27740,60643,62.0,0.0,0.0,0.0,1,2006.0,1,1,4,1.0,30,1,1,1,1,2,1,2,1,0,1,2,17,2,4,2020,0.0,0,1,1,0,3,3
27741,60643,62.0,0.0,0.0,0.0,1,2006.0,1,1,4,1.0,30,1,1,1,1,2,1,2,1,0,1,2,17,2,4,2020,0.0,0,1,1,0,3,3
28029,0,36.9,0.0,3.0,0.0,1,2005.0,1,4,1,-1.0,30,2,1,2,1,1,1,1,2,0,1,3,9,3,5,2020,2.0,1,1,1,1,3,4
28030,0,36.9,0.0,3.0,0.0,2,2015.0,4,4,5,2.0,30,2,1,2,1,1,1,1,2,0,1,3,9,3,5,2020,2.0,1,1,1,1,3,4
28031,60619,22.0,0.0,0.0,0.0,1,2011.0,2,3,1,-1.0,30,2,1,2,1,1,1,1,2,0,1,3,9,3,5,2020,2.0,1,1,1,1,3,4
28032,60619,22.0,0.0,0.0,0.0,1,2005.0,1,4,1,-1.0,30,2,1,2,1,1,1,1,2,0,1,3,9,3,5,2020,2.0,1,1,1,1,3,4
28033,60619,22.0,0.0,0.0,0.0,2,2015.0,4,4,5,2.0,30,2,1,2,1,1,1,1,2,0,1,3,9,3,5,2020,2.0,1,1,1,1,3,4
28145,60629,66.0,0.0,0.0,0.0,1,2007.0,1,1,1,6.0,30,0,0,1,1,2,0,1,1,0,1,2,14,3,5,2020,0.0,0,1,1,0,3,3
28284,60629,26.0,0.0,1.0,0.0,1,2020.0,1,3,1,1.0,30,2,1,2,1,11,0,1,2,0,1,2,15,3,5,2020,0.0,0,0,1,1,3,3
28390,60639,51.0,0.0,0.0,0.0,1,2020.0,1,1,1,1.0,30,0,0,2,1,1,0,1,2,0,2,3,13,3,5,2020,0.0,1,1,1,1,3,4
28391,60639,51.0,0.0,0.0,0.0,1,2017.0,1,4,1,1.0,30,0,0,2,1,1,0,1,2,0,2,3,13,3,5,2020,0.0,1,1,1,1,3,4
28392,60639,51.0,0.0,0.0,0.0,2,2008.0,1,3,5,3.0,30,0,0,2,1,1,0,1,2,0,2,3,13,3,5,2020,0.0,1,1,1,1,3,4
28425,60639,38.0,0.0,-1.0,0.0,1,2018.0,1,4,1,1.0,30,1,1,1,1,1,1,1,-1,-1,1,2,16,3,5,2020,3.0,0,1,0,1,3,4
28426,60639,38.0,0.0,-1.0,0.0,1,2014.0,1,3,1,7.0,30,1,1,1,1,1,1,1,-1,-1,1,2,16,3,5,2020,3.0,0,1,0,1,3,4
28427,60639,49.0,0.0,-1.0,0.0,1,2018.0,1,4,1,1.0,30,1,1,1,1,1,1,1,-1,-1,1,2,16,3,5,2020,3.0,1,1,0,1,3,4
28428,60639,49.0,0.0,-1.0,0.0,1,2014.0,1,3,1,7.0,30,1,1,1,1,1,1,1,-1,-1,1,2,16,3,5,2020,3.0,1,1,0,1,3,4
28524,60619,36.9,0.0,-1.0,0.0,1,1996.0,-1,3,1,1.0,35,1,1,2,1,3,2,1,2,-1,1,2,14,3,5,2020,2.0,1,0,1,0,2,4
28525,60619,36.9,0.0,-1.0,0.0,1,2015.0,1,3,1,2.0,35,1,1,2,1,3,2,1,2,-1,1,2,14,3,5,2020,2.0,1,0,1,0,2,4
28526,60473,54.0,0.0,-1.0,0.0,1,1996.0,-1,3,1,1.0,35,1,1,2,1,3,2,1,2,-1,1,2,14,3,5,2020,2.0,0,0,1,0,2,4
28527,60473,54.0,0.0,-1.0,0.0,1,2015.0,1,3,1,2.0,35,1,1,2,1,3,2,1,2,-1,1,2,14,3,5,2020,2.0,0,0,1,0,2,4
28781,60646,50.0,0.0,0.0,0.0,1,2003.0,6,1,1,2.0,30,1,1,1,1,3,0,1,1,0,3,2,13,3,4,2020,0.0,1,1,1,0,2,3
28782,60646,50.0,0.0,0.0,0.0,1,2003.0,6,1,1,2.0,30,1,1,1,1,3,0,1,1,0,3,2,13,3,4,2020,0.0,1,1,1,0,2,3
28785,60646,50.0,0.0,0.0,0.0,1,2003.0,6,1,1,2.0,30,1,1,1,1,3,0,1,1,0,3,2,13,3,4,2020,0.0,1,1,1,0,2,3
28786,60646,50.0,0.0,0.0,0.0,1,2003.0,6,1,1,2.0,30,1,1,1,1,3,0,1,1,0,3,2,13,3,4,2020,0.0,1,1,1,0,2,3
28818,60609,36.9,-1.0,0.0,0.0,1,2011.0,1,4,1,-1.0,30,1,1,1,1,5,0,1,1,0,4,2,15,5,5,2020,2.0,1,1,1,1,3,0
29135,60624,36.0,0.0,5.0,0.0,1,2012.0,1,3,2,3.0,30,1,1,1,1,2,5,1,1,0,1,2,15,4,5,2020,1.0,1,1,1,1,3,4
29136,60624,36.0,0.0,5.0,0.0,1,2005.0,1,3,1,4.0,30,1,1,1,1,2,5,1,1,0,1,2,15,4,5,2020,1.0,1,1,1,1,3,4
29137,60619,58.0,0.0,0.0,0.0,1,2012.0,1,3,2,3.0,30,1,1,1,1,2,5,1,1,0,1,2,15,4,5,2020,1.0,1,1,1,1,3,4
29138,60619,58.0,0.0,0.0,0.0,1,2005.0,1,3,1,4.0,30,1,1,1,1,2,5,1,1,0,1,2,15,4,5,2020,1.0,1,1,1,1,3,4
29234,60623,36.0,0.0,0.0,0.0,1,2011.0,1,4,2,4.0,30,1,1,1,2,2,0,1,1,0,2,2,0,4,5,2020,0.0,0,1,1,0,2,3
29269,60090,20.0,0.0,0.0,0.0,1,2018.0,1,3,3,2.0,30,1,1,1,2,3,0,1,1,0,1,2,20,4,5,2020,0.0,0,1,1,1,3,3
29307,60642,46.0,0.0,0.0,0.0,1,2008.0,1,3,2,9.0,30,1,1,1,5,2,0,1,1,0,3,2,21,4,5,2020,0.0,1,1,0,0,3,3
29579,60642,38.0,0.0,-1.0,0.0,1,2014.0,1,3,1,3.0,30,0,0,1,2,1,5,1,1,0,1,2,1,7,5,2020,3.0,0,1,1,1,3,4
29580,60649,35.0,0.0,-1.0,0.0,1,2010.0,-1,5,-1,-1.0,30,0,0,1,2,1,5,1,1,0,1,2,1,7,5,2020,3.0,1,1,1,1,3,4
29581,60649,35.0,0.0,-1.0,0.0,1,2014.0,1,3,1,3.0,30,0,0,1,2,1,5,1,1,0,1,2,1,7,5,2020,3.0,1,1,1,1,3,4
29787,60608,44.0,0.0,0.0,0.0,1,2007.0,4,3,3,5.0,25,2,1,1,1,1,1,1,1,0,2,2,11,5,5,2020,0.0,0,1,1,0,3,3
30451,60620,26.0,0.0,0.0,0.0,1,2014.0,5,3,3,6.0,30,1,1,1,2,4,0,1,2,0,1,2,23,7,5,2020,0.0,0,1,1,1,1,3
30499,60409,27.0,0.0,0.0,0.0,1,2013.0,1,2,3,2.0,30,1,1,1,1,3,0,1,1,0,4,2,9,7,5,2020,0.0,1,1,1,1,1,3
30509,60628,60.0,0.0,0.0,0.0,1,2002.0,1,2,2,2.0,30,1,1,1,1,2,1,1,1,0,2,2,9,7,5,2020,0.0,0,1,1,1,3,3
30600,60660,42.0,0.0,0.0,0.0,1,2019.0,1,3,3,8.0,30,1,1,1,1,3,1,1,1,0,1,2,19,7,5,2020,0.0,0,1,1,1,2,3
30767,60628,57.0,0.0,0.0,0.0,1,2012.0,1,3,1,8.0,30,1,1,1,1,1,1,1,1,0,1,2,19,6,5,2020,0.0,0,1,1,0,3,3
30781,60617,48.0,0.0,0.0,0.0,1,2017.0,1,2,3,8.0,30,1,1,1,1,3,2,1,1,0,4,2,13,6,5,2020,0.0,0,1,1,1,3,4
30845,0,36.9,0.0,2.0,0.0,1,2011.0,1,2,4,4.0,30,1,1,1,1,5,0,1,1,0,2,2,14,6,5,2020,2.0,0,1,1,1,2,4
30847,60654,29.0,-1.0,-1.0,0.0,1,2011.0,1,2,4,4.0,30,1,1,1,1,5,0,1,1,0,2,2,14,6,5,2020,2.0,0,1,1,1,2,0
31325,60644,36.0,0.0,3.0,0.0,1,1998.0,4,2,1,6.0,30,1,1,1,2,1,1,1,2,0,1,2,0,1,5,2020,1.0,0,1,1,1,3,4
31326,60644,36.0,0.0,3.0,0.0,1,2019.0,1,1,1,1.0,30,1,1,1,2,1,1,1,2,0,1,2,0,1,5,2020,1.0,0,1,1,1,3,4
31327,60644,54.0,0.0,0.0,0.0,1,1998.0,4,2,1,6.0,30,1,1,1,2,1,1,1,2,0,1,2,0,1,5,2020,1.0,0,1,1,1,3,4
31328,60644,54.0,0.0,0.0,0.0,1,2019.0,1,1,1,1.0,30,1,1,1,2,1,1,1,2,0,1,2,0,1,5,2020,1.0,0,1,1,1,3,4
31598,60640,27.0,0.0,0.0,0.0,1,2021.0,1,3,3,2.0,30,1,1,1,1,3,2,1,1,0,3,2,13,7,5,2020,0.0,1,1,1,1,1,3
31763,60644,36.0,0.0,4.0,0.0,1,2010.0,1,1,1,1.0,30,1,1,1,1,3,2,1,1,0,1,2,15,7,5,2020,1.0,0,1,1,0,2,4
31764,60644,36.0,0.0,4.0,0.0,1,2012.0,1,1,1,7.0,30,1,1,1,1,3,2,1,1,0,1,2,15,7,5,2020,1.0,0,1,1,0,2,4
31765,60805,50.0,0.0,0.0,0.0,1,2010.0,1,1,1,1.0,30,1,1,1,1,3,2,1,1,0,1,2,15,7,5,2020,1.0,0,1,1,0,2,4
31766,60805,50.0,0.0,0.0,0.0,1,2012.0,1,1,1,7.0,30,1,1,1,1,3,2,1,1,0,1,2,15,7,5,2020,1.0,0,1,1,0,2,4
32006,60616,36.9,0.0,-1.0,0.0,1,2006.0,3,2,1,6.0,30,2,0,1,3,1,1,1,1,0,1,2,21,7,5,2020,2.0,0,1,1,1,3,4
32007,60617,42.0,0.0,0.0,0.0,1,2011.0,-1,1,1,1.0,30,2,0,1,3,1,1,1,1,0,1,2,21,7,5,2020,2.0,1,1,1,1,3,4
32008,60617,42.0,0.0,0.0,0.0,1,2006.0,3,2,1,6.0,30,2,0,1,3,1,1,1,1,0,1,2,21,7,5,2020,2.0,1,1,1,1,3,4
32103,60632,22.0,0.0,-1.0,0.0,1,2009.0,1,2,1,6.0,30,1,1,1,2,1,1,1,1,0,2,2,22,7,5,2020,3.0,0,1,0,1,3,4
32104,60632,22.0,0.0,-1.0,0.0,1,2015.0,3,1,1,1.0,30,1,1,1,2,1,1,1,1,0,2,2,22,7,5,2020,3.0,0,1,0,1,3,4
32105,60473,51.0,0.0,-1.0,0.0,1,2009.0,1,2,1,6.0,30,1,1,1,2,1,1,1,1,0,2,2,22,7,5,2020,3.0,1,1,0,1,3,4
32106,60473,51.0,0.0,-1.0,0.0,1,2015.0,3,1,1,1.0,30,1,1,1,2,1,1,1,1,0,2,2,22,7,5,2020,3.0,1,1,0,1,3,4