index,ZIPCODE,AGE,EJECTION,DRIVER_ACTION,BAC_RESULT,UNIT_TYPE,VEHICLE_YEAR,VEHICLE_TYPE,TRAVEL_DIRECTION,MANEUVER,FIRST_CONTACT_POINT,POSTED_SPEED_LIMIT,TRAFFIC_CONTROL_DEVICE,DEVICE_CONDITION,WEATHER_CONDITION,LIGHTING_CONDITION,FIRST_CRASH_TYPE,TRAFFICWAY_TYPE,ALIGNMENT,ROADWAY_SURFACE_COND,ROAD_DEFECT,STREET_DIRECTION,NUM_UNITS,CRASH_HOUR,CRASH_DAY_OF_WEEK,CRASH_MONTH,CRASH_YEAR,FATAL_DEGREE,SEX,INTERSECTION_RELATED,HIT_AND_RUN,REPORTYPE,DAMAGE_COST,FATAL_COND
32276,60656,44.0,0.0,0.0,0.0,1,1988.0,1,3,1,12.0,30,2,0,1,2,1,0,1,1,0,1,2,22,1,5,2020,0.0,1,1,1,0,2,4
32291,60617,48.0,0.0,0.0,0.0,1,2017.0,1,2,1,1.0,35,2,1,1,2,1,1,1,1,0,1,2,2,2,5,2020,0.0,1,1,1,1,3,3
32353,60629,39.0,0.0,0.0,0.0,1,2011.0,2,4,1,3.0,35,1,1,1,1,1,0,2,1,0,1,2,6,2,5,2020,3.0,1,1,1,1,3,4
32354,60629,39.0,0.0,0.0,0.0,1,2012.0,2,3,1,5.0,35,1,1,1,1,1,0,2,1,0,1,2,6,2,5,2020,3.0,1,1,1,1,3,4
32363,60629,38.0,0.0,1.0,0.0,1,2011.0,2,4,1,3.0,35,1,1,1,1,1,0,2,1,0,1,2,6,2,5,2020,3.0,1,1,1,1,3,4
32364,60629,38.0,0.0,1.0,0.0,1,2012.0,2,3,1,5.0,35,1,1,1,1,1,0,2,1,0,1,2,6,2,5,2020,3.0,1,1,1,1,3,4
32511,60153,31.0,-1.0,-1.0,0.0,1,2003.0,1,3,1,1.0,30,1,1,1,1,5,1,1,1,0,3,2,13,1,5,2020,2.0,1,1,1,1,3,0
32513,60153,36.9,0.0,1.0,0.0,1,2003.0,1,3,1,1.0,30,1,1,1,1,5,1,1,1,0,3,2,13,1,5,2020,2.0,1,1,1,1,3,4
32800,60153,36.0,0.0,2.0,0.0,1,2017.0,-1,8,2,3.0,30,1,1,2,1,2,1,1,2,0,1,2,14,1,5,2020,1.0,1,1,1,1,3,4
32801,60153,36.0,0.0,2.0,0.0,1,2006.0,-1,-1,-1,-1.0,30,1,1,2,1,2,1,1,2,0,1,2,14,1,5,2020,1.0,1,1,1,1,3,4
32802,60628,26.0,0.0,0.0,0.0,1,2017.0,-1,8,2,3.0,30,1,1,2,1,2,1,1,2,0,1,2,14,1,5,2020,1.0,1,1,1,1,3,4
32803,60628,26.0,0.0,0.0,0.0,1,2006.0,-1,-1,-1,-1.0,30,1,1,2,1,2,1,1,2,0,1,2,14,1,5,2020,1.0,1,1,1,1,3,4
32811,60415,25.0,0.0,0.0,0.0,1,2020.0,1,2,1,4.0,30,1,1,2,1,2,2,1,2,0,1,2,14,1,5,2020,0.0,1,1,1,0,2,3
33213,60616,38.0,-1.0,3.0,0.0,1,2010.0,2,1,1,1.0,30,1,1,2,1,1,1,1,2,0,2,2,18,1,5,2020,3.0,0,1,1,0,3,4
33214,60616,38.0,-1.0,3.0,0.0,1,2010.0,1,2,1,6.0,30,1,1,2,1,1,1,1,2,0,2,2,18,1,5,2020,3.0,0,1,1,0,3,4
33215,60619,56.0,0.0,0.0,0.0,1,2010.0,2,1,1,1.0,30,1,1,2,1,1,1,1,2,0,2,2,18,1,5,2020,3.0,1,1,1,0,3,4
33216,60619,56.0,0.0,0.0,0.0,1,2010.0,1,2,1,6.0,30,1,1,2,1,1,1,1,2,0,2,2,18,1,5,2020,3.0,1,1,1,0,3,4
33441,60609,67.0,0.0,-1.0,0.0,1,2005.0,2,3,1,1.0,30,2,0,1,1,3,2,2,1,0,1,2,13,7,4,2020,1.0,1,1,1,0,3,4
33442,60609,67.0,0.0,-1.0,0.0,1,2005.0,2,3,1,1.0,30,2,0,1,1,3,2,2,1,0,1,2,13,7,4,2020,1.0,1,1,1,0,3,4
33443,60609,67.0,0.0,-1.0,0.0,1,2004.0,1,3,1,2.0,30,2,0,1,1,3,2,2,1,0,1,2,13,7,4,2020,1.0,1,1,1,0,3,4
33444,60609,67.0,0.0,-1.0,0.0,1,2004.0,1,3,1,2.0,30,2,0,1,1,3,2,2,1,0,1,2,13,7,4,2020,1.0,1,1,1,0,3,4
33445,60609,36.0,0.0,-1.0,0.0,1,2005.0,2,3,1,1.0,30,2,0,1,1,3,2,2,1,0,1,2,13,7,4,2020,1.0,0,1,1,0,3,4
33446,60609,36.0,0.0,-1.0,0.0,1,2005.0,2,3,1,1.0,30,2,0,1,1,3,2,2,1,0,1,2,13,7,4,2020,1.0,0,1,1,0,3,4
33447,60609,36.0,0.0,-1.0,0.0,1,2004.0,1,3,1,2.0,30,2,0,1,1,3,2,2,1,0,1,2,13,7,4,2020,1.0,0,1,1,0,3,4
33448,60609,36.0,0.0,-1.0,0.0,1,2004.0,1,3,1,2.0,30,2,0,1,1,3,2,2,1,0,1,2,13,7,4,2020,1.0,0,1,1,0,3,4
33449,60445,20.0,0.0,0.0,0.0,1,2005.0,2,3,1,1.0,30,2,0,1,1,3,2,2,1,0,1,2,13,7,4,2020,1.0,0,1,1,0,3,4
33450,60445,20.0,0.0,0.0,0.0,1,2005.0,2,3,1,1.0,30,2,0,1,1,3,2,2,1,0,1,2,13,7,4,2020,1.0,0,1,1,0,3,4
33451,60445,20.0,0.0,0.0,0.0,1,2004.0,1,3,1,2.0,30,2,0,1,1,3,2,2,1,0,1,2,13,7,4,2020,1.0,0,1,1,0,3,4
33452,60445,20.0,0.0,0.0,0.0,1,2004.0,1,3,1,2.0,30,2,0,1,1,3,2,2,1,0,1,2,13,7,4,2020,1.0,0,1,1,0,3,4
33453,60445,20.0,0.0,0.0,0.0,1,2005.0,2,3,1,1.0,30,2,0,1,1,3,2,2,1,0,1,2,13,7,4,2020,1.0,0,1,1,0,3,4
33454,60445,20.0,0.0,0.0,0.0,1,2005.0,2,3,1,1.0,30,2,0,1,1,3,2,2,1,0,1,2,13,7,4,2020,1.0,0,1,1,0,3,4
33455,60445,20.0,0.0,0.0,0.0,1,2004.0,1,3,1,2.0,30,2,0,1,1,3,2,2,1,0,1,2,13,7,4,2020,1.0,0,1,1,0,3,4
33456,60445,20.0,0.0,0.0,0.0,1,2004.0,1,3,1,2.0,30,2,0,1,1,3,2,2,1,0,1,2,13,7,4,2020,1.0,0,1,1,0,3,4
33465,60609,36.9,0.0,3.0,0.0,1,2006.0,1,1,1,1.0,30,1,1,1,1,1,1,1,1,0,2,3,8,2,5,2020,2.0,1,1,1,1,3,4
33466,60609,36.9,0.0,3.0,0.0,1,2020.0,1,4,1,5.0,30,1,1,1,1,1,1,1,1,0,2,3,8,2,5,2020,2.0,1,1,1,1,3,4
33467,60609,36.9,0.0,3.0,0.0,2,2007.0,-1,2,5,3.0,30,1,1,1,1,1,1,1,1,0,2,3,8,2,5,2020,2.0,1,1,1,1,3,4
33468,60609,25.0,0.0,0.0,0.0,1,2006.0,1,1,1,1.0,30,1,1,1,1,1,1,1,1,0,2,3,8,2,5,2020,2.0,0,1,1,1,3,4
33469,60609,25.0,0.0,0.0,0.0,1,2020.0,1,4,1,5.0,30,1,1,1,1,1,1,1,1,0,2,3,8,2,5,2020,2.0,0,1,1,1,3,4
33470,60609,25.0,0.0,0.0,0.0,2,2007.0,-1,2,5,3.0,30,1,1,1,1,1,1,1,1,0,2,3,8,2,5,2020,2.0,0,1,1,1,3,4
33637,60629,49.0,0.0,0.0,0.0,1,2020.0,1,2,2,8.0,30,2,1,1,1,2,4,1,1,0,4,2,17,3,5,2020,0.0,1,1,1,1,2,3
33779,60632,24.0,0.0,1.0,0.0,1,2007.0,1,3,7,-1.0,30,1,1,1,1,6,1,1,1,0,1,3,17,3,5,2020,0.0,0,1,1,1,3,4
33780,60632,24.0,0.0,1.0,0.0,1,2013.0,1,1,1,2.0,30,1,1,1,1,6,1,1,1,0,1,3,17,3,5,2020,0.0,0,1,1,1,3,4
33781,60632,24.0,0.0,1.0,0.0,1,2014.0,1,4,7,1.0,30,1,1,1,1,6,1,1,1,0,1,3,17,3,5,2020,0.0,0,1,1,1,3,4
33782,60629,16.0,0.0,1.0,0.0,1,2007.0,1,3,7,-1.0,30,1,1,1,1,6,1,1,1,0,1,3,17,3,5,2020,0.0,1,1,1,1,3,4
33783,60629,16.0,0.0,1.0,0.0,1,2013.0,1,1,1,2.0,30,1,1,1,1,6,1,1,1,0,1,3,17,3,5,2020,0.0,1,1,1,1,3,4
33784,60629,16.0,0.0,1.0,0.0,1,2014.0,1,4,7,1.0,30,1,1,1,1,6,1,1,1,0,1,3,17,3,5,2020,0.0,1,1,1,1,3,4
33820,60619,36.0,0.0,5.0,0.0,1,2003.0,4,5,1,2.0,30,1,1,1,1,4,0,1,1,0,1,4,12,2,5,2020,1.0,1,1,1,1,3,4
33821,60619,36.0,0.0,5.0,0.0,1,2010.0,-1,5,1,1.0,30,1,1,1,1,4,0,1,1,0,1,4,12,2,5,2020,1.0,1,1,1,1,3,4
33822,60619,36.0,0.0,5.0,0.0,1,2012.0,1,5,1,6.0,30,1,1,1,1,4,0,1,1,0,1,4,12,2,5,2020,1.0,1,1,1,1,3,4
33824,60617,21.0,0.0,0.0,0.0,1,2003.0,4,5,1,2.0,30,1,1,1,1,4,0,1,1,0,1,4,12,2,5,2020,1.0,0,1,1,1,3,4
33825,60617,21.0,0.0,0.0,0.0,1,2010.0,-1,5,1,1.0,30,1,1,1,1,4,0,1,1,0,1,4,12,2,5,2020,1.0,0,1,1,1,3,4
33826,60617,21.0,0.0,0.0,0.0,1,2012.0,1,5,1,6.0,30,1,1,1,1,4,0,1,1,0,1,4,12,2,5,2020,1.0,0,1,1,1,3,4
33828,60617,25.0,0.0,0.0,0.0,1,2003.0,4,5,1,2.0,30,1,1,1,1,4,0,1,1,0,1,4,12,2,5,2020,1.0,1,1,1,1,3,4
33829,60617,25.0,0.0,0.0,0.0,1,2010.0,-1,5,1,1.0,30,1,1,1,1,4,0,1,1,0,1,4,12,2,5,2020,1.0,1,1,1,1,3,4
33830,60617,25.0,0.0,0.0,0.0,1,2012.0,1,5,1,6.0,30,1,1,1,1,4,0,1,1,0,1,4,12,2,5,2020,1.0,1,1,1,1,3,4
34046,0,38.0,-1.0,-1.0,0.0,1,2010.0,-1,3,1,-1.0,30,1,1,1,1,6,1,1,1,0,1,2,18,2,5,2020,3.0,1,1,1,1,3,4
34047,0,38.0,-1.0,-1.0,0.0,1,2016.0,1,1,1,1.0,30,1,1,1,1,6,1,1,1,0,1,2,18,2,5,2020,3.0,1,1,1,1,3,4
34048,60622,31.0,0.0,2.0,0.0,1,2010.0,-1,3,1,-1.0,30,1,1,1,1,6,1,1,1,0,1,2,18,2,5,2020,3.0,1,1,1,1,3,4
34049,60622,31.0,0.0,2.0,0.0,1,2016.0,1,1,1,1.0,30,1,1,1,1,6,1,1,1,0,1,2,18,2,5,2020,3.0,1,1,1,1,3,4
34295,60623,34.0,0.0,0.0,0.0,1,2000.0,1,3,1,8.0,30,1,1,1,1,1,1,1,1,0,1,2,5,4,5,2020,0.0,1,1,1,1,3,4
34438,60644,13.0,0.0,3.0,0.0,1,1998.0,3,2,1,1.0,30,1,1,1,1,1,1,1,1,0,1,2,13,4,5,2020,3.0,1,1,1,1,3,4
34439,60644,13.0,0.0,3.0,0.0,1,2017.0,2,1,1,5.0,30,1,1,1,1,1,1,1,1,0,1,2,13,4,5,2020,3.0,1,1,1,1,3,4
34440,60004,34.0,0.0,0.0,0.0,1,1998.0,3,2,1,1.0,30,1,1,1,1,1,1,1,1,0,1,2,13,4,5,2020,3.0,1,1,1,1,3,4
34441,60004,34.0,0.0,0.0,0.0,1,2017.0,2,1,1,5.0,30,1,1,1,1,1,1,1,1,0,1,2,13,4,5,2020,3.0,1,1,1,1,3,4
34702,60651,24.0,0.0,6.0,0.0,1,2018.0,1,4,1,1.0,30,1,1,1,1,6,0,1,1,0,2,4,12,3,5,2020,2.0,1,1,1,1,3,4
34703,60651,24.0,0.0,6.0,0.0,1,2019.0,1,2,3,1.0,30,1,1,1,1,6,0,1,1,0,2,4,12,3,5,2020,2.0,1,1,1,1,3,4
34704,60651,24.0,0.0,6.0,0.0,1,2007.0,1,4,6,3.0,30,1,1,1,1,6,0,1,1,0,2,4,12,3,5,2020,2.0,1,1,1,1,3,4
34705,60651,24.0,0.0,6.0,0.0,2,2014.0,1,3,5,7.0,30,1,1,1,1,6,0,1,1,0,2,4,12,3,5,2020,2.0,1,1,1,1,3,4
34706,60098,61.0,0.0,0.0,0.0,1,2018.0,1,4,1,1.0,30,1,1,1,1,6,0,1,1,0,2,4,12,3,5,2020,2.0,1,1,1,1,3,4
34707,60098,61.0,0.0,0.0,0.0,1,2019.0,1,2,3,1.0,30,1,1,1,1,6,0,1,1,0,2,4,12,3,5,2020,2.0,1,1,1,1,3,4
34708,60098,61.0,0.0,0.0,0.0,1,2007.0,1,4,6,3.0,30,1,1,1,1,6,0,1,1,0,2,4,12,3,5,2020,2.0,1,1,1,1,3,4
34709,60098,61.0,0.0,0.0,0.0,2,2014.0,1,3,5,7.0,30,1,1,1,1,6,0,1,1,0,2,4,12,3,5,2020,2.0,1,1,1,1,3,4
34710,0,36.9,0.0,6.0,0.0,1,2018.0,1,4,1,1.0,30,1,1,1,1,6,0,1,1,0,2,4,12,3,5,2020,2.0,1,1,1,1,3,4
34711,0,36.9,0.0,6.0,0.0,1,2019.0,1,2,3,1.0,30,1,1,1,1,6,0,1,1,0,2,4,12,3,5,2020,2.0,1,1,1,1,3,4
34712,0,36.9,0.0,6.0,0.0,1,2007.0,1,4,6,3.0,30,1,1,1,1,6,0,1,1,0,2,4,12,3,5,2020,2.0,1,1,1,1,3,4
34713,0,36.9,0.0,6.0,0.0,2,2014.0,1,3,5,7.0,30,1,1,1,1,6,0,1,1,0,2,4,12,3,5,2020,2.0,1,1,1,1,3,4
34795,60639,39.0,0.0,0.0,0.0,1,2019.0,1,4,3,3.0,30,1,1,1,1,2,0,1,1,0,2,2,17,3,5,2020,0.0,0,1,1,0,3,3
34925,60626,51.0,0.0,0.0,0.0,1,1999.0,4,2,2,1.0,30,1,1,1,3,2,1,1,1,0,2,2,20,3,5,2020,0.0,1,1,1,1,3,3
34926,60626,51.0,0.0,0.0,0.0,1,2010.0,1,4,1,7.0,30,1,1,1,3,2,1,1,1,0,2,2,20,3,5,2020,0.0,1,1,1,1,3,3
35070,0,36.9,0.0,3.0,0.0,1,2013.0,1,2,1,1.0,30,2,1,1,2,1,1,1,1,0,1,4,23,3,5,2020,2.0,1,1,1,1,3,4
35071,0,36.9,0.0,3.0,0.0,1,2003.0,1,3,1,6.0,30,2,1,1,2,1,1,1,1,0,1,4,23,3,5,2020,2.0,1,1,1,1,3,4
35072,0,36.9,0.0,3.0,0.0,2,2002.0,4,1,5,1.0,30,2,1,1,2,1,1,1,1,0,1,4,23,3,5,2020,2.0,1,1,1,1,3,4
35073,0,36.9,0.0,3.0,0.0,2,2017.0,1,1,5,1.0,30,2,1,1,2,1,1,1,1,0,1,4,23,3,5,2020,2.0,1,1,1,1,3,4
35074,60007,33.0,0.0,3.0,0.0,1,2013.0,1,2,1,1.0,30,2,1,1,2,1,1,1,1,0,1,4,23,3,5,2020,2.0,0,1,1,1,3,4
35075,60007,33.0,0.0,3.0,0.0,1,2003.0,1,3,1,6.0,30,2,1,1,2,1,1,1,1,0,1,4,23,3,5,2020,2.0,0,1,1,1,3,4
35076,60007,33.0,0.0,3.0,0.0,2,2002.0,4,1,5,1.0,30,2,1,1,2,1,1,1,1,0,1,4,23,3,5,2020,2.0,0,1,1,1,3,4
35077,60007,33.0,0.0,3.0,0.0,2,2017.0,1,1,5,1.0,30,2,1,1,2,1,1,1,1,0,1,4,23,3,5,2020,2.0,0,1,1,1,3,4
35151,0,36.0,0.0,3.0,0.0,1,2007.0,1,4,1,3.0,35,1,1,1,1,2,1,1,1,0,2,2,18,4,5,2020,1.0,1,1,1,1,3,4
35152,0,36.0,0.0,3.0,0.0,1,2004.0,1,1,2,4.0,35,1,1,1,1,2,1,1,1,0,2,2,18,4,5,2020,1.0,1,1,1,1,3,4
35153,60620,30.0,0.0,-1.0,0.0,1,2007.0,1,4,1,3.0,35,1,1,1,1,2,1,1,1,0,2,2,18,4,5,2020,1.0,0,1,1,1,3,4
35154,60620,30.0,0.0,-1.0,0.0,1,2004.0,1,1,2,4.0,35,1,1,1,1,2,1,1,1,0,2,2,18,4,5,2020,1.0,0,1,1,1,3,4
35529,60609,25.0,0.0,3.0,0.0,1,1988.0,1,4,1,10.0,30,2,1,1,1,1,1,1,1,0,1,2,7,4,5,2020,0.0,0,1,0,1,3,3
35530,60609,25.0,0.0,3.0,0.0,1,2001.0,1,3,1,1.0,30,2,1,1,1,1,1,1,1,0,1,2,7,4,5,2020,0.0,0,1,0,1,3,3
35531,60608,28.0,0.0,0.0,0.0,1,1988.0,1,4,1,10.0,30,2,1,1,1,1,1,1,1,0,1,2,7,4,5,2020,0.0,1,1,0,1,3,3
35532,60608,28.0,0.0,0.0,0.0,1,2001.0,1,3,1,1.0,30,2,1,1,1,1,1,1,1,0,1,2,7,4,5,2020,0.0,1,1,0,1,3,3
36449,60630,36.0,-1.0,5.0,0.0,1,2010.0,-1,3,12,-1.0,30,1,1,1,2,2,1,1,1,0,1,2,22,2,5,2020,1.0,0,1,1,1,3,4
36450,60630,36.0,-1.0,5.0,0.0,1,2013.0,1,3,1,4.0,30,1,1,1,2,2,1,1,1,0,1,2,22,2,5,2020,1.0,0,1,1,1,3,4
36451,60651,48.0,0.0,0.0,0.0,1,2010.0,-1,3,12,-1.0,30,1,1,1,2,2,1,1,1,0,1,2,22,2,5,2020,1.0,1,1,1,1,3,4
36452,60651,48.0,0.0,0.0,0.0,1,2013.0,1,3,1,4.0,30,1,1,1,2,2,1,1,1,0,1,2,22,2,5,2020,1.0,1,1,1,1,3,4
36490,60618,36.0,0.0,2.0,0.0,1,2014.0,1,4,1,4.0,30,1,1,1,1,1,6,1,1,-1,2,6,13,6,5,2020,1.0,1,1,1,1,3,4
36491,60618,36.0,0.0,2.0,0.0,1,2004.0,1,1,1,1.0,30,1,1,1,1,1,6,1,1,-1,2,6,13,6,5,2020,1.0,1,1,1,1,3,4
36492,60618,36.0,0.0,2.0,0.0,1,2010.0,4,6,2,1.0,30,1,1,1,1,1,6,1,1,-1,2,6,13,6,5,2020,1.0,1,1,1,1,3,4
36493,60618,36.0,0.0,2.0,0.0,1,2010.0,1,4,1,5.0,30,1,1,1,1,1,6,1,1,-1,2,6,13,6,5,2020,1.0,1,1,1,1,3,4
36494,60618,36.0,0.0,2.0,0.0,1,2010.0,1,2,1,5.0,30,1,1,1,1,1,6,1,1,-1,2,6,13,6,5,2020,1.0,1,1,1,1,3,4
36495,60618,36.0,0.0,2.0,0.0,1,2016.0,4,2,1,3.0,30,1,1,1,1,1,6,1,1,-1,2,6,13,6,5,2020,1.0,1,1,1,1,3,4
36496,60505,31.0,0.0,0.0,0.0,1,2014.0,1,4,1,4.0,30,1,1,1,1,1,6,1,1,-1,2,6,13,6,5,2020,1.0,1,1,1,1,3,4
36497,60505,31.0,0.0,0.0,0.0,1,2004.0,1,1,1,1.0,30,1,1,1,1,1,6,1,1,-1,2,6,13,6,5,2020,1.0,1,1,1,1,3,4
36498,60505,31.0,0.0,0.0,0.0,1,2010.0,4,6,2,1.0,30,1,1,1,1,1,6,1,1,-1,2,6,13,6,5,2020,1.0,1,1,1,1,3,4
36499,60505,31.0,0.0,0.0,0.0,1,2010.0,1,4,1,5.0,30,1,1,1,1,1,6,1,1,-1,2,6,13,6,5,2020,1.0,1,1,1,1,3,4
36500,60505,31.0,0.0,0.0,0.0,1,2010.0,1,2,1,5.0,30,1,1,1,1,1,6,1,1,-1,2,6,13,6,5,2020,1.0,1,1,1,1,3,4
36501,60505,31.0,0.0,0.0,0.0,1,2016.0,4,2,1,3.0,30,1,1,1,1,1,6,1,1,-1,2,6,13,6,5,2020,1.0,1,1,1,1,3,4
36502,60104,40.0,0.0,0.0,0.0,1,2014.0,1,4,1,4.0,30,1,1,1,1,1,6,1,1,-1,2,6,13,6,5,2020,1.0,1,1,1,1,3,4
36503,60104,40.0,0.0,0.0,0.0,1,2004.0,1,1,1,1.0,30,1,1,1,1,1,6,1,1,-1,2,6,13,6,5,2020,1.0,1,1,1,1,3,4
36504,60104,40.0,0.0,0.0,0.0,1,2010.0,4,6,2,1.0,30,1,1,1,1,1,6,1,1,-1,2,6,13,6,5,2020,1.0,1,1,1,1,3,4
36505,60104,40.0,0.0,0.0,0.0,1,2010.0,1,4,1,5.0,30,1,1,1,1,1,6,1,1,-1,2,6,13,6,5,2020,1.0,1,1,1,1,3,4
36506,60104,40.0,0.0,0.0,0.0,1,2010.0,1,2,1,5.0,30,1,1,1,1,1,6,1,1,-1,2,6,13,6,5,2020,1.0,1,1,1,1,3,4
36507,60104,40.0,0.0,0.0,0.0,1,2016.0,4,2,1,3.0,30,1,1,1,1,1,6,1,1,-1,2,6,13,6,5,2020,1.0,1,1,1,1,3,4
36508,60618,36.0,0.0,0.0,0.0,1,2014.0,1,4,1,4.0,30,1,1,1,1,1,6,1,1,-1,2,6,13,6,5,2020,1.0,1,1,1,1,3,4
36509,60618,36.0,0.0,0.0,0.0,1,2004.0,1,1,1,1.0,30,1,1,1,1,1,6,1,1,-1,2,6,13,6,5,2020,1.0,1,1,1,1,3,4
36510,60618,36.0,0.0,0.0,0.0,1,2010.0,4,6,2,1.0,30,1,1,1,1,1,6,1,1,-1,2,6,13,6,5,2020,1.0,1,1,1,1,3,4
36511,60618,36.0,0.0,0.0,0.0,1,2010.0,1,4,1,5.0,30,1,1,1,1,1,6,1,1,-1,2,6,13,6,5,2020,1.0,1,1,1,1,3,4
36512,60618,36.0,0.0,0.0,0.0,1,2010.0,1,2,1,5.0,30,1,1,1,1,1,6,1,1,-1,2,6,13,6,5,2020,1.0,1,1,1,1,3,4
36513,60618,36.0,0.0,0.0,0.0,1,2016.0,4,2,1,3.0,30,1,1,1,1,1,6,1,1,-1,2,6,13,6,5,2020,1.0,1,1,1,1,3,4
36514,60634,59.0,0.0,0.0,0.0,1,2014.0,1,4,1,4.0,30,1,1,1,1,1,6,1,1,-1,2,6,13,6,5,2020,1.0,1,1,1,1,3,4
36515,60634,59.0,0.0,0.0,0.0,1,2004.0,1,1,1,1.0,30,1,1,1,1,1,6,1,1,-1,2,6,13,6,5,2020,1.0,1,1,1,1,3,4
36516,60634,59.0,0.0,0.0,0.0,1,2010.0,4,6,2,1.0,30,1,1,1,1,1,6,1,1,-1,2,6,13,6,5,2020,1.0,1,1,1,1,3,4
36517,60634,59.0,0.0,0.0,0.0,1,2010.0,1,4,1,5.0,30,1,1,1,1,1,6,1,1,-1,2,6,13,6,5,2020,1.0,1,1,1,1,3,4
36518,60634,59.0,0.0,0.0,0.0,1,2010.0,1,2,1,5.0,30,1,1,1,1,1,6,1,1,-1,2,6,13,6,5,2020,1.0,1,1,1,1,3,4
36519,60634,59.0,0.0,0.0,0.0,1,2016.0,4,2,1,3.0,30,1,1,1,1,1,6,1,1,-1,2,6,13,6,5,2020,1.0,1,1,1,1,3,4
36520,60137,49.0,-1.0,0.0,0.0,1,2014.0,1,4,1,4.0,30,1,1,1,1,1,6,1,1,-1,2,6,13,6,5,2020,1.0,1,1,1,1,3,4
36521,60137,49.0,-1.0,0.0,0.0,1,2004.0,1,1,1,1.0,30,1,1,1,1,1,6,1,1,-1,2,6,13,6,5,2020,1.0,1,1,1,1,3,4
36522,60137,49.0,-1.0,0.0,0.0,1,2010.0,4,6,2,1.0,30,1,1,1,1,1,6,1,1,-1,2,6,13,6,5,2020,1.0,1,1,1,1,3,4
36523,60137,49.0,-1.0,0.0,0.0,1,2010.0,1,4,1,5.0,30,1,1,1,1,1,6,1,1,-1,2,6,13,6,5,2020,1.0,1,1,1,1,3,4
36524,60137,49.0,-1.0,0.0,0.0,1,2010.0,1,2,1,5.0,30,1,1,1,1,1,6,1,1,-1,2,6,13,6,5,2020,1.0,1,1,1,1,3,4
36525,60137,49.0,-1.0,0.0,0.0,1,2016.0,4,2,1,3.0,30,1,1,1,1,1,6,1,1,-1,2,6,13,6,5,2020,1.0,1,1,1,1,3,4
36727,60618,36.0,0.0,1.0,0.0,1,2013.0,1,1,1,1.0,30,2,0,1,1,6,0,1,2,0,1,2,15,5,5,2020,1.0,1,1,0,1,3,4
36728,60618,36.0,0.0,1.0,0.0,1,2007.0,1,3,1,4.0,30,2,0,1,1,6,0,1,2,0,1,2,15,5,5,2020,1.0,1,1,0,1,3,4
36729,60419,27.0,0.0,0.0,0.0,1,2013.0,1,1,1,1.0,30,2,0,1,1,6,0,1,2,0,1,2,15,5,5,2020,1.0,1,1,0,1,3,4
36730,60419,27.0,0.0,0.0,0.0,1,2007.0,1,3,1,4.0,30,2,0,1,1,6,0,1,2,0,1,2,15,5,5,2020,1.0,1,1,0,1,3,4
37179,60616,22.0,0.0,0.0,0.0,1,2010.0,1,4,1,5.0,30,1,1,1,4,1,1,1,1,0,1,2,0,7,5,2020,0.0,1,1,1,1,3,3
37180,60616,22.0,0.0,0.0,0.0,1,2016.0,1,1,1,1.0,30,1,1,1,4,1,1,1,1,0,1,2,0,7,5,2020,0.0,1,1,1,1,3,3
37247,60616,38.0,0.0,3.0,0.0,1,2001.0,-1,4,1,1.0,30,1,1,1,1,2,2,1,1,0,2,2,12,7,5,2020,3.0,1,1,1,1,3,4
37251,60616,48.0,0.0,0.0,0.0,1,2001.0,-1,4,1,1.0,30,1,1,1,1,2,2,1,1,0,2,2,12,7,5,2020,3.0,0,1,1,1,3,4
37252,60616,48.0,0.0,0.0,0.0,1,2008.0,3,6,2,3.0,30,1,1,1,1,2,2,1,1,0,2,2,12,7,5,2020,3.0,0,1,1,1,3,4
37551,60647,22.0,0.0,0.0,0.0,1,2020.0,3,1,1,6.0,30,1,1,1,1,1,1,1,2,0,3,2,11,6,5,2020,0.0,1,1,1,1,2,3
37678,60620,30.0,0.0,0.0,0.0,1,2010.0,1,3,1,-1.0,30,2,1,1,1,9,1,1,1,0,1,2,14,6,5,2020,1.0,1,1,1,1,1,2
37811,60101,33.0,0.0,0.0,0.0,1,2017.0,1,2,1,11.0,30,2,1,1,1,2,0,1,1,0,2,2,16,6,5,2020,0.0,1,1,1,1,3,3
37836,60625,50.0,0.0,0.0,0.0,1,2020.0,1,4,1,7.0,30,1,1,1,1,4,1,1,1,0,2,2,17,6,5,2020,0.0,1,1,1,1,2,3
37865,60445,19.0,-1.0,3.0,0.0,1,2007.0,6,3,1,6.0,30,1,1,1,1,1,1,1,1,0,1,2,15,6,5,2020,3.0,1,1,1,1,3,4
37866,60445,19.0,-1.0,3.0,0.0,1,2017.0,1,2,1,1.0,30,1,1,1,1,1,1,1,1,0,1,2,15,6,5,2020,3.0,1,1,1,1,3,4
37867,60617,18.0,0.0,0.0,0.0,1,2007.0,6,3,1,6.0,30,1,1,1,1,1,1,1,1,0,1,2,15,6,5,2020,3.0,1,1,1,1,3,4