index,ZIPCODE,AGE,EJECTION,DRIVER_ACTION,BAC_RESULT,UNIT_TYPE,VEHICLE_YEAR,VEHICLE_TYPE,TRAVEL_DIRECTION,MANEUVER,FIRST_CONTACT_POINT,POSTED_SPEED_LIMIT,TRAFFIC_CONTROL_DEVICE,DEVICE_CONDITION,WEATHER_CONDITION,LIGHTING_CONDITION,FIRST_CRASH_TYPE,TRAFFICWAY_TYPE,ALIGNMENT,ROADWAY_SURFACE_COND,ROAD_DEFECT,STREET_DIRECTION,NUM_UNITS,CRASH_HOUR,CRASH_DAY_OF_WEEK,CRASH_MONTH,CRASH_YEAR,FATAL_DEGREE,SEX,INTERSECTION_RELATED,HIT_AND_RUN,REPORTYPE,DAMAGE_COST,FATAL_COND
43838,60615,22.0,0.0,1.0,0.0,1,2020.0,1,2,1,1.0,30,2,-1,1,1,1,2,1,1,0,1,2,13,5,5,2020,1.0,0,1,1,1,3,4
43839,60615,22.0,0.0,1.0,0.0,1,2016.0,1,3,1,-1.0,30,2,-1,1,1,1,2,1,1,0,1,2,13,5,5,2020,1.0,0,1,1,1,3,4
43840,60621,21.0,0.0,0.0,0.0,1,2020.0,1,2,1,1.0,30,2,-1,1,1,1,2,1,1,0,1,2,13,5,5,2020,1.0,1,1,1,1,3,4
43841,60621,21.0,0.0,0.0,0.0,1,2016.0,1,3,1,-1.0,30,2,-1,1,1,1,2,1,1,0,1,2,13,5,5,2020,1.0,1,1,1,1,3,4
44089,60827,30.0,0.0,5.0,0.0,1,2013.0,1,3,-1,3.0,25,1,1,1,1,5,1,1,1,0,3,2,17,5,5,2020,1.0,1,1,1,1,1,4
44091,60657,37.0,-1.0,12.0,0.0,1,2013.0,1,3,-1,3.0,25,1,1,1,1,5,1,1,1,0,3,2,17,5,5,2020,1.0,0,1,1,1,1,0
44265,60619,72.0,0.0,0.0,0.0,1,2013.0,3,4,1,2.0,30,1,1,1,1,3,0,1,1,0,4,2,12,5,5,2020,0.0,1,1,1,0,2,3
44380,60619,36.9,0.0,-1.0,0.0,1,2011.0,1,1,-1,3.0,30,1,1,1,1,5,0,1,1,0,2,2,3,2,6,2020,2.0,1,1,1,0,3,4
44382,60473,49.0,-1.0,0.0,0.0,1,2011.0,1,1,-1,3.0,30,1,1,1,1,5,0,1,1,0,2,2,3,2,6,2020,2.0,1,1,1,0,3,0
44396,60478,61.0,0.0,0.0,0.0,1,2015.0,1,1,1,9.0,35,0,0,1,1,6,0,1,1,0,2,2,20,2,6,2020,0.0,1,1,1,0,3,3
44440,60612,55.0,0.0,0.0,0.0,1,2011.0,1,-1,7,9.0,30,1,1,1,1,1,0,1,1,0,1,2,12,4,6,2020,0.0,0,1,1,0,3,3
44508,60202,36.0,0.0,0.0,0.0,1,2009.0,1,2,1,1.0,30,2,1,1,1,3,2,1,1,0,2,2,11,6,6,2020,0.0,0,1,1,1,1,3
44509,60202,36.0,0.0,0.0,0.0,1,2011.0,1,2,3,7.0,30,2,1,1,1,3,2,1,1,0,2,2,11,6,6,2020,0.0,0,1,1,1,1,3
44518,60612,19.0,0.0,0.0,0.0,1,2008.0,1,2,1,1.0,30,2,2,1,1,9,1,1,1,-1,3,2,14,6,6,2020,2.0,1,1,1,1,1,2
44522,60612,36.9,0.0,-1.0,0.0,1,2008.0,1,2,1,1.0,30,2,2,1,1,9,1,1,1,-1,3,2,14,6,6,2020,2.0,1,1,1,1,1,4
44535,60609,49.0,0.0,0.0,0.0,1,2014.0,1,1,1,3.0,35,2,1,1,1,1,0,1,1,0,1,2,19,6,5,2020,0.0,0,1,1,0,3,3
44566,60644,36.9,-1.0,10.0,0.0,1,2014.0,1,3,1,6.0,25,2,1,1,5,1,3,1,1,0,1,2,5,7,6,2020,2.0,0,1,1,1,3,4
44567,60649,36.0,0.0,0.0,0.0,1,2011.0,-1,2,1,1.0,25,2,1,1,5,1,3,1,1,0,1,2,5,7,6,2020,2.0,1,1,1,1,3,4
44568,60649,36.0,0.0,0.0,0.0,1,2014.0,1,3,1,6.0,25,2,1,1,5,1,3,1,1,0,1,2,5,7,6,2020,2.0,1,1,1,1,3,4
44673,60617,29.0,0.0,1.0,0.0,1,2012.0,1,2,2,4.0,30,1,1,1,2,2,1,3,1,0,4,2,22,6,6,2020,0.0,1,1,1,0,3,3
44731,60605,45.0,0.0,0.0,0.0,1,2012.0,1,1,1,1.0,30,1,1,1,1,1,0,1,1,0,2,2,14,1,5,2020,0.0,1,1,1,0,3,3
44948,60605,54.0,0.0,6.0,0.0,1,2009.0,1,3,1,1.0,30,0,0,1,1,1,0,1,1,0,3,2,12,6,5,2020,0.0,1,1,0,0,3,3
44949,60605,54.0,0.0,6.0,0.0,1,2010.0,2,6,16,5.0,30,0,0,1,1,1,0,1,1,0,3,2,12,6,5,2020,0.0,1,1,0,0,3,3
44950,60651,56.0,0.0,2.0,0.0,1,2009.0,1,3,1,1.0,30,0,0,1,1,1,0,1,1,0,3,2,12,6,5,2020,0.0,1,1,0,0,3,3
44951,60651,56.0,0.0,2.0,0.0,1,2010.0,2,6,16,5.0,30,0,0,1,1,1,0,1,1,0,3,2,12,6,5,2020,0.0,1,1,0,0,3,3
45118,60609,36.9,0.0,1.0,0.0,1,2018.0,2,2,7,-1.0,30,2,1,1,1,1,1,1,1,0,2,2,16,6,5,2020,2.0,0,1,1,1,3,4
45119,60609,36.9,0.0,1.0,0.0,1,2016.0,1,1,1,9.0,30,2,1,1,1,1,1,1,1,0,2,2,16,6,5,2020,2.0,0,1,1,1,3,4
45120,60629,28.0,0.0,1.0,0.0,1,2018.0,2,2,7,-1.0,30,2,1,1,1,1,1,1,1,0,2,2,16,6,5,2020,2.0,1,1,1,1,3,4
45121,60629,28.0,0.0,1.0,0.0,1,2016.0,1,1,1,9.0,30,2,1,1,1,1,1,1,1,0,2,2,16,6,5,2020,2.0,1,1,1,1,3,4
45219,60622,35.0,0.0,0.0,0.0,1,2013.0,2,2,1,2.0,30,1,1,1,1,3,0,1,1,0,2,2,15,6,5,2020,0.0,1,0,1,0,2,3
45256,60639,27.0,0.0,0.0,0.0,1,2012.0,1,4,3,11.0,30,2,1,1,1,1,1,1,1,0,2,2,16,6,5,2020,0.0,1,1,1,0,3,3
45368,60438,26.0,0.0,0.0,0.0,1,2010.0,1,5,1,1.0,30,2,0,1,4,2,10,1,1,0,1,2,19,6,5,2020,0.0,1,1,1,1,3,3
45369,60438,26.0,0.0,0.0,0.0,1,2000.0,1,3,2,5.0,30,2,0,1,4,2,10,1,1,0,1,2,19,6,5,2020,0.0,1,1,1,1,3,3
45692,60643,27.0,0.0,0.0,0.0,1,2000.0,3,2,1,1.0,30,1,1,2,1,3,1,1,2,0,2,4,15,5,6,2020,0.0,0,1,1,0,3,3
45694,60643,27.0,0.0,0.0,0.0,1,2005.0,1,2,1,2.0,30,1,1,2,1,3,1,1,2,0,2,4,15,5,6,2020,0.0,0,1,1,0,3,3
45695,60643,27.0,0.0,0.0,0.0,1,2018.0,1,2,1,2.0,30,1,1,2,1,3,1,1,2,0,2,4,15,5,6,2020,0.0,0,1,1,0,3,3
45697,60643,27.0,0.0,0.0,0.0,1,2005.0,1,2,1,2.0,30,1,1,2,1,3,1,1,2,0,2,4,15,5,6,2020,0.0,0,1,1,0,3,3
45698,60643,27.0,0.0,0.0,0.0,1,2018.0,1,2,1,2.0,30,1,1,2,1,3,1,1,2,0,2,4,15,5,6,2020,0.0,0,1,1,0,3,3
45724,60643,27.0,0.0,0.0,0.0,1,2000.0,3,2,1,1.0,30,1,1,2,1,3,1,1,2,0,2,4,15,5,6,2020,0.0,0,1,1,0,3,3
45726,60643,27.0,0.0,0.0,0.0,1,2005.0,1,2,1,2.0,30,1,1,2,1,3,1,1,2,0,2,4,15,5,6,2020,0.0,0,1,1,0,3,3
45727,60643,27.0,0.0,0.0,0.0,1,2018.0,1,2,1,2.0,30,1,1,2,1,3,1,1,2,0,2,4,15,5,6,2020,0.0,0,1,1,0,3,3
45729,60643,27.0,0.0,0.0,0.0,1,2005.0,1,2,1,2.0,30,1,1,2,1,3,1,1,2,0,2,4,15,5,6,2020,0.0,0,1,1,0,3,3
45730,60643,27.0,0.0,0.0,0.0,1,2018.0,1,2,1,2.0,30,1,1,2,1,3,1,1,2,0,2,4,15,5,6,2020,0.0,0,1,1,0,3,3
45899,60641,31.0,0.0,0.0,0.0,1,2005.0,2,3,3,2.0,30,1,1,1,1,3,0,1,1,0,1,3,6,1,6,2020,0.0,0,1,1,0,2,4
45917,60641,38.0,0.0,3.0,0.0,1,2019.0,1,2,1,4.0,30,1,1,1,2,1,5,1,1,0,2,2,21,1,6,2020,3.0,1,1,1,1,3,4
45918,60641,38.0,0.0,3.0,0.0,1,2019.0,1,1,1,12.0,30,1,1,1,2,1,5,1,1,0,2,2,21,1,6,2020,3.0,1,1,1,1,3,4
45919,60559,31.0,0.0,0.0,0.0,1,2019.0,1,2,1,4.0,30,1,1,1,2,1,5,1,1,0,2,2,21,1,6,2020,3.0,0,1,1,1,3,4
45920,60559,31.0,0.0,0.0,0.0,1,2019.0,1,1,1,12.0,30,1,1,1,2,1,5,1,1,0,2,2,21,1,6,2020,3.0,0,1,1,1,3,4
45935,60641,36.9,0.0,3.0,0.0,1,2011.0,1,2,1,4.0,30,1,1,1,2,1,1,1,1,0,1,2,1,2,6,2020,2.0,0,1,1,0,3,4
45936,60641,36.9,0.0,3.0,0.0,1,2016.0,1,1,1,5.0,30,1,1,1,2,1,1,1,1,0,1,2,1,2,6,2020,2.0,0,1,1,0,3,4
45937,60615,47.0,0.0,0.0,0.0,1,2011.0,1,2,1,4.0,30,1,1,1,2,1,1,1,1,0,1,2,1,2,6,2020,2.0,1,1,1,0,3,4
45938,60615,47.0,0.0,0.0,0.0,1,2016.0,1,1,1,5.0,30,1,1,1,2,1,1,1,1,0,1,2,1,2,6,2020,2.0,1,1,1,0,3,4
46016,60804,21.0,0.0,0.0,0.0,1,2011.0,1,1,1,1.0,30,1,1,1,1,3,0,1,1,0,1,2,11,7,5,2020,0.0,1,1,1,1,2,3
46017,60804,21.0,0.0,0.0,0.0,1,2007.0,1,1,1,2.0,30,1,1,1,1,3,0,1,1,0,1,2,11,7,5,2020,0.0,1,1,1,1,2,3
46178,60101,31.0,0.0,0.0,0.0,1,2006.0,6,2,1,2.0,35,1,1,1,3,3,2,1,1,0,2,2,0,7,5,2020,0.0,1,1,1,0,3,3
46370,60629,28.0,0.0,0.0,0.0,1,2018.0,1,1,3,3.0,30,1,1,1,1,7,5,1,2,0,1,2,17,7,5,2020,0.0,1,1,1,1,3,3
46416,60625,23.0,0.0,0.0,0.0,1,2020.0,1,4,1,1.0,30,2,1,1,1,1,0,1,1,0,2,2,18,7,5,2020,0.0,1,1,1,1,3,3
46728,60644,68.0,0.0,0.0,0.0,1,2015.0,1,2,3,3.0,30,1,1,2,1,4,3,1,2,0,2,2,16,7,5,2020,0.0,1,1,1,0,3,3
46853,60616,39.0,0.0,0.0,0.0,1,2011.0,1,2,1,1.0,35,1,1,1,1,3,1,1,1,0,2,2,16,6,6,2020,0.0,0,0,1,1,2,3
46854,60616,39.0,0.0,0.0,0.0,1,2017.0,1,2,3,2.0,35,1,1,1,1,3,1,1,1,0,2,2,16,6,6,2020,0.0,0,0,1,1,2,3
47009,60429,21.0,0.0,2.0,0.0,1,2009.0,1,1,2,3.0,30,1,1,1,2,2,12,1,1,-1,1,2,1,2,6,2020,1.0,0,1,0,1,3,4
47010,60429,21.0,0.0,2.0,0.0,1,2014.0,1,1,1,4.0,30,1,1,1,2,2,12,1,1,-1,1,2,1,2,6,2020,1.0,0,1,0,1,3,4
47011,60617,22.0,0.0,-1.0,0.0,1,2009.0,1,1,2,3.0,30,1,1,1,2,2,12,1,1,-1,1,2,1,2,6,2020,1.0,1,1,0,1,3,4
47012,60617,22.0,0.0,-1.0,0.0,1,2014.0,1,1,1,4.0,30,1,1,1,2,2,12,1,1,-1,1,2,1,2,6,2020,1.0,1,1,0,1,3,4
47058,60629,26.0,0.0,0.0,0.0,1,2003.0,1,1,1,12.0,25,2,1,1,1,12,0,1,1,0,1,2,11,1,5,2020,0.0,1,1,1,0,3,3
47084,60625,24.0,0.0,0.0,0.0,1,2000.0,1,2,9,2.0,25,1,1,1,1,3,0,1,1,0,2,2,13,1,5,2020,0.0,1,1,1,0,2,3
47142,60623,25.0,0.0,8.0,-1.0,1,2019.0,1,3,6,4.0,30,1,1,1,1,5,2,2,1,0,1,2,14,1,5,2020,3.0,1,1,0,1,3,4
47144,60153,62.0,-1.0,0.0,0.0,1,2019.0,1,3,6,4.0,30,1,1,1,1,5,2,2,1,0,1,2,14,1,5,2020,3.0,1,1,0,1,3,0
47220,60623,32.0,0.0,0.0,0.0,1,2015.0,1,2,1,1.0,30,1,1,1,1,2,5,1,1,0,1,2,17,1,5,2020,0.0,0,1,1,1,2,3
47221,60623,32.0,0.0,0.0,0.0,1,2018.0,1,8,2,1.0,30,1,1,1,1,2,5,1,1,0,1,2,17,1,5,2020,0.0,0,1,1,1,2,3
47227,60302,33.0,0.0,0.0,0.0,1,2013.0,1,4,1,-1.0,30,1,1,1,1,4,0,1,1,0,1,2,11,1,5,2020,0.0,1,1,1,0,3,3
47500,60641,18.0,0.0,0.0,0.0,1,2005.0,1,4,1,1.0,30,2,1,1,2,3,0,1,1,0,2,2,21,1,5,2020,0.0,0,1,1,0,3,3
47501,60641,18.0,0.0,0.0,0.0,1,2002.0,2,4,3,8.0,30,2,1,1,2,3,0,1,1,0,2,2,21,1,5,2020,0.0,0,1,1,0,3,3
47520,60641,38.0,1.0,-1.0,0.0,1,2003.0,2,-1,-1,-1.0,30,1,-1,1,1,9,0,1,1,-1,2,2,18,1,5,2020,3.0,0,1,1,0,3,4
47522,60622,35.0,1.0,0.0,0.0,1,2003.0,2,-1,-1,-1.0,30,1,-1,1,1,9,0,1,1,-1,2,2,18,1,5,2020,3.0,1,1,1,0,3,2
47533,60620,46.0,0.0,0.0,0.0,1,2006.0,3,1,1,1.0,30,1,1,1,1,3,3,1,1,0,1,2,16,1,5,2020,0.0,1,1,1,0,3,3
47534,60620,46.0,0.0,0.0,0.0,1,2016.0,3,1,1,1.0,30,1,1,1,1,3,3,1,1,0,1,2,16,1,5,2020,0.0,1,1,1,0,3,3
47535,60620,46.0,0.0,0.0,0.0,1,2002.0,2,1,3,7.0,30,1,1,1,1,3,3,1,1,0,1,2,16,1,5,2020,0.0,1,1,1,0,3,3
47536,60620,46.0,0.0,0.0,0.0,1,2002.0,2,1,3,7.0,30,1,1,1,1,3,3,1,1,0,1,2,16,1,5,2020,0.0,1,1,1,0,3,3
47537,60620,46.0,0.0,0.0,0.0,1,2006.0,3,1,1,1.0,30,1,1,1,1,3,3,1,1,0,1,2,16,1,5,2020,0.0,1,1,1,0,3,3
47538,60620,46.0,0.0,0.0,0.0,1,2016.0,3,1,1,1.0,30,1,1,1,1,3,3,1,1,0,1,2,16,1,5,2020,0.0,1,1,1,0,3,3
47539,60620,46.0,0.0,0.0,0.0,1,2002.0,2,1,3,7.0,30,1,1,1,1,3,3,1,1,0,1,2,16,1,5,2020,0.0,1,1,1,0,3,3
47540,60620,46.0,0.0,0.0,0.0,1,2002.0,2,1,3,7.0,30,1,1,1,1,3,3,1,1,0,1,2,16,1,5,2020,0.0,1,1,1,0,3,3
47630,60620,70.0,0.0,0.0,0.0,1,2005.0,1,4,3,5.0,30,1,1,1,1,2,2,1,1,0,1,3,17,6,6,2020,0.0,1,1,1,0,2,3
47631,60620,70.0,0.0,0.0,0.0,1,2001.0,1,3,1,3.0,30,1,1,1,1,2,2,1,1,0,1,3,17,6,6,2020,0.0,1,1,1,0,2,3
47633,60620,73.0,0.0,0.0,0.0,1,2005.0,1,4,3,5.0,30,1,1,1,1,2,2,1,1,0,1,3,17,6,6,2020,0.0,0,1,1,0,2,3
47634,60620,73.0,0.0,0.0,0.0,1,2001.0,1,3,1,3.0,30,1,1,1,1,2,2,1,1,0,1,3,17,6,6,2020,0.0,0,1,1,0,2,3
47641,60628,33.0,0.0,0.0,0.0,1,1974.0,1,4,1,4.0,30,0,0,1,1,6,6,1,1,0,2,2,14,1,6,2020,0.0,1,1,0,1,2,4
47642,60628,33.0,0.0,0.0,0.0,1,2006.0,1,2,1,3.0,30,0,0,1,1,6,6,1,1,0,2,2,14,1,6,2020,0.0,1,1,0,1,2,4
47643,60628,26.0,0.0,4.0,0.0,1,1974.0,1,4,1,4.0,30,0,0,1,1,6,6,1,1,0,2,2,14,1,6,2020,0.0,1,1,0,1,2,4
47644,60628,26.0,0.0,4.0,0.0,1,2006.0,1,2,1,3.0,30,0,0,1,1,6,6,1,1,0,2,2,14,1,6,2020,0.0,1,1,0,1,2,4
47965,60453,39.0,0.0,0.0,0.0,1,2016.0,3,6,1,6.0,30,1,1,1,1,1,0,1,1,0,1,2,8,2,5,2020,0.0,1,1,1,1,3,4
48278,60453,36.9,0.0,3.0,0.0,1,2016.0,2,1,1,1.0,30,1,1,1,1,2,4,1,1,0,1,2,20,2,5,2020,2.0,1,1,1,1,3,4
48279,60453,36.9,0.0,3.0,0.0,1,2004.0,1,4,2,5.0,30,1,1,1,1,2,4,1,1,0,1,2,20,2,5,2020,2.0,1,1,1,1,3,4
48280,60543,56.0,0.0,0.0,0.0,1,2016.0,2,1,1,1.0,30,1,1,1,1,2,4,1,1,0,1,2,20,2,5,2020,2.0,0,1,1,1,3,4
48281,60543,56.0,0.0,0.0,0.0,1,2004.0,1,4,2,5.0,30,1,1,1,1,2,4,1,1,0,1,2,20,2,5,2020,2.0,0,1,1,1,3,4
48344,60453,38.0,0.0,3.0,0.0,1,2010.0,2,4,2,1.0,30,1,1,1,2,5,0,1,1,0,1,2,22,2,5,2020,3.0,0,1,1,1,3,4
48346,60608,29.0,-1.0,0.0,0.0,1,2010.0,2,4,2,1.0,30,1,1,1,2,5,0,1,1,0,1,2,22,2,5,2020,3.0,0,1,1,1,3,0
48375,60653,19.0,0.0,0.0,0.0,1,2003.0,1,3,1,1.0,30,1,1,1,2,1,1,1,1,0,4,2,22,2,5,2020,2.0,1,1,1,0,3,4
48376,60653,19.0,0.0,0.0,0.0,1,2007.0,1,4,1,6.0,30,1,1,1,2,1,1,1,1,0,4,2,22,2,5,2020,2.0,1,1,1,0,3,4
48377,60653,19.0,0.0,0.0,0.0,1,2003.0,1,3,1,1.0,30,1,1,1,2,1,1,1,1,0,4,2,22,2,5,2020,2.0,1,1,1,0,3,4
48378,60653,19.0,0.0,0.0,0.0,1,2007.0,1,4,1,6.0,30,1,1,1,2,1,1,1,1,0,4,2,22,2,5,2020,2.0,1,1,1,0,3,4
48379,60453,36.9,0.0,3.0,0.0,1,2003.0,1,3,1,1.0,30,1,1,1,2,1,1,1,1,0,4,2,22,2,5,2020,2.0,1,1,1,0,3,4
48380,60453,36.9,0.0,3.0,0.0,1,2007.0,1,4,1,6.0,30,1,1,1,2,1,1,1,1,0,4,2,22,2,5,2020,2.0,1,1,1,0,3,4
48381,60453,36.9,0.0,3.0,0.0,1,2003.0,1,3,1,1.0,30,1,1,1,2,1,1,1,1,0,4,2,22,2,5,2020,2.0,1,1,1,0,3,4
48382,60453,36.9,0.0,3.0,0.0,1,2007.0,1,4,1,6.0,30,1,1,1,2,1,1,1,1,0,4,2,22,2,5,2020,2.0,1,1,1,0,3,4
48383,60653,19.0,0.0,0.0,0.0,1,2003.0,1,3,1,1.0,30,1,1,1,2,1,1,1,1,0,4,2,22,2,5,2020,2.0,1,1,1,0,3,4
48384,60653,19.0,0.0,0.0,0.0,1,2007.0,1,4,1,6.0,30,1,1,1,2,1,1,1,1,0,4,2,22,2,5,2020,2.0,1,1,1,0,3,4
48385,60653,19.0,0.0,0.0,0.0,1,2003.0,1,3,1,1.0,30,1,1,1,2,1,1,1,1,0,4,2,22,2,5,2020,2.0,1,1,1,0,3,4
48386,60653,19.0,0.0,0.0,0.0,1,2007.0,1,4,1,6.0,30,1,1,1,2,1,1,1,1,0,4,2,22,2,5,2020,2.0,1,1,1,0,3,4
48387,60453,36.9,0.0,3.0,0.0,1,2003.0,1,3,1,1.0,30,1,1,1,2,1,1,1,1,0,4,2,22,2,5,2020,2.0,1,1,1,0,3,4
48388,60453,36.9,0.0,3.0,0.0,1,2007.0,1,4,1,6.0,30,1,1,1,2,1,1,1,1,0,4,2,22,2,5,2020,2.0,1,1,1,0,3,4
48389,60453,36.9,0.0,3.0,0.0,1,2003.0,1,3,1,1.0,30,1,1,1,2,1,1,1,1,0,4,2,22,2,5,2020,2.0,1,1,1,0,3,4
48390,60453,36.9,0.0,3.0,0.0,1,2007.0,1,4,1,6.0,30,1,1,1,2,1,1,1,1,0,4,2,22,2,5,2020,2.0,1,1,1,0,3,4
48616,60620,46.0,0.0,0.0,0.0,1,2001.0,1,4,2,6.0,35,1,1,1,1,2,4,1,1,0,1,2,10,7,6,2020,0.0,0,1,1,0,3,3
48640,46307,32.0,0.0,0.0,0.0,1,2000.0,1,3,1,3.0,30,2,1,1,2,1,1,1,1,0,2,2,22,7,6,2020,0.0,0,1,1,1,3,4
48702,0,36.0,0.0,2.0,0.0,1,2019.0,2,3,1,-1.0,15,0,0,1,2,1,1,1,2,0,2,2,0,4,6,2020,1.0,1,1,1,1,3,4
48703,0,36.0,0.0,2.0,0.0,1,2010.0,1,4,16,4.0,15,0,0,1,2,1,1,1,2,0,2,2,0,4,6,2020,1.0,1,1,1,1,3,4
48704,48197,21.0,0.0,0.0,0.0,1,2019.0,2,3,1,-1.0,15,0,0,1,2,1,1,1,2,0,2,2,0,4,6,2020,1.0,1,1,1,1,3,4
48705,48197,21.0,0.0,0.0,0.0,1,2010.0,1,4,16,4.0,15,0,0,1,2,1,1,1,2,0,2,2,0,4,6,2020,1.0,1,1,1,1,3,4
48715,0,38.0,-1.0,3.0,0.0,1,2010.0,-1,3,1,3.0,25,1,1,1,1,5,0,1,1,0,1,2,13,2,5,2020,3.0,1,1,1,0,3,4
48717,0,38.0,-1.0,3.0,0.0,1,2010.0,-1,3,1,3.0,25,1,1,1,1,5,0,1,1,0,1,2,13,2,5,2020,3.0,1,1,1,0,3,4
48723,0,38.0,-1.0,3.0,0.0,1,2010.0,-1,3,1,3.0,25,1,1,1,1,5,0,1,1,0,1,2,13,2,5,2020,3.0,1,1,1,0,3,4
48725,0,38.0,-1.0,3.0,0.0,1,2010.0,-1,3,1,3.0,25,1,1,1,1,5,0,1,1,0,1,2,13,2,5,2020,3.0,1,1,1,0,3,4
49123,60620,63.0,0.0,8.0,0.0,1,2005.0,3,3,8,11.0,30,1,1,3,1,4,3,1,1,0,1,2,15,3,5,2020,0.0,1,1,0,0,2,3
49124,60620,63.0,0.0,8.0,0.0,1,2016.0,1,3,1,9.0,30,1,1,3,1,4,3,1,1,0,1,2,15,3,5,2020,0.0,1,1,0,0,2,3
49125,60619,60.0,0.0,0.0,0.0,1,2005.0,3,3,8,11.0,30,1,1,3,1,4,3,1,1,0,1,2,15,3,5,2020,0.0,1,1,0,0,2,3
49126,60619,60.0,0.0,0.0,0.0,1,2016.0,1,3,1,9.0,30,1,1,3,1,4,3,1,1,0,1,2,15,3,5,2020,0.0,1,1,0,0,2,3
49294,60647,30.0,0.0,0.0,0.0,1,2016.0,1,2,3,7.0,30,1,1,1,1,3,0,1,1,0,2,2,15,3,5,2020,0.0,0,1,1,0,1,3
49482,60628,30.0,0.0,0.0,0.0,1,2016.0,1,1,1,2.0,30,1,1,1,2,3,0,1,1,0,1,2,20,3,5,2020,0.0,0,1,1,0,3,3
49609,60619,30.0,0.0,3.0,0.0,1,2010.0,1,2,1,1.0,30,1,1,1,1,1,8,1,1,0,1,2,8,1,5,2020,3.0,1,1,0,1,3,4
49610,60619,30.0,0.0,3.0,0.0,1,2018.0,1,3,1,5.0,30,1,1,1,1,1,8,1,1,0,1,2,8,1,5,2020,3.0,1,1,0,1,3,4
49611,60619,38.0,0.0,0.0,0.0,1,2010.0,1,2,1,1.0,30,1,1,1,1,1,8,1,1,0,1,2,8,1,5,2020,3.0,0,1,0,1,3,4
49612,60619,38.0,0.0,0.0,0.0,1,2018.0,1,3,1,5.0,30,1,1,1,1,1,8,1,1,0,1,2,8,1,5,2020,3.0,0,1,0,1,3,4
49947,60619,38.0,0.0,-1.0,0.0,1,2000.0,6,2,-1,-1.0,25,1,1,1,1,4,2,1,1,0,2,2,12,4,5,2020,3.0,0,1,1,1,2,4
49948,60653,59.0,-1.0,-1.0,0.0,1,2010.0,1,2,-1,-1.0,25,1,1,1,1,4,2,1,1,0,2,2,12,4,5,2020,3.0,1,1,1,1,2,4
49949,60653,59.0,-1.0,-1.0,0.0,1,2000.0,6,2,-1,-1.0,25,1,1,1,1,4,2,1,1,0,2,2,12,4,5,2020,3.0,1,1,1,1,2,4
49981,60653,36.0,0.0,-1.0,0.0,1,2015.0,1,3,3,2.0,30,1,1,1,1,3,0,2,1,0,3,2,14,4,5,2020,1.0,1,1,1,1,3,4
49982,60618,24.0,0.0,0.0,0.0,1,2010.0,1,3,-1,1.0,30,1,1,1,1,3,0,2,1,0,3,2,14,4,5,2020,1.0,0,1,1,1,3,4
49983,60618,24.0,0.0,0.0,0.0,1,2015.0,1,3,3,2.0,30,1,1,1,1,3,0,2,1,0,3,2,14,4,5,2020,1.0,0,1,1,1,3,4
50047,60638,38.0,1.0,0.0,0.0,1,2011.0,3,3,4,4.0,30,0,0,1,1,9,0,1,1,0,1,2,14,4,5,2020,2.0,0,1,1,1,3,2
50224,60641,32.0,0.0,0.0,0.0,1,2020.0,1,2,1,2.0,30,1,1,1,1,3,0,1,1,0,2,2,18,4,5,2020,0.0,1,1,1,0,2,3
50438,60641,36.9,0.0,3.0,0.0,1,2018.0,1,1,1,3.0,30,1,1,1,2,1,1,1,1,0,2,2,23,4,5,2020,2.0,0,1,1,1,3,4
50439,60624,33.0,0.0,0.0,0.0,1,2011.0,1,2,1,1.0,30,1,1,1,2,1,1,1,1,0,2,2,23,4,5,2020,2.0,1,1,1,1,3,4
50440,60624,33.0,0.0,0.0,0.0,1,2018.0,1,1,1,3.0,30,1,1,1,2,1,1,1,1,0,2,2,23,4,5,2020,2.0,1,1,1,1,3,4
50442,75149,30.0,0.0,0.0,0.0,1,2019.0,1,1,4,6.0,30,1,1,1,2,2,6,1,1,0,2,2,23,4,5,2020,0.0,1,1,1,1,2,3
50483,60634,60.0,0.0,0.0,0.0,1,2019.0,1,3,3,2.0,35,2,1,1,2,3,2,1,1,0,1,2,23,4,5,2020,0.0,1,0,1,1,3,3
50709,60644,41.0,0.0,0.0,0.0,1,2009.0,1,2,1,4.0,30,1,1,1,1,4,0,1,1,0,2,2,11,6,6,2020,0.0,1,1,1,0,3,3
50814,60619,66.0,0.0,0.0,0.0,1,2012.0,1,2,3,2.0,30,1,1,3,1,3,2,1,1,0,1,2,12,5,5,2020,0.0,1,1,1,0,2,3
50934,60619,25.0,0.0,-1.0,0.0,1,2010.0,1,2,-1,-1.0,20,2,1,1,1,8,1,1,1,0,2,3,15,5,5,2020,3.0,1,1,1,1,3,4
50935,60619,25.0,0.0,-1.0,0.0,2,2010.0,1,2,5,2.0,20,2,1,1,1,8,1,1,1,0,2,3,15,5,5,2020,3.0,1,1,1,1,3,4