index,ZIPCODE,AGE,EJECTION,DRIVER_ACTION,BAC_RESULT,UNIT_TYPE,VEHICLE_YEAR,VEHICLE_TYPE,TRAVEL_DIRECTION,MANEUVER,FIRST_CONTACT_POINT,POSTED_SPEED_LIMIT,TRAFFIC_CONTROL_DEVICE,DEVICE_CONDITION,WEATHER_CONDITION,LIGHTING_CONDITION,FIRST_CRASH_TYPE,TRAFFICWAY_TYPE,ALIGNMENT,ROADWAY_SURFACE_COND,ROAD_DEFECT,STREET_DIRECTION,NUM_UNITS,CRASH_HOUR,CRASH_DAY_OF_WEEK,CRASH_MONTH,CRASH_YEAR,FATAL_DEGREE,SEX,INTERSECTION_RELATED,HIT_AND_RUN,REPORTYPE,DAMAGE_COST,FATAL_COND
50936,60619,25.0,0.0,-1.0,0.0,1,2010.0,1,2,1,7.0,20,2,1,1,1,8,1,1,1,0,2,3,15,5,5,2020,3.0,1,1,1,1,3,4
50995,60466,36.0,0.0,0.0,0.0,1,2006.0,-1,3,1,1.0,25,2,1,1,1,1,0,1,1,0,2,2,16,5,5,2020,0.0,1,1,1,1,3,4
50996,60466,36.0,0.0,0.0,0.0,1,2014.0,1,2,1,7.0,25,2,1,1,1,1,0,1,1,0,2,2,16,5,5,2020,0.0,1,1,1,1,3,4
51046,60651,38.0,-1.0,-1.0,0.0,1,2007.0,2,1,3,2.0,30,1,1,1,1,3,1,1,1,0,1,2,17,5,5,2020,3.0,1,1,1,1,3,4
51047,60651,38.0,-1.0,-1.0,0.0,1,2013.0,1,1,1,1.0,30,1,1,1,1,3,1,1,1,0,1,2,17,5,5,2020,3.0,1,1,1,1,3,4
51048,60632,44.0,0.0,0.0,0.0,1,2007.0,2,1,3,2.0,30,1,1,1,1,3,1,1,1,0,1,2,17,5,5,2020,3.0,0,1,1,1,3,4
51049,60632,44.0,0.0,0.0,0.0,1,2013.0,1,1,1,1.0,30,1,1,1,1,3,1,1,1,0,1,2,17,5,5,2020,3.0,0,1,1,1,3,4
51122,60632,36.9,0.0,3.0,0.0,1,2011.0,4,4,1,1.0,30,1,1,1,1,1,1,1,1,0,2,2,17,5,5,2020,2.0,1,1,1,1,3,4
51123,60632,36.9,0.0,3.0,0.0,1,2013.0,1,3,1,9.0,30,1,1,1,1,1,1,1,1,0,2,2,17,5,5,2020,2.0,1,1,1,1,3,4
51124,60641,30.0,0.0,0.0,0.0,1,2011.0,4,4,1,1.0,30,1,1,1,1,1,1,1,1,0,2,2,17,5,5,2020,2.0,0,1,1,1,3,4
51125,60641,30.0,0.0,0.0,0.0,1,2013.0,1,3,1,9.0,30,1,1,1,1,1,1,1,1,0,2,2,17,5,5,2020,2.0,0,1,1,1,3,4
51315,60618,57.0,0.0,0.0,0.0,1,2005.0,1,1,1,11.0,30,2,1,1,2,1,0,1,1,0,3,2,20,5,5,2020,0.0,1,1,1,0,3,3
51392,46410,23.0,0.0,0.0,0.0,1,2011.0,1,4,1,1.0,30,0,0,1,1,2,2,1,1,0,2,2,19,5,5,2020,1.0,0,1,1,0,3,4
51393,46410,23.0,0.0,0.0,0.0,1,2010.0,1,2,2,5.0,30,0,0,1,1,2,2,1,1,0,2,2,19,5,5,2020,1.0,0,1,1,0,3,4
51394,0,36.0,0.0,2.0,0.0,1,2011.0,1,4,1,1.0,30,0,0,1,1,2,2,1,1,0,2,2,19,5,5,2020,1.0,1,1,1,0,3,4
51395,0,36.0,0.0,2.0,0.0,1,2010.0,1,2,2,5.0,30,0,0,1,1,2,2,1,1,0,2,2,19,5,5,2020,1.0,1,1,1,0,3,4
51970,60099,35.0,0.0,0.0,0.0,1,2011.0,1,1,6,-1.0,30,3,1,1,1,9,5,3,1,-1,1,2,18,6,5,2020,2.0,1,1,1,1,3,2
52078,60644,40.0,-1.0,0.0,0.0,1,2010.0,-1,4,1,4.0,30,0,0,1,3,5,2,1,1,0,2,2,21,6,5,2020,3.0,1,1,1,1,1,0
52241,60099,35.0,0.0,0.0,0.0,1,2011.0,1,1,6,-1.0,30,3,1,1,1,9,5,3,1,-1,1,2,18,6,5,2020,2.0,1,1,1,0,3,2
52661,0,36.0,0.0,-1.0,0.0,1,2004.0,-1,3,-1,1.0,30,1,-1,-1,-1,3,6,1,-1,-1,1,2,19,7,5,2020,1.0,0,1,1,0,3,4
52662,0,36.0,0.0,-1.0,0.0,1,2017.0,-1,3,9,2.0,30,1,-1,-1,-1,3,6,1,-1,-1,1,2,19,7,5,2020,1.0,0,1,1,0,3,4
52663,60652,27.0,0.0,-1.0,0.0,1,2004.0,-1,3,-1,1.0,30,1,-1,-1,-1,3,6,1,-1,-1,1,2,19,7,5,2020,1.0,1,1,1,0,3,4
52664,60652,27.0,0.0,-1.0,0.0,1,2017.0,-1,3,9,2.0,30,1,-1,-1,-1,3,6,1,-1,-1,1,2,19,7,5,2020,1.0,1,1,1,0,3,4
52671,0,36.9,0.0,3.0,0.0,1,2011.0,-1,4,1,4.0,30,1,1,1,1,1,1,1,1,0,1,2,19,7,5,2020,2.0,0,1,1,1,3,4
52672,0,36.9,0.0,3.0,0.0,1,2014.0,4,3,1,1.0,30,1,1,1,1,1,1,1,1,0,1,2,19,7,5,2020,2.0,0,1,1,1,3,4
52673,60619,60.0,0.0,0.0,0.0,1,2011.0,-1,4,1,4.0,30,1,1,1,1,1,1,1,1,0,1,2,19,7,5,2020,2.0,1,1,1,1,3,4
52674,60619,60.0,0.0,0.0,0.0,1,2014.0,4,3,1,1.0,30,1,1,1,1,1,1,1,1,0,1,2,19,7,5,2020,2.0,1,1,1,1,3,4
52761,60202,52.0,-1.0,-1.0,0.0,1,2011.0,1,6,4,4.0,30,0,0,1,4,5,0,1,1,0,3,2,23,7,5,2020,2.0,1,1,1,1,3,0
52811,0,36.0,0.0,2.0,0.0,1,2010.0,-1,2,1,9.0,30,1,1,1,2,9,1,1,1,0,2,2,22,7,5,2020,1.0,0,1,1,0,3,4
52813,60619,39.0,0.0,0.0,0.0,1,2010.0,-1,2,1,9.0,30,1,1,1,2,9,1,1,1,0,2,2,22,7,5,2020,1.0,1,1,1,0,3,2
52969,60629,36.0,0.0,-1.0,0.0,1,2010.0,1,1,1,1.0,30,1,1,1,1,3,2,1,1,0,1,2,13,2,6,2020,1.0,1,1,1,0,2,4
52970,60629,36.0,0.0,-1.0,0.0,1,2000.0,3,1,3,2.0,30,1,1,1,1,3,2,1,1,0,1,2,13,2,6,2020,1.0,1,1,1,0,2,4
52971,60411,56.0,0.0,0.0,0.0,1,2010.0,1,1,1,1.0,30,1,1,1,1,3,2,1,1,0,1,2,13,2,6,2020,1.0,1,1,1,0,2,4
52972,60411,56.0,0.0,0.0,0.0,1,2000.0,3,1,3,2.0,30,1,1,1,1,3,2,1,1,0,1,2,13,2,6,2020,1.0,1,1,1,0,2,4
53090,60639,26.0,0.0,0.0,0.0,1,2013.0,1,1,1,1.0,30,2,1,1,2,1,1,1,1,0,1,2,0,1,5,2020,0.0,0,1,1,0,3,3
53106,60623,16.0,0.0,2.0,0.0,1,2006.0,1,3,14,11.0,30,1,1,1,1,5,2,1,1,0,3,2,12,1,5,2020,1.0,0,1,1,0,3,4
53108,60616,49.0,-1.0,12.0,0.0,1,2006.0,1,3,14,11.0,30,1,1,1,1,5,2,1,1,0,3,2,12,1,5,2020,1.0,1,1,1,0,3,0
53139,60647,27.0,0.0,0.0,0.0,1,2018.0,1,2,1,9.0,30,1,1,1,1,2,0,1,1,0,2,2,14,1,5,2020,0.0,0,1,1,0,3,3
53173,60647,36.0,-1.0,-1.0,0.0,1,2015.0,4,3,1,1.0,30,1,1,1,1,6,0,1,1,0,3,2,16,1,5,2020,1.0,1,1,1,0,3,4
53174,60639,24.0,0.0,0.0,0.0,1,2010.0,1,1,11,-1.0,30,1,1,1,1,6,0,1,1,0,3,2,16,1,5,2020,1.0,0,1,1,0,3,4
53175,60639,24.0,0.0,0.0,0.0,1,2015.0,4,3,1,1.0,30,1,1,1,1,6,0,1,1,0,3,2,16,1,5,2020,1.0,0,1,1,0,3,4
53183,60644,47.0,-1.0,0.0,0.0,1,2011.0,-1,2,1,-1.0,30,1,1,1,1,5,1,1,1,0,2,2,16,1,5,2020,2.0,1,1,1,0,3,0
53185,60644,36.9,0.0,3.0,0.0,1,2011.0,-1,2,1,-1.0,30,1,1,1,1,5,1,1,1,0,2,2,16,1,5,2020,2.0,1,1,1,0,3,4
53239,60644,36.0,-1.0,6.0,0.0,1,2010.0,1,3,1,-1.0,30,2,1,1,1,1,2,1,1,0,2,2,17,1,5,2020,1.0,0,1,1,0,3,4
53240,60644,36.0,-1.0,6.0,0.0,1,2018.0,1,2,9,6.0,30,2,1,1,1,1,2,1,1,0,2,2,17,1,5,2020,1.0,0,1,1,0,3,4
53241,60637,68.0,0.0,0.0,0.0,1,2010.0,1,3,1,-1.0,30,2,1,1,1,1,2,1,1,0,2,2,17,1,5,2020,1.0,1,1,1,0,3,4
53242,60637,68.0,0.0,0.0,0.0,1,2018.0,1,2,9,6.0,30,2,1,1,1,1,2,1,1,0,2,2,17,1,5,2020,1.0,1,1,1,0,3,4
53340,60637,38.0,-1.0,3.0,0.0,1,2002.0,1,1,1,1.0,30,1,1,1,4,2,1,1,1,-1,3,2,19,1,5,2020,3.0,1,1,1,1,3,4
53341,60637,38.0,-1.0,3.0,0.0,1,2018.0,1,4,4,12.0,30,1,1,1,4,2,1,1,1,-1,3,2,19,1,5,2020,3.0,1,1,1,1,3,4
53342,62704,65.0,1.0,-1.0,-1.0,1,2002.0,1,1,1,1.0,30,1,1,1,4,2,1,1,1,-1,3,2,19,1,5,2020,3.0,1,1,1,1,3,4
53343,62704,65.0,1.0,-1.0,-1.0,1,2018.0,1,4,4,12.0,30,1,1,1,4,2,1,1,1,-1,3,2,19,1,5,2020,3.0,1,1,1,1,3,4
53362,60827,29.0,0.0,0.0,0.0,1,2012.0,1,2,1,1.0,30,1,1,1,1,1,1,1,1,0,1,2,20,1,5,2020,0.0,0,1,1,1,3,4
53363,60827,29.0,0.0,0.0,0.0,1,2013.0,1,1,1,-1.0,30,1,1,1,1,1,1,1,1,0,1,2,20,1,5,2020,0.0,0,1,1,1,3,4
53547,60453,32.0,0.0,0.0,0.0,1,2018.0,1,4,3,2.0,30,2,1,1,1,3,0,1,1,0,2,2,18,1,5,2020,0.0,1,1,1,0,3,3
53556,60153,24.0,0.0,0.0,0.0,1,2006.0,2,2,3,1.0,25,2,0,1,1,3,3,1,1,0,2,2,14,1,5,2020,0.0,0,1,1,0,2,3
53557,60153,24.0,0.0,0.0,0.0,1,2014.0,1,2,3,2.0,25,2,0,1,1,3,3,1,1,0,2,2,14,1,5,2020,0.0,0,1,1,0,2,3
53608,60453,36.9,0.0,3.0,0.0,1,2011.0,4,4,1,1.0,25,2,-1,-1,1,1,1,1,-1,-1,1,2,15,1,5,2020,2.0,0,1,1,0,3,4
53609,60453,36.9,0.0,3.0,0.0,1,2012.0,1,1,1,9.0,25,2,-1,-1,1,1,1,1,-1,-1,1,2,15,1,5,2020,2.0,0,1,1,0,3,4
53610,60617,76.0,0.0,0.0,0.0,1,2011.0,4,4,1,1.0,25,2,-1,-1,1,1,1,1,-1,-1,1,2,15,1,5,2020,2.0,0,1,1,0,3,4
53611,60617,76.0,0.0,0.0,0.0,1,2012.0,1,1,1,9.0,25,2,-1,-1,1,1,1,1,-1,-1,1,2,15,1,5,2020,2.0,0,1,1,0,3,4
53702,61081,54.0,0.0,0.0,0.0,1,2004.0,1,2,1,6.0,30,2,1,1,1,4,0,1,1,0,2,2,17,1,5,2020,0.0,0,1,1,0,3,3
53707,60612,39.0,0.0,0.0,0.0,1,2017.0,2,1,1,3.0,30,1,1,1,1,2,1,1,1,0,1,2,17,1,5,2020,0.0,1,1,1,0,2,3
53923,60621,35.0,0.0,6.0,0.0,1,2010.0,1,-1,-1,-1.0,30,0,0,1,1,6,3,1,1,0,2,2,15,1,5,2020,3.0,1,1,1,1,3,4
53924,60621,35.0,0.0,6.0,0.0,1,2004.0,1,-1,-1,-1.0,30,0,0,1,1,6,3,1,1,0,2,2,15,1,5,2020,3.0,1,1,1,1,3,4
53925,60649,26.0,-1.0,-1.0,0.0,1,2010.0,1,-1,-1,-1.0,30,0,0,1,1,6,3,1,1,0,2,2,15,1,5,2020,3.0,0,1,1,1,3,4
53926,60649,26.0,-1.0,-1.0,0.0,1,2004.0,1,-1,-1,-1.0,30,0,0,1,1,6,3,1,1,0,2,2,15,1,5,2020,3.0,0,1,1,1,3,4
53973,60649,38.0,-1.0,3.0,0.0,1,2000.0,-1,2,1,3.0,30,1,1,1,1,1,0,1,1,0,1,2,15,1,5,2020,3.0,0,1,1,0,3,4
53974,60649,38.0,-1.0,3.0,0.0,1,2004.0,1,3,1,4.0,30,1,1,1,1,1,0,1,1,0,1,2,15,1,5,2020,3.0,0,1,1,0,3,4
53975,60636,64.0,3.0,0.0,0.0,1,2000.0,-1,2,1,3.0,30,1,1,1,1,1,0,1,1,0,1,2,15,1,5,2020,3.0,0,1,1,0,3,4
53976,60636,64.0,3.0,0.0,0.0,1,2004.0,1,3,1,4.0,30,1,1,1,1,1,0,1,1,0,1,2,15,1,5,2020,3.0,0,1,1,0,3,4
54154,60115,25.0,0.0,3.0,0.0,1,2001.0,1,2,1,1.0,30,2,1,1,1,1,1,1,1,3,3,3,16,2,6,2020,3.0,0,1,1,1,3,4
54155,60115,25.0,0.0,3.0,0.0,1,2019.0,1,1,1,3.0,30,2,1,1,1,1,1,1,1,3,3,3,16,2,6,2020,3.0,0,1,1,1,3,4
54156,60115,25.0,0.0,3.0,0.0,1,2011.0,11,4,3,1.0,30,2,1,1,1,1,1,1,1,3,3,3,16,2,6,2020,3.0,0,1,1,1,3,4
54157,60647,57.0,0.0,0.0,0.0,1,2001.0,1,2,1,1.0,30,2,1,1,1,1,1,1,1,3,3,3,16,2,6,2020,3.0,1,1,1,1,3,4
54158,60647,57.0,0.0,0.0,0.0,1,2019.0,1,1,1,3.0,30,2,1,1,1,1,1,1,1,3,3,3,16,2,6,2020,3.0,1,1,1,1,3,4
54159,60647,57.0,0.0,0.0,0.0,1,2011.0,11,4,3,1.0,30,2,1,1,1,1,1,1,1,3,3,3,16,2,6,2020,3.0,1,1,1,1,3,4
54160,60647,52.0,1.0,0.0,0.0,1,2001.0,1,2,1,1.0,30,2,1,1,1,1,1,1,1,3,3,3,16,2,6,2020,3.0,1,1,1,1,3,4
54161,60647,52.0,1.0,0.0,0.0,1,2019.0,1,1,1,3.0,30,2,1,1,1,1,1,1,1,3,3,3,16,2,6,2020,3.0,1,1,1,1,3,4
54162,60647,52.0,1.0,0.0,0.0,1,2011.0,11,4,3,1.0,30,2,1,1,1,1,1,1,1,3,3,3,16,2,6,2020,3.0,1,1,1,1,3,4
54213,60637,30.0,0.0,6.0,0.0,1,2013.0,1,2,1,4.0,30,0,0,1,1,1,11,1,1,0,2,2,19,2,6,2020,2.0,1,1,0,1,3,4
54214,60637,30.0,0.0,6.0,0.0,1,2013.0,1,1,1,3.0,30,0,0,1,1,1,11,1,1,0,2,2,19,2,6,2020,2.0,1,1,0,1,3,4
54215,60628,29.0,0.0,0.0,0.0,1,2013.0,1,2,1,4.0,30,0,0,1,1,1,11,1,1,0,2,2,19,2,6,2020,2.0,1,1,0,1,3,4
54216,60628,29.0,0.0,0.0,0.0,1,2013.0,1,1,1,3.0,30,0,0,1,1,1,11,1,1,0,2,2,19,2,6,2020,2.0,1,1,0,1,3,4
54226,46312,41.0,0.0,0.0,0.0,1,2019.0,1,4,1,7.0,30,0,0,1,2,3,0,1,1,-1,4,2,21,2,6,2020,0.0,0,1,1,0,3,3
54275,60621,36.9,0.0,-1.0,0.0,1,2020.0,1,1,1,1.0,30,0,0,1,4,1,0,1,1,0,2,2,23,2,6,2020,2.0,1,1,1,1,3,4
54276,60621,36.9,0.0,-1.0,0.0,1,2017.0,1,2,1,10.0,30,0,0,1,4,1,0,1,1,0,2,2,23,2,6,2020,2.0,1,1,1,1,3,4
54277,60076,51.0,0.0,0.0,0.0,1,2020.0,1,1,1,1.0,30,0,0,1,4,1,0,1,1,0,2,2,23,2,6,2020,2.0,1,1,1,1,3,4
54278,60076,51.0,0.0,0.0,0.0,1,2017.0,1,2,1,10.0,30,0,0,1,4,1,0,1,1,0,2,2,23,2,6,2020,2.0,1,1,1,1,3,4
54294,60621,36.0,0.0,-1.0,0.0,1,2012.0,7,3,1,1.0,30,1,1,1,2,1,5,1,1,0,1,2,3,2,6,2020,1.0,0,1,0,1,3,4
54295,60621,36.0,0.0,-1.0,0.0,1,2010.0,1,2,1,5.0,30,1,1,1,2,1,5,1,1,0,1,2,3,2,6,2020,1.0,0,1,0,1,3,4
54296,60804,44.0,0.0,0.0,0.0,1,2012.0,7,3,1,1.0,30,1,1,1,2,1,5,1,1,0,1,2,3,2,6,2020,1.0,0,1,0,1,3,4
54297,60804,44.0,0.0,0.0,0.0,1,2010.0,1,2,1,5.0,30,1,1,1,2,1,5,1,1,0,1,2,3,2,6,2020,1.0,0,1,0,1,3,4
54503,0,36.0,0.0,14.0,0.0,1,2012.0,1,4,1,1.0,30,2,1,1,1,1,2,1,1,0,2,2,18,4,6,2020,1.0,0,1,1,0,3,4
54504,0,36.0,0.0,14.0,0.0,1,2016.0,1,3,1,7.0,30,2,1,1,1,1,2,1,1,0,2,2,18,4,6,2020,1.0,0,1,1,0,3,4
54505,60620,23.0,0.0,0.0,0.0,1,2012.0,1,4,1,1.0,30,2,1,1,1,1,2,1,1,0,2,2,18,4,6,2020,1.0,1,1,1,0,3,4
54506,60620,23.0,0.0,0.0,0.0,1,2016.0,1,3,1,7.0,30,2,1,1,1,1,2,1,1,0,2,2,18,4,6,2020,1.0,1,1,1,0,3,4
54533,60622,35.0,0.0,1.0,0.0,1,2011.0,1,7,6,8.0,30,0,0,1,1,9,2,1,1,0,3,2,7,3,6,2020,2.0,1,1,1,1,1,2
54573,60622,39.0,0.0,0.0,0.0,1,2019.0,1,3,2,7.0,30,2,0,1,1,2,0,1,1,0,3,2,13,3,6,2020,0.0,0,1,1,1,1,3
54586,60630,44.0,0.0,0.0,0.0,1,2017.0,1,3,1,3.0,30,1,1,1,1,2,1,1,1,0,2,2,14,3,6,2020,2.0,0,1,1,1,3,4
54587,60630,44.0,0.0,0.0,0.0,1,2002.0,1,3,2,1.0,30,1,1,1,1,2,1,1,1,0,2,2,14,3,6,2020,2.0,0,1,1,1,3,4
54588,0,36.9,0.0,6.0,0.0,1,2017.0,1,3,1,3.0,30,1,1,1,1,2,1,1,1,0,2,2,14,3,6,2020,2.0,1,1,1,1,3,4
54589,0,36.9,0.0,6.0,0.0,1,2002.0,1,3,2,1.0,30,1,1,1,1,2,1,1,1,0,2,2,14,3,6,2020,2.0,1,1,1,1,3,4
54623,60632,36.9,0.0,5.0,0.0,1,1999.0,1,4,4,-1.0,30,1,1,1,1,2,1,1,1,0,1,2,15,3,6,2020,2.0,1,1,1,1,3,4
54624,60632,36.9,0.0,5.0,0.0,1,2020.0,1,3,4,4.0,30,1,1,1,1,2,1,1,1,0,1,2,15,3,6,2020,2.0,1,1,1,1,3,4
54625,60804,31.0,0.0,0.0,0.0,1,1999.0,1,4,4,-1.0,30,1,1,1,1,2,1,1,1,0,1,2,15,3,6,2020,2.0,0,1,1,1,3,4
54626,60804,31.0,0.0,0.0,0.0,1,2020.0,1,3,4,4.0,30,1,1,1,1,2,1,1,1,0,1,2,15,3,6,2020,2.0,0,1,1,1,3,4
54655,60620,79.0,0.0,0.0,0.0,1,2017.0,1,4,1,6.0,30,1,1,1,1,4,3,1,1,0,4,2,14,3,6,2020,0.0,0,1,1,0,3,3
54856,60615,37.0,0.0,0.0,0.0,1,2015.0,1,4,4,12.0,30,2,1,1,1,2,0,1,1,0,1,2,20,3,6,2020,0.0,1,1,1,0,2,3
55129,60652,24.0,0.0,0.0,0.0,3,2019.0,1,3,5,9.0,30,2,1,1,1,1,1,1,1,0,1,5,13,4,6,2020,0.0,0,1,1,1,3,4
55130,60652,24.0,0.0,0.0,0.0,3,2018.0,2,3,5,1.0,30,2,1,1,1,1,1,1,1,0,1,5,13,4,6,2020,0.0,0,1,1,1,3,4
55131,60652,24.0,0.0,0.0,0.0,3,2010.0,2,1,5,2.0,30,2,1,1,1,1,1,1,1,0,1,5,13,4,6,2020,0.0,0,1,1,1,3,4
55180,60612,34.0,0.0,9.0,0.0,1,2007.0,1,2,2,3.0,30,1,1,1,1,2,1,1,1,0,3,2,15,4,6,2020,0.0,1,1,1,1,3,4
55181,60612,34.0,0.0,9.0,0.0,1,2018.0,9,4,3,7.0,30,1,1,1,1,2,1,1,1,0,3,2,15,4,6,2020,0.0,1,1,1,1,3,4
55182,60612,40.0,0.0,11.0,0.0,1,2007.0,1,2,2,3.0,30,1,1,1,1,2,1,1,1,0,3,2,15,4,6,2020,0.0,1,1,1,1,3,4
55183,60612,40.0,0.0,11.0,0.0,1,2018.0,9,4,3,7.0,30,1,1,1,1,2,1,1,1,0,3,2,15,4,6,2020,0.0,1,1,1,1,3,4
55297,60644,49.0,0.0,0.0,1.0,1,2017.0,1,1,3,2.0,30,2,1,1,1,3,2,1,1,0,3,2,17,4,6,2020,0.0,1,1,1,1,1,3
55345,60636,17.0,0.0,0.0,0.0,1,2008.0,1,1,9,1.0,30,2,1,1,1,9,1,1,1,0,3,2,18,4,6,2020,1.0,1,1,0,1,3,4
55347,60636,34.0,1.0,2.0,0.0,1,2008.0,1,1,9,1.0,30,2,1,1,1,9,1,1,1,0,3,2,18,4,6,2020,1.0,0,1,0,1,3,2
55536,60619,27.0,0.0,0.0,0.0,1,2012.0,2,1,1,1.0,35,1,1,1,1,2,2,1,1,0,1,2,19,4,6,2020,0.0,0,1,1,0,3,3
55802,60625,28.0,0.0,0.0,0.0,1,2011.0,1,3,1,10.0,30,2,1,1,1,4,3,1,1,0,2,2,17,5,6,2020,0.0,0,1,1,1,3,3
55932,60154,36.9,0.0,2.0,0.0,1,2000.0,1,4,1,1.0,30,1,1,1,1,5,1,1,1,0,1,2,19,5,6,2020,2.0,0,1,1,0,3,4
55934,60613,56.0,-1.0,0.0,0.0,1,2000.0,1,4,1,1.0,30,1,1,1,1,5,1,1,1,0,1,2,19,5,6,2020,2.0,1,1,1,0,3,0
56279,60154,36.9,0.0,3.0,0.0,1,2020.0,4,4,1,5.0,30,1,1,1,1,1,1,1,1,0,1,2,11,6,6,2020,2.0,0,1,1,1,3,4
56280,60154,36.9,0.0,3.0,0.0,1,2004.0,3,1,1,1.0,30,1,1,1,1,1,1,1,1,0,1,2,11,6,6,2020,2.0,0,1,1,1,3,4
56281,60457,42.0,0.0,0.0,0.0,1,2020.0,4,4,1,5.0,30,1,1,1,1,1,1,1,1,0,1,2,11,6,6,2020,2.0,1,1,1,1,3,4
56282,60457,42.0,0.0,0.0,0.0,1,2004.0,3,1,1,1.0,30,1,1,1,1,1,1,1,1,0,1,2,11,6,6,2020,2.0,1,1,1,1,3,4
56404,60154,36.9,0.0,2.0,0.0,1,2011.0,-1,5,2,1.0,30,1,1,1,1,5,2,1,1,0,3,2,15,6,6,2020,2.0,1,1,1,1,1,4
56406,60630,16.0,-1.0,0.0,0.0,1,2011.0,-1,5,2,1.0,30,1,1,1,1,5,2,1,1,0,3,2,15,6,6,2020,2.0,1,1,1,1,1,0
56685,60623,32.0,0.0,0.0,0.0,1,2008.0,1,4,4,6.0,30,2,1,1,1,2,0,1,1,0,2,2,18,6,6,2020,0.0,1,1,1,1,3,3
56686,60623,32.0,0.0,0.0,0.0,1,2015.0,1,4,4,5.0,30,2,1,1,1,2,0,1,1,0,2,2,18,6,6,2020,0.0,1,1,1,1,3,3
56702,60608,55.0,1.0,10.0,0.0,1,2007.0,1,4,2,5.0,30,-1,-1,1,1,9,4,1,-1,-1,3,2,18,6,6,2020,2.0,1,1,0,1,3,2
56704,60651,43.0,0.0,-1.0,0.0,1,2007.0,1,4,2,5.0,30,-1,-1,1,1,9,4,1,-1,-1,3,2,18,6,6,2020,2.0,0,1,0,1,3,4
56785,60154,38.0,0.0,-1.0,0.0,1,2010.0,1,3,-1,-1.0,30,0,0,1,2,5,0,1,1,0,1,2,23,6,6,2020,3.0,0,0,1,1,3,4
56787,54935,29.0,-1.0,-1.0,0.0,1,2010.0,1,3,-1,-1.0,30,0,0,1,2,5,0,1,1,0,1,2,23,6,6,2020,3.0,1,0,1,1,3,0
57364,60649,74.0,0.0,0.0,0.0,1,2004.0,1,3,1,1.0,30,2,1,1,1,1,1,1,1,-1,1,2,14,7,6,2020,0.0,1,1,0,1,3,4
57365,60649,74.0,0.0,0.0,0.0,1,2011.0,1,4,1,11.0,30,2,1,1,1,1,1,1,1,-1,1,2,14,7,6,2020,0.0,1,1,0,1,3,4
57390,54935,36.9,0.0,2.0,0.0,1,2011.0,3,3,2,1.0,30,6,1,1,1,5,1,1,1,0,1,2,15,7,6,2020,2.0,1,1,1,1,1,4
57392,60402,55.0,-1.0,-1.0,0.0,1,2011.0,3,3,2,1.0,30,6,1,1,1,5,1,1,1,0,1,2,15,7,6,2020,2.0,1,1,1,1,1,0
57401,60638,40.0,0.0,1.0,0.0,1,2014.0,1,4,7,3.0,30,0,0,1,1,4,8,1,1,0,2,2,16,7,6,2020,0.0,1,1,1,0,2,3
57462,60629,35.0,0.0,0.0,0.0,1,2020.0,1,4,1,3.0,35,1,1,1,1,2,0,1,1,0,1,2,17,7,6,2020,0.0,0,1,1,0,2,3
57533,60615,48.0,0.0,0.0,0.0,1,2001.0,1,1,1,2.0,30,1,1,1,1,3,0,1,1,0,1,2,18,7,6,2020,0.0,1,1,1,0,2,3
57624,54935,36.9,0.0,2.0,0.0,1,2011.0,6,1,1,1.0,30,0,0,1,4,2,1,1,1,0,1,2,21,7,6,2020,2.0,0,1,0,0,3,4
57625,60621,44.0,-1.0,-1.0,0.0,1,2011.0,-1,2,4,-1.0,30,0,0,1,4,2,1,1,1,0,1,2,21,7,6,2020,2.0,1,1,0,0,3,4
57626,60621,44.0,-1.0,-1.0,0.0,1,2011.0,6,1,1,1.0,30,0,0,1,4,2,1,1,1,0,1,2,21,7,6,2020,2.0,1,1,0,0,3,4
57721,0,38.0,0.0,1.0,0.0,1,2002.0,1,6,2,1.0,30,1,1,1,2,2,1,1,1,0,4,2,21,7,6,2020,3.0,0,1,1,0,3,4
57722,0,38.0,0.0,1.0,0.0,1,2002.0,1,6,2,1.0,30,1,1,1,2,2,1,1,1,0,4,2,21,7,6,2020,3.0,0,1,1,0,3,4
57723,0,38.0,0.0,1.0,0.0,1,2013.0,1,4,1,-1.0,30,1,1,1,2,2,1,1,1,0,4,2,21,7,6,2020,3.0,0,1,1,0,3,4
57724,0,38.0,0.0,1.0,0.0,1,2013.0,1,4,1,-1.0,30,1,1,1,2,2,1,1,1,0,4,2,21,7,6,2020,3.0,0,1,1,0,3,4
57725,60619,20.0,0.0,1.0,0.0,1,2002.0,1,6,2,1.0,30,1,1,1,2,2,1,1,1,0,4,2,21,7,6,2020,3.0,1,1,1,0,3,4
57726,60619,20.0,0.0,1.0,0.0,1,2002.0,1,6,2,1.0,30,1,1,1,2,2,1,1,1,0,4,2,21,7,6,2020,3.0,1,1,1,0,3,4