index,ZIPCODE,AGE,EJECTION,DRIVER_ACTION,BAC_RESULT,UNIT_TYPE,VEHICLE_YEAR,VEHICLE_TYPE,TRAVEL_DIRECTION,MANEUVER,FIRST_CONTACT_POINT,POSTED_SPEED_LIMIT,TRAFFIC_CONTROL_DEVICE,DEVICE_CONDITION,WEATHER_CONDITION,LIGHTING_CONDITION,FIRST_CRASH_TYPE,TRAFFICWAY_TYPE,ALIGNMENT,ROADWAY_SURFACE_COND,ROAD_DEFECT,STREET_DIRECTION,NUM_UNITS,CRASH_HOUR,CRASH_DAY_OF_WEEK,CRASH_MONTH,CRASH_YEAR,FATAL_DEGREE,SEX,INTERSECTION_RELATED,HIT_AND_RUN,REPORTYPE,DAMAGE_COST,FATAL_COND
57727,60619,20.0,0.0,1.0,0.0,1,2013.0,1,4,1,-1.0,30,1,1,1,2,2,1,1,1,0,4,2,21,7,6,2020,3.0,1,1,1,0,3,4
57728,60619,20.0,0.0,1.0,0.0,1,2013.0,1,4,1,-1.0,30,1,1,1,2,2,1,1,1,0,4,2,21,7,6,2020,3.0,1,1,1,0,3,4
57733,60419,78.0,0.0,1.0,0.0,1,2002.0,1,6,2,1.0,30,1,1,1,2,2,1,1,1,0,4,2,21,7,6,2020,3.0,1,1,1,0,3,4
57734,60419,78.0,0.0,1.0,0.0,1,2002.0,1,6,2,1.0,30,1,1,1,2,2,1,1,1,0,4,2,21,7,6,2020,3.0,1,1,1,0,3,4
57735,60419,78.0,0.0,1.0,0.0,1,2013.0,1,4,1,-1.0,30,1,1,1,2,2,1,1,1,0,4,2,21,7,6,2020,3.0,1,1,1,0,3,4
57736,60419,78.0,0.0,1.0,0.0,1,2013.0,1,4,1,-1.0,30,1,1,1,2,2,1,1,1,0,4,2,21,7,6,2020,3.0,1,1,1,0,3,4
57737,60619,20.0,0.0,1.0,0.0,1,2002.0,1,6,2,1.0,30,1,1,1,2,2,1,1,1,0,4,2,21,7,6,2020,3.0,1,1,1,0,3,4
57738,60619,20.0,0.0,1.0,0.0,1,2002.0,1,6,2,1.0,30,1,1,1,2,2,1,1,1,0,4,2,21,7,6,2020,3.0,1,1,1,0,3,4
57739,60619,20.0,0.0,1.0,0.0,1,2013.0,1,4,1,-1.0,30,1,1,1,2,2,1,1,1,0,4,2,21,7,6,2020,3.0,1,1,1,0,3,4
57740,60619,20.0,0.0,1.0,0.0,1,2013.0,1,4,1,-1.0,30,1,1,1,2,2,1,1,1,0,4,2,21,7,6,2020,3.0,1,1,1,0,3,4
58201,60160,32.0,0.0,2.0,0.0,1,2002.0,1,1,4,-1.0,30,0,0,1,1,2,0,1,1,0,3,2,16,1,6,2020,1.0,1,1,1,1,2,4
58202,60160,32.0,0.0,2.0,0.0,1,2010.0,-1,-1,-1,-1.0,30,0,0,1,1,2,0,1,1,0,3,2,16,1,6,2020,1.0,1,1,1,1,2,4
58203,60639,36.0,0.0,-1.0,0.0,1,2002.0,1,1,4,-1.0,30,0,0,1,1,2,0,1,1,0,3,2,16,1,6,2020,1.0,0,1,1,1,2,4
58204,60639,36.0,0.0,-1.0,0.0,1,2010.0,-1,-1,-1,-1.0,30,0,0,1,1,2,0,1,1,0,3,2,16,1,6,2020,1.0,0,1,1,1,2,4
58513,60629,26.0,0.0,0.0,0.0,1,2017.0,2,1,1,6.0,30,1,1,1,2,1,1,1,1,0,1,2,21,1,6,2020,3.0,1,1,1,1,3,4
58514,60629,26.0,0.0,0.0,0.0,1,2010.0,3,4,1,1.0,30,1,1,1,2,1,1,1,1,0,1,2,21,1,6,2020,3.0,1,1,1,1,3,4
58515,60629,38.0,0.0,-1.0,0.0,1,2017.0,2,1,1,6.0,30,1,1,1,2,1,1,1,1,0,1,2,21,1,6,2020,3.0,0,1,1,1,3,4
58516,60629,38.0,0.0,-1.0,0.0,1,2010.0,3,4,1,1.0,30,1,1,1,2,1,1,1,1,0,1,2,21,1,6,2020,3.0,0,1,1,1,3,4
58532,60623,40.0,0.0,0.0,0.0,1,2016.0,1,4,1,1.0,30,2,1,1,2,1,0,1,1,0,1,2,23,1,6,2020,0.0,1,1,1,1,3,4
58746,60461,43.0,0.0,0.0,0.0,1,2017.0,1,1,1,7.0,30,1,1,1,1,4,0,1,1,0,1,2,16,1,6,2020,0.0,0,1,1,0,2,3
58747,60461,43.0,0.0,0.0,0.0,1,2017.0,1,1,1,10.0,30,1,1,1,1,4,0,1,1,0,1,2,16,1,6,2020,0.0,0,1,1,0,2,3
58796,60620,43.0,0.0,0.0,0.0,1,2019.0,2,4,3,2.0,30,1,1,1,3,3,5,1,1,0,2,2,1,7,6,2020,0.0,0,0,1,0,2,3
58925,60628,67.0,0.0,0.0,0.0,1,2020.0,2,4,1,6.0,35,1,1,1,1,1,1,1,1,0,2,2,13,2,6,2020,0.0,0,1,1,1,3,4
58926,60628,67.0,0.0,0.0,0.0,1,2016.0,2,1,1,1.0,35,1,1,1,1,1,1,1,1,0,2,2,13,2,6,2020,0.0,0,1,1,1,3,4
59152,60643,41.0,0.0,0.0,0.0,1,2010.0,4,2,1,10.0,25,0,0,1,1,1,8,1,1,0,1,2,14,2,6,2020,0.0,0,1,1,1,3,4
59153,60643,41.0,0.0,0.0,0.0,1,2010.0,1,1,1,1.0,25,0,0,1,1,1,8,1,1,0,1,2,14,2,6,2020,0.0,0,1,1,1,3,4
59419,60827,36.0,0.0,0.0,0.0,1,2011.0,1,2,1,3.0,35,2,1,1,1,2,14,1,1,0,2,2,6,3,6,2020,0.0,1,1,1,1,3,3
59459,60649,64.0,0.0,0.0,0.0,1,2005.0,7,3,1,1.0,30,2,0,1,1,3,3,1,1,0,1,2,15,2,6,2020,0.0,0,1,1,0,3,3
59460,60649,64.0,0.0,0.0,0.0,1,2018.0,1,3,1,2.0,30,2,0,1,1,3,3,1,1,0,1,2,15,2,6,2020,0.0,0,1,1,0,3,3
59681,60632,21.0,0.0,0.0,0.0,1,2003.0,1,8,1,4.0,30,1,1,1,1,2,6,1,1,0,1,2,12,3,6,2020,0.0,0,1,1,1,3,3
60310,0,38.0,-1.0,-1.0,0.0,1,2010.0,-1,4,1,1.0,30,1,1,2,2,1,5,1,2,0,1,3,20,3,6,2020,3.0,0,1,1,1,3,4
60311,0,38.0,-1.0,-1.0,0.0,1,2007.0,1,3,1,5.0,30,1,1,2,2,1,5,1,2,0,1,3,20,3,6,2020,3.0,0,1,1,1,3,4
60312,0,38.0,-1.0,-1.0,0.0,1,2017.0,5,3,1,5.0,30,1,1,2,2,1,5,1,2,0,1,3,20,3,6,2020,3.0,0,1,1,1,3,4
60313,60628,47.0,0.0,0.0,0.0,1,2010.0,-1,4,1,1.0,30,1,1,2,2,1,5,1,2,0,1,3,20,3,6,2020,3.0,0,1,1,1,3,4
60314,60628,47.0,0.0,0.0,0.0,1,2007.0,1,3,1,5.0,30,1,1,2,2,1,5,1,2,0,1,3,20,3,6,2020,3.0,0,1,1,1,3,4
60315,60628,47.0,0.0,0.0,0.0,1,2017.0,5,3,1,5.0,30,1,1,2,2,1,5,1,2,0,1,3,20,3,6,2020,3.0,0,1,1,1,3,4
60316,60428,70.0,0.0,0.0,0.0,1,2010.0,-1,4,1,1.0,30,1,1,2,2,1,5,1,2,0,1,3,20,3,6,2020,3.0,1,1,1,1,3,4
60317,60428,70.0,0.0,0.0,0.0,1,2007.0,1,3,1,5.0,30,1,1,2,2,1,5,1,2,0,1,3,20,3,6,2020,3.0,1,1,1,1,3,4
60318,60428,70.0,0.0,0.0,0.0,1,2017.0,5,3,1,5.0,30,1,1,2,2,1,5,1,2,0,1,3,20,3,6,2020,3.0,1,1,1,1,3,4
60361,60628,36.9,-1.0,3.0,0.0,1,2011.0,-1,2,1,3.0,30,2,0,1,3,1,0,1,2,0,1,3,22,3,6,2020,2.0,0,0,1,1,3,4
60362,60628,36.9,-1.0,3.0,0.0,1,2012.0,1,3,1,1.0,30,2,0,1,3,1,0,1,2,0,1,3,22,3,6,2020,2.0,0,0,1,1,3,4
60363,60628,36.9,-1.0,3.0,0.0,2,2005.0,1,3,5,7.0,30,2,0,1,3,1,0,1,2,0,1,3,22,3,6,2020,2.0,0,0,1,1,3,4
60364,60621,28.0,0.0,0.0,0.0,1,2011.0,-1,2,1,3.0,30,2,0,1,3,1,0,1,2,0,1,3,22,3,6,2020,2.0,1,0,1,1,3,4
60365,60621,28.0,0.0,0.0,0.0,1,2012.0,1,3,1,1.0,30,2,0,1,3,1,0,1,2,0,1,3,22,3,6,2020,2.0,1,0,1,1,3,4
60366,60621,28.0,0.0,0.0,0.0,2,2005.0,1,3,5,7.0,30,2,0,1,3,1,0,1,2,0,1,3,22,3,6,2020,2.0,1,0,1,1,3,4
60648,60632,25.0,0.0,0.0,0.0,1,2011.0,1,6,2,8.0,30,1,1,1,1,2,0,1,1,0,1,2,11,4,6,2020,0.0,1,1,1,0,3,3
60875,60613,29.0,0.0,0.0,0.0,1,2014.0,1,3,1,2.0,30,1,1,1,1,3,1,1,1,0,3,2,15,4,6,2020,0.0,1,1,1,1,2,4
61089,60643,26.0,0.0,2.0,0.0,1,2002.0,1,3,2,8.0,35,1,1,1,1,2,1,1,1,0,1,2,18,4,6,2020,0.0,0,1,1,1,3,4
61090,60643,26.0,0.0,2.0,0.0,1,2001.0,1,1,1,1.0,35,1,1,1,1,2,1,1,1,0,1,2,18,4,6,2020,0.0,0,1,1,1,3,4
61091,60620,62.0,0.0,0.0,0.0,1,2002.0,1,3,2,8.0,35,1,1,1,1,2,1,1,1,0,1,2,18,4,6,2020,0.0,0,1,1,1,3,4
61092,60620,62.0,0.0,0.0,0.0,1,2001.0,1,1,1,1.0,35,1,1,1,1,2,1,1,1,0,1,2,18,4,6,2020,0.0,0,1,1,1,3,4
61100,60632,22.0,0.0,0.0,0.0,1,2014.0,1,3,1,9.0,30,1,1,2,1,1,2,1,1,0,1,2,19,4,6,2020,0.0,1,1,1,0,3,3
61139,60608,40.0,0.0,0.0,0.0,1,2020.0,1,3,3,2.0,30,1,1,1,1,3,5,1,1,0,1,2,18,4,6,2020,0.0,1,1,1,0,3,3
61152,60426,24.0,0.0,2.0,0.0,1,2011.0,1,4,1,6.0,35,2,0,1,4,1,4,1,-1,0,1,2,20,4,6,2020,0.0,0,1,1,1,3,4
61237,60645,39.0,0.0,0.0,0.0,1,2018.0,1,4,3,2.0,30,1,1,1,2,3,1,1,2,0,2,2,21,4,6,2020,0.0,0,1,1,0,3,3
61430,60645,36.9,0.0,2.0,0.0,1,2009.0,1,2,1,2.0,30,1,1,1,2,3,5,1,1,-1,3,2,0,4,6,2020,2.0,0,1,1,0,3,4
61431,60130,55.0,0.0,0.0,0.0,1,2011.0,-1,2,1,1.0,30,1,1,1,2,3,5,1,1,-1,3,2,0,4,6,2020,2.0,1,1,1,0,3,4
61432,60130,55.0,0.0,0.0,0.0,1,2009.0,1,2,1,2.0,30,1,1,1,2,3,5,1,1,-1,3,2,0,4,6,2020,2.0,1,1,1,0,3,4
61664,60608,22.0,0.0,0.0,0.0,1,2015.0,1,6,2,6.0,35,1,1,1,1,2,0,1,1,0,2,2,13,5,6,2020,0.0,1,1,1,1,1,3
61769,60077,28.0,0.0,0.0,0.0,1,2008.0,1,3,1,4.0,30,1,1,1,1,2,0,1,1,-1,3,2,15,5,6,2020,0.0,0,1,1,0,3,3
62282,60608,36.0,0.0,-1.0,0.0,1,2010.0,-1,1,-1,-1.0,30,2,1,1,2,2,1,1,1,0,2,3,21,5,6,2020,1.0,0,1,1,1,2,4
62283,60608,36.0,0.0,-1.0,0.0,1,2008.0,1,2,2,6.0,30,2,1,1,2,2,1,1,1,0,2,3,21,5,6,2020,1.0,0,1,1,1,2,4
62284,60608,36.0,0.0,-1.0,0.0,1,2001.0,4,4,7,1.0,30,2,1,1,2,2,1,1,1,0,2,3,21,5,6,2020,1.0,0,1,1,1,2,4
62285,60608,36.0,0.0,-1.0,0.0,1,2010.0,-1,1,-1,-1.0,30,2,1,1,2,2,1,1,1,0,2,3,21,5,6,2020,1.0,1,1,1,1,2,4
62286,60608,36.0,0.0,-1.0,0.0,1,2008.0,1,2,2,6.0,30,2,1,1,2,2,1,1,1,0,2,3,21,5,6,2020,1.0,1,1,1,1,2,4
62287,60608,36.0,0.0,-1.0,0.0,1,2001.0,4,4,7,1.0,30,2,1,1,2,2,1,1,1,0,2,3,21,5,6,2020,1.0,1,1,1,1,2,4
62288,60608,46.0,0.0,0.0,0.0,1,2010.0,-1,1,-1,-1.0,30,2,1,1,2,2,1,1,1,0,2,3,21,5,6,2020,1.0,1,1,1,1,2,4
62289,60608,46.0,0.0,0.0,0.0,1,2008.0,1,2,2,6.0,30,2,1,1,2,2,1,1,1,0,2,3,21,5,6,2020,1.0,1,1,1,1,2,4
62290,60608,46.0,0.0,0.0,0.0,1,2001.0,4,4,7,1.0,30,2,1,1,2,2,1,1,1,0,2,3,21,5,6,2020,1.0,1,1,1,1,2,4
62315,60649,57.0,0.0,0.0,0.0,1,2014.0,1,3,1,2.0,30,0,0,1,5,3,0,1,1,-1,1,3,20,5,6,2020,0.0,1,1,1,0,2,3
62316,60649,57.0,0.0,0.0,0.0,1,2008.0,1,3,1,2.0,30,0,0,1,5,3,0,1,1,-1,1,3,20,5,6,2020,0.0,1,1,1,0,2,3
62318,60617,63.0,0.0,0.0,0.0,1,2014.0,1,3,1,2.0,30,0,0,1,5,3,0,1,1,-1,1,3,20,5,6,2020,0.0,0,1,1,0,2,3
62319,60617,63.0,0.0,0.0,0.0,1,2008.0,1,3,1,2.0,30,0,0,1,5,3,0,1,1,-1,1,3,20,5,6,2020,0.0,0,1,1,0,2,3
62342,60645,29.0,0.0,1.0,0.0,1,2013.0,1,3,1,2.0,30,1,1,1,2,3,2,1,1,0,3,3,21,5,6,2020,0.0,1,1,1,1,3,3
62343,60645,29.0,0.0,1.0,0.0,1,2019.0,2,3,1,4.0,30,1,1,1,2,3,2,1,1,0,3,3,21,5,6,2020,0.0,1,1,1,1,3,3
62345,60193,30.0,0.0,0.0,0.0,1,2013.0,1,3,1,2.0,30,1,1,1,2,3,2,1,1,0,3,3,21,5,6,2020,0.0,0,1,1,1,3,3
62346,60193,30.0,0.0,0.0,0.0,1,2019.0,2,3,1,4.0,30,1,1,1,2,3,2,1,1,0,3,3,21,5,6,2020,0.0,0,1,1,1,3,3
62536,60637,36.0,0.0,2.0,0.0,1,2014.0,1,4,1,1.0,30,2,1,1,1,1,1,1,1,0,1,2,8,6,6,2020,1.0,1,1,1,1,3,4
62537,60637,36.0,0.0,2.0,0.0,1,2016.0,1,1,1,1.0,30,2,1,1,1,1,1,1,1,0,1,2,8,6,6,2020,1.0,1,1,1,1,3,4
62538,60620,55.0,0.0,0.0,0.0,1,2014.0,1,4,1,1.0,30,2,1,1,1,1,1,1,1,0,1,2,8,6,6,2020,1.0,0,1,1,1,3,4
62539,60620,55.0,0.0,0.0,0.0,1,2016.0,1,1,1,1.0,30,2,1,1,1,1,1,1,1,0,1,2,8,6,6,2020,1.0,0,1,1,1,3,4
62672,60629,64.0,0.0,0.0,0.0,1,2011.0,1,1,1,7.0,30,0,0,1,1,4,0,1,1,0,1,2,9,6,6,2020,0.0,0,1,1,0,3,3
63160,60644,42.0,0.0,1.0,0.0,1,2019.0,1,2,1,2.0,30,1,1,1,1,3,2,1,1,0,2,2,16,6,6,2020,0.0,0,0,1,1,1,3
63268,0,36.0,0.0,2.0,0.0,1,2014.0,-1,1,1,6.0,30,2,1,1,1,1,0,1,1,0,2,2,17,6,6,2020,1.0,0,1,1,1,3,4
63269,60632,33.0,0.0,0.0,0.0,1,2010.0,-1,4,1,1.0,30,2,1,1,1,1,0,1,1,0,2,2,17,6,6,2020,1.0,0,1,1,1,3,4
63270,60632,33.0,0.0,0.0,0.0,1,2014.0,-1,1,1,6.0,30,2,1,1,1,1,0,1,1,0,2,2,17,6,6,2020,1.0,0,1,1,1,3,4
63290,60632,15.0,-1.0,-1.0,0.0,1,2010.0,-1,2,-1,-1.0,30,1,1,1,1,5,1,1,1,0,2,2,18,6,6,2020,3.0,1,1,1,1,1,0
63401,60636,29.0,0.0,0.0,0.0,1,2002.0,1,2,1,3.0,30,1,1,1,1,4,1,1,1,0,4,2,19,6,6,2020,0.0,0,1,1,1,2,3
63488,60629,29.0,0.0,0.0,0.0,1,2010.0,1,3,1,7.0,30,2,1,1,2,12,0,1,1,0,1,3,21,6,6,2020,0.0,1,1,1,1,3,4
63489,60629,29.0,0.0,0.0,0.0,1,2007.0,1,1,1,1.0,30,2,1,1,2,12,0,1,1,0,1,3,21,6,6,2020,0.0,1,1,1,1,3,4
63491,60652,19.0,0.0,0.0,0.0,1,2010.0,1,3,1,7.0,30,2,1,1,2,12,0,1,1,0,1,3,21,6,6,2020,0.0,1,1,1,1,3,4
63492,60652,19.0,0.0,0.0,0.0,1,2007.0,1,1,1,1.0,30,2,1,1,2,12,0,1,1,0,1,3,21,6,6,2020,0.0,1,1,1,1,3,4
63505,0,36.0,0.0,2.0,0.0,1,2014.0,1,2,1,1.0,30,2,1,1,2,1,0,1,1,0,3,2,21,6,6,2020,1.0,1,1,1,0,3,4
63506,0,36.0,0.0,2.0,0.0,1,2008.0,2,3,1,6.0,30,2,1,1,2,1,0,1,1,0,3,2,21,6,6,2020,1.0,1,1,1,0,3,4
63507,60031,32.0,0.0,0.0,0.0,1,2014.0,1,2,1,1.0,30,2,1,1,2,1,0,1,1,0,3,2,21,6,6,2020,1.0,1,1,1,0,3,4
63508,60031,32.0,0.0,0.0,0.0,1,2008.0,2,3,1,6.0,30,2,1,1,2,1,0,1,1,0,3,2,21,6,6,2020,1.0,1,1,1,0,3,4
63564,60652,68.0,-1.0,0.0,2.0,1,2010.0,-1,4,2,3.0,30,0,0,1,2,5,1,1,1,0,1,2,22,6,6,2020,3.0,1,1,1,0,3,0
63607,60632,25.0,0.0,0.0,0.0,1,2016.0,2,1,1,2.0,30,1,1,1,2,3,6,1,1,0,1,2,0,7,6,2020,0.0,1,1,1,1,3,3
63645,60632,36.0,0.0,3.0,0.0,1,2015.0,1,2,3,8.0,30,1,1,1,2,3,0,1,1,0,4,2,1,7,6,2020,1.0,1,1,1,0,1,4
63646,60419,35.0,0.0,0.0,0.0,1,2010.0,1,2,1,1.0,30,1,1,1,2,3,0,1,1,0,4,2,1,7,6,2020,1.0,1,1,1,0,1,4
63647,60419,35.0,0.0,0.0,0.0,1,2015.0,1,2,3,8.0,30,1,1,1,2,3,0,1,1,0,4,2,1,7,6,2020,1.0,1,1,1,0,1,4
63705,60632,36.0,0.0,3.0,0.0,1,2013.0,1,4,1,1.0,30,1,1,1,2,1,0,1,1,0,1,2,3,7,6,2020,1.0,0,1,1,1,3,4
63706,60632,36.0,0.0,3.0,0.0,1,2015.0,1,1,1,4.0,30,1,1,1,2,1,0,1,1,0,1,2,3,7,6,2020,1.0,0,1,1,1,3,4
63707,60651,44.0,0.0,0.0,0.0,1,2013.0,1,4,1,1.0,30,1,1,1,2,1,0,1,1,0,1,2,3,7,6,2020,1.0,0,1,1,1,3,4
63708,60651,44.0,0.0,0.0,0.0,1,2015.0,1,1,1,4.0,30,1,1,1,2,1,0,1,1,0,1,2,3,7,6,2020,1.0,0,1,1,1,3,4
63911,60629,44.0,0.0,0.0,0.0,1,2015.0,1,4,1,2.0,30,1,1,1,3,3,0,1,1,0,2,2,21,6,6,2020,0.0,1,1,1,0,2,3
63938,60449,63.0,0.0,0.0,0.0,1,2004.0,1,1,1,2.0,30,2,1,1,1,3,0,1,1,0,1,2,11,7,6,2020,0.0,1,1,1,0,3,3
63980,60449,28.0,0.0,0.0,0.0,1,2007.0,1,3,1,1.0,30,1,1,1,1,1,1,1,1,0,2,2,10,7,6,2020,1.0,1,1,1,1,3,4
63981,60449,28.0,0.0,0.0,0.0,1,2018.0,2,4,1,6.0,30,1,1,1,1,1,1,1,1,0,2,2,10,7,6,2020,1.0,1,1,1,1,3,4
63982,60449,36.0,0.0,2.0,0.0,1,2007.0,1,3,1,1.0,30,1,1,1,1,1,1,1,1,0,2,2,10,7,6,2020,1.0,0,1,1,1,3,4
63983,60449,36.0,0.0,2.0,0.0,1,2018.0,2,4,1,6.0,30,1,1,1,1,1,1,1,1,0,2,2,10,7,6,2020,1.0,0,1,1,1,3,4
64258,60449,36.0,0.0,-1.0,0.0,1,2010.0,1,2,2,-1.0,30,1,1,1,1,9,1,1,1,0,2,2,16,7,6,2020,1.0,0,1,1,1,1,4
64260,38573,23.0,0.0,0.0,0.0,1,2010.0,1,2,2,-1.0,30,1,1,1,1,9,1,1,1,0,2,2,16,7,6,2020,1.0,1,1,1,1,1,2
64392,60629,25.0,0.0,5.0,0.0,1,2006.0,1,2,1,12.0,30,1,1,1,1,2,2,1,1,0,2,2,17,7,6,2020,0.0,1,1,1,1,2,3
64393,60629,71.0,0.0,0.0,0.0,1,2015.0,1,2,4,6.0,30,1,1,1,1,2,2,1,1,0,2,2,17,7,6,2020,0.0,0,1,1,1,2,3
64394,60629,71.0,0.0,0.0,0.0,1,2006.0,1,2,1,12.0,30,1,1,1,1,2,2,1,1,0,2,2,17,7,6,2020,0.0,0,1,1,1,2,3
64448,60607,36.0,0.0,10.0,0.0,1,2010.0,1,3,11,-1.0,30,1,1,1,1,7,-1,1,1,0,1,2,18,7,6,2020,1.0,1,1,1,1,3,4
64449,60607,36.0,0.0,10.0,0.0,1,2014.0,1,1,1,3.0,30,1,1,1,1,7,-1,1,1,0,1,2,18,7,6,2020,1.0,1,1,1,1,3,4
64450,60607,28.0,0.0,0.0,0.0,1,2010.0,1,3,11,-1.0,30,1,1,1,1,7,-1,1,1,0,1,2,18,7,6,2020,1.0,0,1,1,1,3,4
64451,60607,28.0,0.0,0.0,0.0,1,2014.0,1,1,1,3.0,30,1,1,1,1,7,-1,1,1,0,1,2,18,7,6,2020,1.0,0,1,1,1,3,4
64522,60607,36.9,0.0,5.0,0.0,1,2011.0,2,5,2,10.0,30,1,1,1,1,2,9,1,1,0,3,2,17,7,6,2020,2.0,0,1,1,1,3,4
64523,60607,36.9,0.0,5.0,0.0,1,2012.0,1,7,1,11.0,30,1,1,1,1,2,9,1,1,0,3,2,17,7,6,2020,2.0,0,1,1,1,3,4
64524,7029,28.0,0.0,0.0,0.0,1,2011.0,2,5,2,10.0,30,1,1,1,1,2,9,1,1,0,3,2,17,7,6,2020,2.0,1,1,1,1,3,4
64525,7029,28.0,0.0,0.0,0.0,1,2012.0,1,7,1,11.0,30,1,1,1,1,2,9,1,1,0,3,2,17,7,6,2020,2.0,1,1,1,1,3,4
64600,60607,36.9,-1.0,-1.0,0.0,1,2011.0,1,4,1,-1.0,30,2,1,1,1,5,0,1,1,-1,2,2,15,7,6,2020,2.0,0,1,1,1,3,4
64602,60607,11.0,-1.0,0.0,0.0,1,2011.0,1,4,1,-1.0,30,2,1,1,1,5,0,1,1,-1,2,2,15,7,6,2020,2.0,1,1,1,1,3,0
64643,60607,36.9,0.0,4.0,0.0,1,2017.0,1,1,1,-1.0,30,1,-1,1,1,3,0,1,1,-1,1,2,16,7,6,2020,2.0,1,1,1,1,3,4
64644,60607,36.9,0.0,4.0,0.0,1,2011.0,1,1,1,2.0,30,1,-1,1,1,3,0,1,1,-1,1,2,16,7,6,2020,2.0,1,1,1,1,3,4
64645,60609,42.0,0.0,0.0,0.0,1,2017.0,1,1,1,-1.0,30,1,-1,1,1,3,0,1,1,-1,1,2,16,7,6,2020,2.0,1,1,1,1,3,4
64646,60609,42.0,0.0,0.0,0.0,1,2011.0,1,1,1,2.0,30,1,-1,1,1,3,0,1,1,-1,1,2,16,7,6,2020,2.0,1,1,1,1,3,4
64667,0,36.9,-1.0,-1.0,0.0,1,2011.0,-1,3,1,-1.0,30,1,1,1,3,2,1,1,1,0,1,2,20,7,6,2020,2.0,0,1,1,1,3,4
64668,0,36.9,-1.0,-1.0,0.0,1,2009.0,1,5,2,4.0,30,1,1,1,3,2,1,1,1,0,1,2,20,7,6,2020,2.0,0,1,1,1,3,4
64669,60628,34.0,0.0,0.0,0.0,1,2011.0,-1,3,1,-1.0,30,1,1,1,3,2,1,1,1,0,1,2,20,7,6,2020,2.0,0,1,1,1,3,4
64670,60628,34.0,0.0,0.0,0.0,1,2009.0,1,5,2,4.0,30,1,1,1,3,2,1,1,1,0,1,2,20,7,6,2020,2.0,0,1,1,1,3,4
64725,60644,22.0,0.0,0.0,0.0,1,2013.0,1,1,1,2.0,30,1,1,1,2,3,0,1,1,0,3,2,22,7,6,2020,0.0,0,0,1,1,1,3
64735,60467,44.0,0.0,0.0,0.0,1,2014.0,1,4,9,1.0,30,1,1,1,1,2,8,1,1,0,4,2,16,7,6,2020,0.0,1,1,1,0,3,3
64914,60621,34.0,0.0,0.0,0.0,1,2004.0,1,2,1,1.0,30,1,1,1,2,1,0,1,1,0,2,2,2,1,6,2020,0.0,1,1,1,1,3,4
64915,60621,34.0,0.0,0.0,0.0,1,2001.0,3,1,1,12.0,30,1,1,1,2,1,0,1,1,0,2,2,2,1,6,2020,0.0,1,1,1,1,3,4
65014,0,22.0,0.0,0.0,0.0,1,2011.0,1,8,1,1.0,30,1,1,1,1,1,1,1,1,0,2,2,6,1,6,2020,1.0,1,1,1,1,3,4
65015,0,22.0,0.0,0.0,0.0,1,2017.0,1,1,1,6.0,30,1,1,1,1,1,1,1,1,0,2,2,6,1,6,2020,1.0,1,1,1,1,3,4
65016,0,36.0,0.0,2.0,0.0,1,2011.0,1,8,1,1.0,30,1,1,1,1,1,1,1,1,0,2,2,6,1,6,2020,1.0,0,1,1,1,3,4
65017,0,36.0,0.0,2.0,0.0,1,2017.0,1,1,1,6.0,30,1,1,1,1,1,1,1,1,0,2,2,6,1,6,2020,1.0,0,1,1,1,3,4
65029,0,36.9,0.0,3.0,0.0,1,2016.0,1,1,1,11.0,30,2,1,1,1,1,1,1,1,0,1,2,7,1,6,2020,2.0,1,1,1,1,3,4
65030,0,36.9,0.0,3.0,0.0,1,2018.0,1,4,1,4.0,30,2,1,1,1,1,1,1,1,0,1,2,7,1,6,2020,2.0,1,1,1,1,3,4
65031,60628,45.0,0.0,0.0,0.0,1,2016.0,1,1,1,11.0,30,2,1,1,1,1,1,1,1,0,1,2,7,1,6,2020,2.0,0,1,1,1,3,4
65032,60628,45.0,0.0,0.0,0.0,1,2018.0,1,4,1,4.0,30,2,1,1,1,1,1,1,1,0,1,2,7,1,6,2020,2.0,0,1,1,1,3,4
65042,0,36.9,0.0,-1.0,0.0,1,2011.0,3,2,1,-1.0,35,1,1,1,1,1,1,1,1,0,2,2,7,1,6,2020,2.0,1,1,1,1,2,4
65043,0,36.9,0.0,-1.0,0.0,1,2015.0,1,3,1,4.0,35,1,1,1,1,1,1,1,1,0,2,2,7,1,6,2020,2.0,1,1,1,1,2,4
65044,60626,32.0,0.0,0.0,0.0,1,2011.0,3,2,1,-1.0,35,1,1,1,1,1,1,1,1,0,2,2,7,1,6,2020,2.0,0,1,1,1,2,4
65045,60626,32.0,0.0,0.0,0.0,1,2015.0,1,3,1,4.0,35,1,1,1,1,1,1,1,1,0,2,2,7,1,6,2020,2.0,0,1,1,1,2,4
65098,60609,38.0,0.0,6.0,0.0,1,2012.0,2,2,1,0.0,30,2,1,1,1,5,2,1,1,0,2,2,7,7,6,2020,3.0,0,1,1,0,1,4
65100,60609,38.0,0.0,6.0,0.0,1,2012.0,2,2,1,0.0,30,2,1,1,1,5,2,1,1,0,2,2,7,7,6,2020,3.0,0,1,1,0,1,4