index,ZIPCODE,AGE,EJECTION,DRIVER_ACTION,BAC_RESULT,UNIT_TYPE,VEHICLE_YEAR,VEHICLE_TYPE,TRAVEL_DIRECTION,MANEUVER,FIRST_CONTACT_POINT,POSTED_SPEED_LIMIT,TRAFFIC_CONTROL_DEVICE,DEVICE_CONDITION,WEATHER_CONDITION,LIGHTING_CONDITION,FIRST_CRASH_TYPE,TRAFFICWAY_TYPE,ALIGNMENT,ROADWAY_SURFACE_COND,ROAD_DEFECT,STREET_DIRECTION,NUM_UNITS,CRASH_HOUR,CRASH_DAY_OF_WEEK,CRASH_MONTH,CRASH_YEAR,FATAL_DEGREE,SEX,INTERSECTION_RELATED,HIT_AND_RUN,REPORTYPE,DAMAGE_COST,FATAL_COND
79838,60637,19.0,0.0,-1.0,0.0,1,2015.0,1,3,4,3.0,30,-1,-1,1,1,2,1,1,1,-1,1,3,18,4,6,2020,3.0,1,1,0,1,3,4
79839,60637,19.0,0.0,-1.0,0.0,1,2014.0,1,1,1,3.0,30,-1,-1,1,1,2,1,1,1,-1,1,3,18,4,6,2020,3.0,1,1,0,1,3,4
79840,60637,19.0,0.0,-1.0,0.0,1,2004.0,1,4,1,4.0,30,-1,-1,1,1,2,1,1,1,-1,1,3,18,4,6,2020,3.0,1,1,0,1,3,4
79841,60419,62.0,0.0,0.0,0.0,1,2015.0,1,3,4,3.0,30,-1,-1,1,1,2,1,1,1,-1,1,3,18,4,6,2020,3.0,1,1,0,1,3,4
79842,60419,62.0,0.0,0.0,0.0,1,2014.0,1,1,1,3.0,30,-1,-1,1,1,2,1,1,1,-1,1,3,18,4,6,2020,3.0,1,1,0,1,3,4
79843,60419,62.0,0.0,0.0,0.0,1,2004.0,1,4,1,4.0,30,-1,-1,1,1,2,1,1,1,-1,1,3,18,4,6,2020,3.0,1,1,0,1,3,4
79844,60643,52.0,0.0,0.0,0.0,1,2015.0,1,3,4,3.0,30,-1,-1,1,1,2,1,1,1,-1,1,3,18,4,6,2020,3.0,1,1,0,1,3,4
79845,60643,52.0,0.0,0.0,0.0,1,2014.0,1,1,1,3.0,30,-1,-1,1,1,2,1,1,1,-1,1,3,18,4,6,2020,3.0,1,1,0,1,3,4
79846,60643,52.0,0.0,0.0,0.0,1,2004.0,1,4,1,4.0,30,-1,-1,1,1,2,1,1,1,-1,1,3,18,4,6,2020,3.0,1,1,0,1,3,4
79871,60643,38.0,0.0,3.0,0.0,1,2010.0,-1,4,1,1.0,30,2,1,1,1,1,2,1,1,0,1,2,18,4,6,2020,3.0,1,1,1,1,3,4
79872,60643,38.0,0.0,3.0,0.0,1,2014.0,1,1,1,6.0,30,2,1,1,1,1,2,1,1,0,1,2,18,4,6,2020,3.0,1,1,1,1,3,4
79873,60617,27.0,0.0,0.0,0.0,1,2010.0,-1,4,1,1.0,30,2,1,1,1,1,2,1,1,0,1,2,18,4,6,2020,3.0,1,1,1,1,3,4
79874,60617,27.0,0.0,0.0,0.0,1,2014.0,1,1,1,6.0,30,2,1,1,1,1,2,1,1,0,1,2,18,4,6,2020,3.0,1,1,1,1,3,4
79942,60626,82.0,0.0,0.0,0.0,1,2001.0,1,2,2,2.0,30,1,1,1,2,2,1,1,1,0,2,2,21,4,6,2020,0.0,1,1,1,1,3,3
79972,60620,51.0,0.0,0.0,0.0,1,2018.0,1,2,1,2.0,30,2,0,1,1,3,0,1,1,0,1,2,17,4,6,2020,0.0,1,1,1,0,3,3
79986,60620,36.9,0.0,3.0,0.0,1,2009.0,2,2,1,5.0,30,1,1,1,2,1,0,1,1,0,1,2,22,4,6,2020,2.0,1,1,1,1,3,4
79987,60620,36.9,0.0,3.0,0.0,1,1998.0,1,3,1,1.0,30,1,1,1,2,1,0,1,1,0,1,2,22,4,6,2020,2.0,1,1,1,1,3,4
79988,60620,24.0,0.0,1.0,0.0,1,2009.0,2,2,1,5.0,30,1,1,1,2,1,0,1,1,0,1,2,22,4,6,2020,2.0,0,1,1,1,3,4
79989,60620,24.0,0.0,1.0,0.0,1,1998.0,1,3,1,1.0,30,1,1,1,2,1,0,1,1,0,1,2,22,4,6,2020,2.0,0,1,1,1,3,4
80009,60620,36.0,0.0,2.0,0.0,1,2011.0,-1,4,2,3.0,30,2,1,1,2,2,4,1,1,0,1,2,23,4,6,2020,1.0,0,1,1,1,3,4
80010,60620,36.0,0.0,2.0,0.0,1,2006.0,1,1,1,4.0,30,2,1,1,2,2,4,1,1,0,1,2,23,4,6,2020,1.0,0,1,1,1,3,4
80011,60804,25.0,0.0,0.0,0.0,1,2011.0,-1,4,2,3.0,30,2,1,1,2,2,4,1,1,0,1,2,23,4,6,2020,1.0,1,1,1,1,3,4
80012,60804,25.0,0.0,0.0,0.0,1,2006.0,1,1,1,4.0,30,2,1,1,2,2,4,1,1,0,1,2,23,4,6,2020,1.0,1,1,1,1,3,4
80218,46403,41.0,0.0,1.0,0.0,1,2013.0,2,4,1,5.0,25,2,0,1,1,1,2,1,1,0,3,2,7,5,6,2020,3.0,0,1,1,1,3,4
80219,46403,41.0,0.0,1.0,0.0,1,2000.0,1,1,1,1.0,25,2,0,1,1,1,2,1,1,0,3,2,7,5,6,2020,3.0,0,1,1,1,3,4
80220,60647,26.0,0.0,1.0,0.0,1,2013.0,2,4,1,5.0,25,2,0,1,1,1,2,1,1,0,3,2,7,5,6,2020,3.0,0,1,1,1,3,4
80221,60647,26.0,0.0,1.0,0.0,1,2000.0,1,1,1,1.0,25,2,0,1,1,1,2,1,1,0,3,2,7,5,6,2020,3.0,0,1,1,1,3,4
80306,60647,36.0,0.0,3.0,0.0,1,2014.0,1,3,1,1.0,25,2,1,1,1,1,1,1,1,0,1,2,10,5,6,2020,1.0,1,1,1,1,3,4
80307,60647,36.0,0.0,3.0,0.0,1,2020.0,1,2,1,9.0,25,2,1,1,1,1,1,1,1,0,1,2,10,5,6,2020,1.0,1,1,1,1,3,4
80308,60406,76.0,0.0,-1.0,0.0,1,2014.0,1,3,1,1.0,25,2,1,1,1,1,1,1,1,0,1,2,10,5,6,2020,1.0,1,1,1,1,3,4
80309,60406,76.0,0.0,-1.0,0.0,1,2020.0,1,2,1,9.0,25,2,1,1,1,1,1,1,1,0,1,2,10,5,6,2020,1.0,1,1,1,1,3,4
80342,60647,36.9,0.0,2.0,0.0,1,2017.0,1,4,1,1.0,35,2,1,1,1,1,0,1,1,0,1,2,13,2,6,2020,2.0,1,1,1,1,2,4
80343,60647,36.9,0.0,2.0,0.0,1,2008.0,3,3,1,11.0,35,2,1,1,1,1,0,1,1,0,1,2,13,2,6,2020,2.0,1,1,1,1,2,4
80344,60628,60.0,0.0,0.0,0.0,1,2017.0,1,4,1,1.0,35,2,1,1,1,1,0,1,1,0,1,2,13,2,6,2020,2.0,1,1,1,1,2,4
80345,60628,60.0,0.0,0.0,0.0,1,2008.0,3,3,1,11.0,35,2,1,1,1,1,0,1,1,0,1,2,13,2,6,2020,2.0,1,1,1,1,2,4
80390,60419,37.0,0.0,0.0,0.0,1,2003.0,1,1,1,1.0,30,1,1,1,1,3,5,1,1,0,1,2,12,5,6,2020,0.0,0,1,1,0,2,3
80391,60419,37.0,0.0,0.0,0.0,1,2011.0,2,1,3,2.0,30,1,1,1,1,3,5,1,1,0,1,2,12,5,6,2020,0.0,0,1,1,0,2,3
80547,60652,36.9,0.0,-1.0,0.0,1,2011.0,1,3,-1,-1.0,30,2,2,1,1,9,1,1,1,0,1,2,14,5,6,2020,2.0,0,1,1,1,3,4
80549,60652,63.0,0.0,-1.0,0.0,1,2011.0,1,3,-1,-1.0,30,2,2,1,1,9,1,1,1,0,1,2,14,5,6,2020,2.0,1,1,1,1,3,2
80914,52317,35.0,0.0,0.0,0.0,1,1997.0,4,5,1,1.0,30,1,1,1,1,3,0,1,1,0,1,2,17,5,6,2020,0.0,0,0,1,1,2,3
80915,52317,35.0,0.0,0.0,0.0,1,2019.0,1,5,3,2.0,30,1,1,1,1,3,0,1,1,0,1,2,17,5,6,2020,0.0,0,0,1,1,2,3
81023,60653,36.9,0.0,4.0,0.0,1,2016.0,2,4,1,1.0,30,0,0,1,1,3,0,1,1,0,2,2,18,5,6,2020,2.0,1,1,1,0,3,4
81024,60653,36.9,0.0,4.0,0.0,1,2017.0,1,4,3,2.0,30,0,0,1,1,3,0,1,1,0,2,2,18,5,6,2020,2.0,1,1,1,0,3,4
81025,60610,36.9,0.0,0.0,0.0,1,2016.0,2,4,1,1.0,30,0,0,1,1,3,0,1,1,0,2,2,18,5,6,2020,2.0,0,1,1,0,3,4
81026,60610,36.9,0.0,0.0,0.0,1,2017.0,1,4,3,2.0,30,0,0,1,1,3,0,1,1,0,2,2,18,5,6,2020,2.0,0,1,1,0,3,4
81038,60610,38.0,0.0,-1.0,0.0,1,2010.0,-1,-1,-1,4.0,30,0,0,1,1,6,2,1,1,0,1,2,17,5,6,2020,3.0,1,1,1,1,3,4
81039,60610,38.0,0.0,-1.0,0.0,1,2016.0,1,3,1,1.0,30,0,0,1,1,6,2,1,1,0,1,2,17,5,6,2020,3.0,1,1,1,1,3,4
81040,60827,43.0,0.0,0.0,0.0,1,2010.0,-1,-1,-1,4.0,30,0,0,1,1,6,2,1,1,0,1,2,17,5,6,2020,3.0,0,1,1,1,3,4
81041,60827,43.0,0.0,0.0,0.0,1,2016.0,1,3,1,1.0,30,0,0,1,1,6,2,1,1,0,1,2,17,5,6,2020,3.0,0,1,1,1,3,4
81123,60610,36.0,0.0,2.0,0.0,1,2010.0,1,1,1,9.0,30,2,0,1,1,1,1,1,1,0,2,2,18,5,6,2020,1.0,0,1,1,1,3,4
81124,60610,36.0,0.0,2.0,0.0,1,2009.0,6,2,1,1.0,30,2,0,1,1,1,1,1,1,0,2,2,18,5,6,2020,1.0,0,1,1,1,3,4
81125,60104,58.0,2.0,0.0,0.0,1,2010.0,1,1,1,9.0,30,2,0,1,1,1,1,1,1,0,2,2,18,5,6,2020,1.0,1,1,1,1,3,4
81126,60104,58.0,2.0,0.0,0.0,1,2009.0,6,2,1,1.0,30,2,0,1,1,1,1,1,1,0,2,2,18,5,6,2020,1.0,1,1,1,1,3,4
81286,60610,60.0,0.0,0.0,0.0,1,2017.0,2,2,3,8.0,30,1,1,1,1,3,1,1,1,0,2,2,16,5,6,2020,0.0,1,1,1,0,3,3
81346,60610,38.0,0.0,3.0,0.0,1,2003.0,1,4,1,10.0,20,2,1,1,2,1,1,1,1,0,4,2,2,6,6,2020,3.0,0,1,1,1,2,4
81347,60621,16.0,0.0,-1.0,0.0,1,2010.0,1,3,1,1.0,20,2,1,1,2,1,1,1,1,0,4,2,2,6,6,2020,3.0,1,1,1,1,2,4
81348,60621,16.0,0.0,-1.0,0.0,1,2003.0,1,4,1,10.0,20,2,1,1,2,1,1,1,1,0,4,2,2,6,6,2020,3.0,1,1,1,1,2,4
81657,0,38.0,0.0,-1.0,0.0,1,2011.0,-1,1,-1,1.0,30,1,1,2,1,1,1,1,2,-1,2,2,7,6,6,2020,3.0,0,1,1,1,3,4
81658,0,38.0,0.0,-1.0,0.0,1,2016.0,5,4,-1,9.0,30,1,1,2,1,1,1,1,2,-1,2,2,7,6,6,2020,3.0,0,1,1,1,3,4
81659,60644,39.0,-1.0,-1.0,0.0,1,2011.0,-1,1,-1,1.0,30,1,1,2,1,1,1,1,2,-1,2,2,7,6,6,2020,3.0,1,1,1,1,3,4
81660,60644,39.0,-1.0,-1.0,0.0,1,2016.0,5,4,-1,9.0,30,1,1,2,1,1,1,1,2,-1,2,2,7,6,6,2020,3.0,1,1,1,1,3,4
81744,0,38.0,0.0,-1.0,0.0,1,2010.0,-1,1,-1,6.0,30,2,1,2,1,1,1,1,2,0,1,2,11,6,6,2020,3.0,0,1,1,1,3,4
81745,0,38.0,0.0,-1.0,0.0,1,2015.0,1,4,3,1.0,30,2,1,2,1,1,1,1,2,0,1,2,11,6,6,2020,3.0,0,1,1,1,3,4
81746,60453,49.0,0.0,1.0,0.0,1,2010.0,-1,1,-1,6.0,30,2,1,2,1,1,1,1,2,0,1,2,11,6,6,2020,3.0,0,1,1,1,3,4
81747,60453,49.0,0.0,1.0,0.0,1,2015.0,1,4,3,1.0,30,2,1,2,1,1,1,1,2,0,1,2,11,6,6,2020,3.0,0,1,1,1,3,4
81892,60827,18.0,0.0,2.0,0.0,1,2010.0,1,1,1,3.0,30,1,1,1,1,2,1,1,1,0,1,2,11,6,6,2020,0.0,0,1,1,1,3,4
81893,60827,18.0,0.0,2.0,0.0,1,2008.0,1,3,2,4.0,30,1,1,1,1,2,1,1,1,0,1,2,11,6,6,2020,0.0,0,1,1,1,3,4
81948,60628,36.9,-1.0,3.0,0.0,1,2011.0,-1,4,1,1.0,30,2,0,1,1,1,0,1,2,0,4,2,14,6,6,2020,2.0,1,1,1,1,3,4
81949,60628,36.9,-1.0,3.0,0.0,1,2011.0,1,1,1,4.0,30,2,0,1,1,1,0,1,2,0,4,2,14,6,6,2020,2.0,1,1,1,1,3,4
81950,77493,32.0,0.0,0.0,0.0,1,2011.0,-1,4,1,1.0,30,2,0,1,1,1,0,1,2,0,4,2,14,6,6,2020,2.0,1,1,1,1,3,4
81951,77493,32.0,0.0,0.0,0.0,1,2011.0,1,1,1,4.0,30,2,0,1,1,1,0,1,2,0,4,2,14,6,6,2020,2.0,1,1,1,1,3,4
82000,60617,31.0,0.0,0.0,0.0,1,2019.0,3,2,1,2.0,30,1,1,1,1,3,2,1,2,0,4,2,13,6,6,2020,0.0,0,1,1,1,3,3
82080,60620,23.0,0.0,0.0,0.0,1,2010.0,2,4,1,1.0,30,1,1,1,2,3,2,1,1,0,1,2,23,5,6,2020,0.0,0,1,1,0,2,3
82081,60620,23.0,0.0,0.0,0.0,1,2018.0,1,4,3,2.0,30,1,1,1,2,3,2,1,1,0,1,2,23,5,6,2020,0.0,0,1,1,0,2,3
82093,60659,39.0,0.0,0.0,0.0,1,2008.0,1,3,1,5.0,30,1,1,2,1,2,6,1,2,0,3,2,15,6,6,2020,0.0,0,1,1,1,3,3
82297,60618,39.0,0.0,0.0,0.0,1,2016.0,1,4,3,2.0,30,1,1,2,1,3,0,1,2,0,2,2,16,6,6,2020,0.0,1,1,1,0,3,3
82382,77493,36.9,-1.0,-1.0,0.0,1,2011.0,-1,-1,-1,-1.0,30,-1,-1,-1,1,5,0,1,2,0,2,2,16,6,6,2020,2.0,0,1,1,1,3,4
82384,60634,76.0,-1.0,-1.0,0.0,1,2011.0,-1,-1,-1,-1.0,30,-1,-1,-1,1,5,0,1,2,0,2,2,16,6,6,2020,2.0,1,1,1,1,3,0
82459,0,36.9,0.0,4.0,0.0,1,2011.0,1,1,1,-1.0,45,0,0,1,1,3,2,1,1,0,1,2,17,6,6,2020,2.0,1,1,1,1,2,4
82460,0,36.9,0.0,4.0,0.0,1,2018.0,1,1,1,2.0,45,0,0,1,1,3,2,1,1,0,1,2,17,6,6,2020,2.0,1,1,1,1,2,4
82461,60804,45.0,0.0,0.0,0.0,1,2011.0,1,1,1,-1.0,45,0,0,1,1,3,2,1,1,0,1,2,17,6,6,2020,2.0,1,1,1,1,2,4
82462,60804,45.0,0.0,0.0,0.0,1,2018.0,1,1,1,2.0,45,0,0,1,1,3,2,1,1,0,1,2,17,6,6,2020,2.0,1,1,1,1,2,4
82627,60639,20.0,0.0,-1.0,0.0,1,2018.0,1,2,1,4.0,30,2,2,2,2,1,0,1,2,0,2,2,20,6,6,2020,0.0,1,1,1,1,3,3
82750,60302,34.0,0.0,8.0,0.0,1,2013.0,1,3,4,5.0,30,1,1,2,3,2,1,1,2,0,1,4,21,6,6,2020,0.0,1,1,0,1,3,3
82751,60302,34.0,0.0,8.0,0.0,1,2017.0,1,4,1,12.0,30,1,1,2,3,2,1,1,2,0,1,4,21,6,6,2020,0.0,1,1,0,1,3,3
82752,60302,34.0,0.0,8.0,0.0,1,2004.0,1,2,2,1.0,30,1,1,2,3,2,1,1,2,0,1,4,21,6,6,2020,0.0,1,1,0,1,3,3
82753,60302,34.0,0.0,8.0,0.0,1,2019.0,1,2,-1,5.0,30,1,1,2,3,2,1,1,2,0,1,4,21,6,6,2020,0.0,1,1,0,1,3,3
82754,60620,42.0,0.0,0.0,0.0,1,2013.0,1,3,4,5.0,30,1,1,2,3,2,1,1,2,0,1,4,21,6,6,2020,0.0,1,1,0,1,3,3
82755,60620,42.0,0.0,0.0,0.0,1,2017.0,1,4,1,12.0,30,1,1,2,3,2,1,1,2,0,1,4,21,6,6,2020,0.0,1,1,0,1,3,3
82756,60620,42.0,0.0,0.0,0.0,1,2004.0,1,2,2,1.0,30,1,1,2,3,2,1,1,2,0,1,4,21,6,6,2020,0.0,1,1,0,1,3,3
82758,60615,27.0,0.0,0.0,0.0,1,2013.0,1,3,4,5.0,30,1,1,2,3,2,1,1,2,0,1,4,21,6,6,2020,0.0,0,1,0,1,3,3
82759,60615,27.0,0.0,0.0,0.0,1,2017.0,1,4,1,12.0,30,1,1,2,3,2,1,1,2,0,1,4,21,6,6,2020,0.0,0,1,0,1,3,3
82760,60615,27.0,0.0,0.0,0.0,1,2004.0,1,2,2,1.0,30,1,1,2,3,2,1,1,2,0,1,4,21,6,6,2020,0.0,0,1,0,1,3,3
82761,60615,27.0,0.0,0.0,0.0,1,2019.0,1,2,-1,5.0,30,1,1,2,3,2,1,1,2,0,1,4,21,6,6,2020,0.0,0,1,0,1,3,3
82823,60651,31.0,0.0,0.0,0.0,1,2010.0,1,1,1,9.0,30,2,1,1,2,1,1,1,2,0,1,2,0,7,6,2020,0.0,0,1,1,1,3,3
82920,60104,30.0,0.0,0.0,0.0,1,2016.0,2,3,1,3.0,30,1,1,1,2,1,1,1,1,0,3,2,4,7,6,2020,0.0,0,1,1,1,3,4
82955,60651,36.9,0.0,4.0,0.0,1,2004.0,1,3,3,1.0,30,1,1,1,1,3,1,1,1,0,3,2,13,6,6,2020,2.0,1,0,1,1,3,4
82956,60651,36.9,0.0,4.0,0.0,1,2015.0,3,3,3,2.0,30,1,1,1,1,3,1,1,1,0,3,2,13,6,6,2020,2.0,1,0,1,1,3,4
82957,60634,61.0,0.0,0.0,0.0,1,2004.0,1,3,3,1.0,30,1,1,1,1,3,1,1,1,0,3,2,13,6,6,2020,2.0,1,0,1,1,3,4
82958,60634,61.0,0.0,0.0,0.0,1,2015.0,3,3,3,2.0,30,1,1,1,1,3,1,1,1,0,3,2,13,6,6,2020,2.0,1,0,1,1,3,4
83154,60619,25.0,0.0,14.0,0.0,1,2011.0,2,1,3,4.0,30,1,1,1,1,4,2,1,1,0,1,2,12,7,6,2020,0.0,0,1,0,0,2,3
83155,60619,25.0,0.0,14.0,0.0,1,2019.0,1,1,1,5.0,30,1,1,1,1,4,2,1,1,0,1,2,12,7,6,2020,0.0,0,1,0,0,2,3
83156,60620,68.0,0.0,0.0,0.0,1,2011.0,2,1,3,4.0,30,1,1,1,1,4,2,1,1,0,1,2,12,7,6,2020,0.0,1,1,0,0,2,3
83157,60620,68.0,0.0,0.0,0.0,1,2019.0,1,1,1,5.0,30,1,1,1,1,4,2,1,1,0,1,2,12,7,6,2020,0.0,1,1,0,0,2,3
83217,60628,53.0,0.0,0.0,0.0,1,2014.0,1,-1,1,3.0,10,1,1,1,1,1,13,1,1,0,2,2,12,7,6,2020,0.0,0,1,1,0,2,3
83258,60639,51.0,0.0,0.0,0.0,1,2016.0,1,3,8,4.0,35,1,1,1,1,4,1,1,1,0,3,2,12,7,6,2020,0.0,1,1,0,0,3,3
83259,60639,51.0,0.0,0.0,0.0,1,2009.0,1,3,3,3.0,35,1,1,1,1,4,1,1,1,0,3,2,12,7,6,2020,0.0,1,1,0,0,3,3
83421,60426,43.0,0.0,0.0,0.0,1,2012.0,1,8,1,7.0,30,0,0,1,1,3,2,1,1,0,1,3,14,7,6,2020,0.0,0,1,1,1,2,3
83422,60426,43.0,0.0,0.0,0.0,1,2016.0,1,8,1,1.0,30,0,0,1,1,3,2,1,1,0,1,3,14,7,6,2020,0.0,0,1,1,1,2,3
83424,60632,29.0,0.0,4.0,0.0,1,2012.0,1,8,1,7.0,30,0,0,1,1,3,2,1,1,0,1,3,14,7,6,2020,0.0,0,1,1,1,2,3
83425,60632,29.0,0.0,4.0,0.0,1,2016.0,1,8,1,1.0,30,0,0,1,1,3,2,1,1,0,1,3,14,7,6,2020,0.0,0,1,1,1,2,3
83910,0,36.0,0.0,-1.0,0.0,1,1998.0,1,4,1,1.0,30,1,1,3,1,3,5,1,1,0,2,2,15,6,6,2020,1.0,0,1,1,0,2,4
83911,0,36.0,0.0,-1.0,0.0,1,2011.0,3,4,3,2.0,30,1,1,3,1,3,5,1,1,0,2,2,15,6,6,2020,1.0,0,1,1,0,2,4
83912,60652,48.0,0.0,0.0,0.0,1,1998.0,1,4,1,1.0,30,1,1,3,1,3,5,1,1,0,2,2,15,6,6,2020,1.0,0,1,1,0,2,4
83913,60652,48.0,0.0,0.0,0.0,1,2011.0,3,4,3,2.0,30,1,1,3,1,3,5,1,1,0,2,2,15,6,6,2020,1.0,0,1,1,0,2,4
84020,60478,30.0,0.0,0.0,0.0,1,2016.0,1,1,3,2.0,35,0,0,1,3,3,0,1,1,0,1,2,21,7,6,2020,0.0,0,0,1,0,2,3
84109,0,36.9,0.0,-1.0,0.0,1,2011.0,2,1,1,-1.0,30,0,0,1,2,5,0,1,1,0,3,2,0,1,6,2020,2.0,0,1,1,1,3,4
84111,60621,21.0,-1.0,-1.0,0.0,1,2011.0,2,1,1,-1.0,30,0,0,1,2,5,0,1,1,0,3,2,0,1,6,2020,2.0,1,1,1,1,3,0
84203,60440,38.0,0.0,-1.0,0.0,1,2004.0,1,8,1,1.0,30,1,1,1,3,3,0,1,1,0,1,2,3,1,6,2020,3.0,1,1,0,1,3,4
84204,60440,38.0,0.0,-1.0,0.0,1,1996.0,1,8,1,2.0,30,1,1,1,3,3,0,1,1,0,1,2,3,1,6,2020,3.0,1,1,0,1,3,4
84205,60639,30.0,0.0,0.0,0.0,1,2004.0,1,8,1,1.0,30,1,1,1,3,3,0,1,1,0,1,2,3,1,6,2020,3.0,1,1,0,1,3,4
84206,60639,30.0,0.0,0.0,0.0,1,1996.0,1,8,1,2.0,30,1,1,1,3,3,0,1,1,0,1,2,3,1,6,2020,3.0,1,1,0,1,3,4
84539,60619,28.0,0.0,2.0,0.0,1,2007.0,1,1,3,1.0,30,1,1,1,1,3,0,1,1,0,3,2,12,1,6,2020,0.0,0,1,0,1,2,3
84540,60619,28.0,0.0,2.0,0.0,1,2014.0,1,1,3,2.0,30,1,1,1,1,3,0,1,1,0,3,2,12,1,6,2020,0.0,0,1,0,1,2,3
84541,60634,33.0,0.0,0.0,0.0,1,2007.0,1,1,3,1.0,30,1,1,1,1,3,0,1,1,0,3,2,12,1,6,2020,0.0,1,1,0,1,2,3
84542,60634,33.0,0.0,0.0,0.0,1,2014.0,1,1,3,2.0,30,1,1,1,1,3,0,1,1,0,3,2,12,1,6,2020,0.0,1,1,0,1,2,3
84795,60632,20.0,0.0,0.0,0.0,1,2016.0,1,4,2,2.0,30,0,0,1,1,3,0,1,1,0,1,3,16,1,6,2020,0.0,1,1,1,1,2,3
84866,0,38.0,1.0,2.0,0.0,1,2019.0,1,2,6,1.0,30,0,0,1,1,2,0,1,1,0,2,2,16,1,6,2020,3.0,1,1,1,1,3,4
84867,0,38.0,1.0,2.0,0.0,1,2010.0,1,2,2,3.0,30,0,0,1,1,2,0,1,1,0,2,2,16,1,6,2020,3.0,1,1,1,1,3,4
84868,60110,29.0,0.0,0.0,0.0,1,2019.0,1,2,6,1.0,30,0,0,1,1,2,0,1,1,0,2,2,16,1,6,2020,3.0,0,1,1,1,3,4
84869,60110,29.0,0.0,0.0,0.0,1,2010.0,1,2,2,3.0,30,0,0,1,1,2,0,1,1,0,2,2,16,1,6,2020,3.0,0,1,1,1,3,4
84947,60612,32.0,0.0,0.0,0.0,1,2014.0,1,2,1,6.0,30,1,1,1,1,1,0,1,1,0,2,2,18,1,6,2020,0.0,0,1,1,0,2,3
84953,60653,62.0,0.0,0.0,0.0,1,2015.0,1,1,1,3.0,30,1,1,1,1,1,3,1,1,0,3,2,17,1,6,2020,0.0,1,1,1,1,3,3
85292,60153,36.0,0.0,0.0,0.0,2,2004.0,1,-1,5,2.0,30,2,1,1,5,1,1,1,1,0,1,3,4,2,6,2020,1.0,0,1,0,1,3,4
85293,60153,36.0,0.0,0.0,0.0,3,2015.0,1,3,1,1.0,30,2,1,1,5,1,1,1,1,0,1,3,4,2,6,2020,1.0,0,1,0,1,3,4
85294,60153,36.0,0.0,0.0,0.0,1,2019.0,1,4,1,-1.0,30,2,1,1,5,1,1,1,1,0,1,3,4,2,6,2020,1.0,0,1,0,1,3,4
85330,60621,35.0,-1.0,0.0,0.0,1,2011.0,-1,-1,-1,-1.0,30,1,-1,1,3,5,0,1,-1,-1,1,2,1,2,6,2020,2.0,1,1,1,1,3,0
85393,0,36.0,0.0,3.0,0.0,1,1999.0,1,3,2,1.0,30,1,1,1,1,2,4,1,1,0,1,2,5,2,6,2020,1.0,0,1,1,1,3,4
85394,0,36.0,0.0,3.0,0.0,1,2008.0,-1,2,1,-1.0,30,1,1,1,1,2,4,1,1,0,1,2,5,2,6,2020,1.0,0,1,1,1,3,4
85395,60623,50.0,0.0,0.0,0.0,1,1999.0,1,3,2,1.0,30,1,1,1,1,2,4,1,1,0,1,2,5,2,6,2020,1.0,1,1,1,1,3,4
85396,60623,50.0,0.0,0.0,0.0,1,2008.0,-1,2,1,-1.0,30,1,1,1,1,2,4,1,1,0,1,2,5,2,6,2020,1.0,1,1,1,1,3,4
85409,60610,15.0,2.0,0.0,0.0,1,2011.0,1,3,1,-1.0,30,0,0,1,1,9,0,1,1,0,3,2,16,1,6,2020,2.0,1,1,1,0,1,2
85413,0,36.9,0.0,2.0,0.0,1,2017.0,1,1,7,1.0,30,1,1,1,2,9,0,1,1,0,3,2,21,1,6,2020,2.0,0,1,1,0,3,4
85415,60613,32.0,0.0,0.0,0.0,1,2017.0,1,1,7,1.0,30,1,1,1,2,9,0,1,1,0,3,2,21,1,6,2020,2.0,0,1,1,0,3,2
85692,60652,37.0,0.0,1.0,0.0,1,2019.0,2,2,2,6.0,30,1,1,1,1,2,1,1,1,0,2,2,12,2,6,2020,0.0,1,1,1,1,3,4
85799,0,38.0,0.0,2.0,0.0,1,2007.0,-1,4,1,1.0,25,1,1,1,5,1,0,1,1,-1,2,2,14,2,6,2020,3.0,0,1,1,0,3,4
85800,0,38.0,0.0,2.0,0.0,1,2010.0,-1,4,1,1.0,25,1,1,1,5,1,0,1,1,-1,2,2,14,2,6,2020,3.0,0,1,1,0,3,4
85801,0,38.0,0.0,2.0,0.0,1,2010.0,1,3,1,5.0,25,1,1,1,5,1,0,1,1,-1,2,2,14,2,6,2020,3.0,0,1,1,0,3,4
85802,0,38.0,0.0,2.0,0.0,1,2010.0,1,3,1,5.0,25,1,1,1,5,1,0,1,1,-1,2,2,14,2,6,2020,3.0,0,1,1,0,3,4
85803,60615,28.0,0.0,0.0,0.0,1,2007.0,-1,4,1,1.0,25,1,1,1,5,1,0,1,1,-1,2,2,14,2,6,2020,3.0,0,1,1,0,3,4
85804,60615,28.0,0.0,0.0,0.0,1,2010.0,-1,4,1,1.0,25,1,1,1,5,1,0,1,1,-1,2,2,14,2,6,2020,3.0,0,1,1,0,3,4