index,ZIPCODE,AGE,EJECTION,DRIVER_ACTION,BAC_RESULT,UNIT_TYPE,VEHICLE_YEAR,VEHICLE_TYPE,TRAVEL_DIRECTION,MANEUVER,FIRST_CONTACT_POINT,POSTED_SPEED_LIMIT,TRAFFIC_CONTROL_DEVICE,DEVICE_CONDITION,WEATHER_CONDITION,LIGHTING_CONDITION,FIRST_CRASH_TYPE,TRAFFICWAY_TYPE,ALIGNMENT,ROADWAY_SURFACE_COND,ROAD_DEFECT,STREET_DIRECTION,NUM_UNITS,CRASH_HOUR,CRASH_DAY_OF_WEEK,CRASH_MONTH,CRASH_YEAR,FATAL_DEGREE,SEX,INTERSECTION_RELATED,HIT_AND_RUN,REPORTYPE,DAMAGE_COST,FATAL_COND
85805,60615,28.0,0.0,0.0,0.0,1,2010.0,1,3,1,5.0,25,1,1,1,5,1,0,1,1,-1,2,2,14,2,6,2020,3.0,0,1,1,0,3,4
85806,60615,28.0,0.0,0.0,0.0,1,2010.0,1,3,1,5.0,25,1,1,1,5,1,0,1,1,-1,2,2,14,2,6,2020,3.0,0,1,1,0,3,4
85807,0,38.0,0.0,2.0,0.0,1,2007.0,-1,4,1,1.0,25,1,1,1,5,1,0,1,1,-1,2,2,14,2,6,2020,3.0,0,1,1,0,3,4
85808,0,38.0,0.0,2.0,0.0,1,2010.0,-1,4,1,1.0,25,1,1,1,5,1,0,1,1,-1,2,2,14,2,6,2020,3.0,0,1,1,0,3,4
85809,0,38.0,0.0,2.0,0.0,1,2010.0,1,3,1,5.0,25,1,1,1,5,1,0,1,1,-1,2,2,14,2,6,2020,3.0,0,1,1,0,3,4
85810,0,38.0,0.0,2.0,0.0,1,2010.0,1,3,1,5.0,25,1,1,1,5,1,0,1,1,-1,2,2,14,2,6,2020,3.0,0,1,1,0,3,4
85811,60615,28.0,0.0,0.0,0.0,1,2007.0,-1,4,1,1.0,25,1,1,1,5,1,0,1,1,-1,2,2,14,2,6,2020,3.0,0,1,1,0,3,4
85812,60615,28.0,0.0,0.0,0.0,1,2010.0,-1,4,1,1.0,25,1,1,1,5,1,0,1,1,-1,2,2,14,2,6,2020,3.0,0,1,1,0,3,4
85813,60615,28.0,0.0,0.0,0.0,1,2010.0,1,3,1,5.0,25,1,1,1,5,1,0,1,1,-1,2,2,14,2,6,2020,3.0,0,1,1,0,3,4
85814,60615,28.0,0.0,0.0,0.0,1,2010.0,1,3,1,5.0,25,1,1,1,5,1,0,1,1,-1,2,2,14,2,6,2020,3.0,0,1,1,0,3,4
86297,0,36.9,0.0,2.0,0.0,1,2011.0,1,1,1,1.0,30,1,1,1,1,3,0,1,2,-1,1,3,17,2,6,2020,2.0,0,1,1,0,3,4
86298,0,36.9,0.0,2.0,0.0,1,2016.0,1,1,3,2.0,30,1,1,1,1,3,0,1,2,-1,1,3,17,2,6,2020,2.0,0,1,1,0,3,4
86299,0,36.9,0.0,2.0,0.0,1,2020.0,1,1,3,2.0,30,1,1,1,1,3,0,1,2,-1,1,3,17,2,6,2020,2.0,0,1,1,0,3,4
86300,60443,32.0,0.0,0.0,0.0,1,2011.0,1,1,1,1.0,30,1,1,1,1,3,0,1,2,-1,1,3,17,2,6,2020,2.0,1,1,1,0,3,4
86301,60443,32.0,0.0,0.0,0.0,1,2016.0,1,1,3,2.0,30,1,1,1,1,3,0,1,2,-1,1,3,17,2,6,2020,2.0,1,1,1,0,3,4
86302,60443,32.0,0.0,0.0,0.0,1,2020.0,1,1,3,2.0,30,1,1,1,1,3,0,1,2,-1,1,3,17,2,6,2020,2.0,1,1,1,0,3,4
86303,60616,24.0,0.0,0.0,0.0,1,2011.0,1,1,1,1.0,30,1,1,1,1,3,0,1,2,-1,1,3,17,2,6,2020,2.0,0,1,1,0,3,4
86304,60616,24.0,0.0,0.0,0.0,1,2016.0,1,1,3,2.0,30,1,1,1,1,3,0,1,2,-1,1,3,17,2,6,2020,2.0,0,1,1,0,3,4
86305,60616,24.0,0.0,0.0,0.0,1,2020.0,1,1,3,2.0,30,1,1,1,1,3,0,1,2,-1,1,3,17,2,6,2020,2.0,0,1,1,0,3,4
86394,60010,25.0,0.0,0.0,0.0,1,2010.0,1,4,1,4.0,30,1,1,1,1,2,0,1,1,0,2,2,18,2,6,2020,0.0,0,1,1,0,2,3
86458,0,36.9,-1.0,-1.0,0.0,1,2012.0,1,1,1,2.0,30,2,-1,-1,-1,3,3,1,-1,-1,3,2,17,2,6,2020,2.0,0,1,1,0,3,4
86460,0,36.9,0.0,-1.0,0.0,1,2012.0,1,1,1,2.0,30,2,-1,-1,-1,3,3,1,-1,-1,3,2,17,2,6,2020,2.0,1,1,1,0,3,4
86559,0,36.9,0.0,-1.0,0.0,1,2011.0,-1,1,2,3.0,25,-1,-1,2,4,5,1,1,2,0,1,2,17,2,6,2020,2.0,1,1,1,1,1,4
86561,60620,61.0,-1.0,0.0,2.0,1,2011.0,-1,1,2,3.0,25,-1,-1,2,4,5,1,1,2,0,1,2,17,2,6,2020,2.0,1,1,1,1,1,0
86565,0,38.0,-1.0,-1.0,0.0,1,2012.0,1,4,1,-1.0,30,1,1,1,2,1,2,1,1,0,2,3,23,2,6,2020,3.0,0,1,1,1,3,4
86567,0,38.0,-1.0,-1.0,0.0,1,2004.0,1,4,1,-1.0,30,1,1,1,2,1,2,1,1,0,2,3,23,2,6,2020,3.0,0,1,1,1,3,4
86568,60637,30.0,0.0,1.0,0.0,1,2012.0,1,4,1,-1.0,30,1,1,1,2,1,2,1,1,0,2,3,23,2,6,2020,3.0,1,1,1,1,3,4
86569,60637,30.0,0.0,1.0,0.0,1,2010.0,-1,-1,-1,-1.0,30,1,1,1,2,1,2,1,1,0,2,3,23,2,6,2020,3.0,1,1,1,1,3,4
86570,60637,30.0,0.0,1.0,0.0,1,2004.0,1,4,1,-1.0,30,1,1,1,2,1,2,1,1,0,2,3,23,2,6,2020,3.0,1,1,1,1,3,4
86571,60409,48.0,0.0,-1.0,0.0,1,2012.0,1,4,1,-1.0,30,1,1,1,2,1,2,1,1,0,2,3,23,2,6,2020,3.0,1,1,1,1,3,4
86572,60409,48.0,0.0,-1.0,0.0,1,2010.0,-1,-1,-1,-1.0,30,1,1,1,2,1,2,1,1,0,2,3,23,2,6,2020,3.0,1,1,1,1,3,4
86573,60409,48.0,0.0,-1.0,0.0,1,2004.0,1,4,1,-1.0,30,1,1,1,2,1,2,1,1,0,2,3,23,2,6,2020,3.0,1,1,1,1,3,4
86793,60637,39.0,0.0,0.0,0.0,1,2011.0,2,1,1,4.0,30,1,1,1,1,4,0,1,1,0,3,2,10,3,6,2020,0.0,1,1,1,0,2,3
86856,60649,36.0,0.0,5.0,0.0,1,2005.0,1,2,1,3.0,30,0,0,1,1,2,2,1,1,0,2,2,12,3,6,2020,1.0,1,1,1,1,3,4
86857,60651,23.0,0.0,0.0,0.0,1,2019.0,1,2,4,8.0,30,0,0,1,1,2,2,1,1,0,2,2,12,3,6,2020,1.0,1,1,1,1,3,4
86858,60651,23.0,0.0,0.0,0.0,1,2005.0,1,2,1,3.0,30,0,0,1,1,2,2,1,1,0,2,2,12,3,6,2020,1.0,1,1,1,1,3,4
86962,60628,19.0,0.0,0.0,0.0,1,2008.0,1,2,6,4.0,30,0,0,1,1,2,0,2,1,0,2,2,13,3,6,2020,0.0,0,1,1,0,3,3
86963,60628,19.0,0.0,0.0,0.0,1,2011.0,2,2,2,3.0,30,0,0,1,1,2,0,2,1,0,2,2,13,3,6,2020,0.0,0,1,1,0,3,3
86981,60076,43.0,0.0,0.0,0.0,1,2010.0,2,6,4,4.0,30,0,0,1,1,2,0,1,1,0,1,2,13,3,6,2020,0.0,0,1,1,0,3,3
86992,60606,26.0,0.0,0.0,0.0,1,2002.0,2,4,1,1.0,30,1,1,1,1,1,1,1,1,0,3,2,13,3,6,2020,0.0,0,1,1,1,2,3
86993,60606,26.0,0.0,0.0,0.0,1,2012.0,2,1,1,11.0,30,1,1,1,1,1,1,1,1,0,3,2,13,3,6,2020,0.0,0,1,1,1,2,3
87155,60606,23.0,0.0,0.0,0.0,1,2020.0,1,2,3,5.0,30,1,1,1,1,7,1,1,1,0,2,2,15,3,6,2020,0.0,0,1,1,1,1,3
87218,60606,36.0,0.0,9.0,0.0,1,2018.0,1,1,1,1.0,30,1,1,1,1,1,4,1,1,0,4,2,15,3,6,2020,1.0,1,1,1,1,3,4
87219,60606,36.0,0.0,9.0,0.0,1,2004.0,1,2,1,10.0,30,1,1,1,1,1,4,1,1,0,4,2,15,3,6,2020,1.0,1,1,1,1,3,4
87220,60618,58.0,0.0,0.0,0.0,1,2018.0,1,1,1,1.0,30,1,1,1,1,1,4,1,1,0,4,2,15,3,6,2020,1.0,1,1,1,1,3,4
87221,60618,58.0,0.0,0.0,0.0,1,2004.0,1,2,1,10.0,30,1,1,1,1,1,4,1,1,0,4,2,15,3,6,2020,1.0,1,1,1,1,3,4
87444,60611,34.0,0.0,0.0,0.0,1,2014.0,1,4,3,2.0,30,1,1,1,1,3,0,1,1,0,2,2,17,3,6,2020,0.0,1,1,1,0,3,3
87531,0,36.9,0.0,-1.0,0.0,1,2011.0,1,1,1,10.0,30,1,1,1,1,1,1,1,1,0,4,3,16,3,6,2020,2.0,1,1,1,1,3,4
87532,0,36.9,0.0,-1.0,0.0,2,2015.0,1,3,5,1.0,30,1,1,1,1,1,1,1,1,0,4,3,16,3,6,2020,2.0,1,1,1,1,3,4
87533,0,36.9,0.0,-1.0,0.0,1,2005.0,1,4,1,1.0,30,1,1,1,1,1,1,1,1,0,4,3,16,3,6,2020,2.0,1,1,1,1,3,4
87534,60478,30.0,0.0,-1.0,0.0,1,2011.0,1,1,1,10.0,30,1,1,1,1,1,1,1,1,0,4,3,16,3,6,2020,2.0,1,1,1,1,3,4
87535,60478,30.0,0.0,-1.0,0.0,2,2015.0,1,3,5,1.0,30,1,1,1,1,1,1,1,1,0,4,3,16,3,6,2020,2.0,1,1,1,1,3,4
87536,60478,30.0,0.0,-1.0,0.0,1,2005.0,1,4,1,1.0,30,1,1,1,1,1,1,1,1,0,4,3,16,3,6,2020,2.0,1,1,1,1,3,4
87558,60804,22.0,0.0,0.0,0.0,1,2007.0,4,1,1,4.0,30,1,1,1,1,4,0,1,1,0,3,3,19,3,6,2020,0.0,1,1,1,1,3,3
87559,60804,22.0,0.0,0.0,0.0,1,2007.0,2,1,1,7.0,30,1,1,1,1,4,0,1,1,0,3,3,19,3,6,2020,0.0,1,1,1,1,3,3
87560,60804,22.0,0.0,0.0,0.0,1,2019.0,1,1,8,3.0,30,1,1,1,1,4,0,1,1,0,3,3,19,3,6,2020,0.0,1,1,1,1,3,3
87561,60623,49.0,0.0,0.0,0.0,1,2007.0,4,1,1,4.0,30,1,1,1,1,4,0,1,1,0,3,3,19,3,6,2020,0.0,0,1,1,1,3,3
87562,60623,49.0,0.0,0.0,0.0,1,2007.0,2,1,1,7.0,30,1,1,1,1,4,0,1,1,0,3,3,19,3,6,2020,0.0,0,1,1,1,3,3
87563,60623,49.0,0.0,0.0,0.0,1,2019.0,1,1,8,3.0,30,1,1,1,1,4,0,1,1,0,3,3,19,3,6,2020,0.0,0,1,1,1,3,3
87592,0,36.9,0.0,2.0,0.0,1,2000.0,1,1,9,4.0,30,2,1,1,1,1,1,1,1,0,2,2,19,3,6,2020,2.0,0,1,1,1,3,4
87593,0,36.9,0.0,2.0,0.0,1,2016.0,-1,4,1,5.0,30,2,1,1,1,1,1,1,1,0,2,2,19,3,6,2020,2.0,0,1,1,1,3,4
87594,60623,22.0,0.0,0.0,0.0,1,2000.0,1,1,9,4.0,30,2,1,1,1,1,1,1,1,0,2,2,19,3,6,2020,2.0,1,1,1,1,3,4
87595,60623,22.0,0.0,0.0,0.0,1,2016.0,-1,4,1,5.0,30,2,1,1,1,1,1,1,1,0,2,2,19,3,6,2020,2.0,1,1,1,1,3,4
87780,60628,22.0,-1.0,0.0,0.0,1,2010.0,-1,-1,-1,-1.0,30,0,0,1,2,5,0,1,1,0,2,2,3,4,7,2020,3.0,0,1,1,1,3,0
87879,46408,35.0,0.0,0.0,0.0,1,2014.0,1,3,2,5.0,30,1,1,1,2,2,6,1,1,0,3,2,22,3,6,2020,0.0,0,1,1,0,3,3
88907,60630,24.0,0.0,5.0,0.0,1,2002.0,1,2,2,1.0,30,1,1,1,2,2,4,1,1,0,2,2,21,4,7,2020,2.0,1,1,0,1,3,4
88908,60630,24.0,0.0,5.0,0.0,1,2019.0,1,4,-1,1.0,30,1,1,1,2,2,4,1,1,0,2,2,21,4,7,2020,2.0,1,1,0,1,3,4
88909,60652,32.0,0.0,0.0,0.0,1,2002.0,1,2,2,1.0,30,1,1,1,2,2,4,1,1,0,2,2,21,4,7,2020,2.0,1,1,0,1,3,4
88910,60652,32.0,0.0,0.0,0.0,1,2019.0,1,4,-1,1.0,30,1,1,1,2,2,4,1,1,0,2,2,21,4,7,2020,2.0,1,1,0,1,3,4
88978,60624,18.0,0.0,5.0,0.0,1,2007.0,1,2,2,6.0,30,1,1,1,2,2,1,1,1,0,2,2,22,4,7,2020,1.0,1,1,0,1,3,4
88979,60624,18.0,0.0,5.0,0.0,1,2006.0,1,1,1,3.0,30,1,1,1,2,2,1,1,1,0,2,2,22,4,7,2020,1.0,1,1,0,1,3,4
88980,60623,22.0,0.0,0.0,0.0,1,2007.0,1,2,2,6.0,30,1,1,1,2,2,1,1,1,0,2,2,22,4,7,2020,1.0,0,1,0,1,3,4
88981,60623,22.0,0.0,0.0,0.0,1,2006.0,1,1,1,3.0,30,1,1,1,2,2,1,1,1,0,2,2,22,4,7,2020,1.0,0,1,0,1,3,4
89157,0,36.0,0.0,2.0,0.0,1,2010.0,-1,1,1,3.0,30,2,-1,1,1,1,0,1,1,-1,1,2,18,4,7,2020,1.0,1,1,1,0,3,4
89158,0,36.0,0.0,2.0,0.0,1,2013.0,1,2,1,4.0,30,2,-1,1,1,1,0,1,1,-1,1,2,18,4,7,2020,1.0,1,1,1,0,3,4
89159,60637,32.0,0.0,-1.0,0.0,1,2010.0,-1,1,1,3.0,30,2,-1,1,1,1,0,1,1,-1,1,2,18,4,7,2020,1.0,1,1,1,0,3,4
89160,60637,32.0,0.0,-1.0,0.0,1,2013.0,1,2,1,4.0,30,2,-1,1,1,1,0,1,1,-1,1,2,18,4,7,2020,1.0,1,1,1,0,3,4
89170,60637,20.0,0.0,0.0,0.0,1,2003.0,1,1,2,8.0,30,1,1,1,2,2,5,1,1,0,1,2,0,6,7,2020,0.0,0,1,1,1,2,3
89217,60609,25.0,-1.0,0.0,-1.0,1,2010.0,2,4,4,-1.0,35,0,0,1,2,5,2,1,1,0,2,2,1,6,7,2020,3.0,1,1,1,1,3,0
89219,60609,38.0,0.0,-1.0,0.0,1,2010.0,2,4,4,-1.0,35,0,0,1,2,5,2,1,1,0,2,2,1,6,7,2020,3.0,0,1,1,1,3,4
89244,60620,57.0,0.0,0.0,0.0,1,1999.0,1,1,4,3.0,30,1,1,1,1,2,1,1,1,0,1,2,7,6,7,2020,0.0,0,1,1,0,2,3
89372,60611,41.0,0.0,0.0,0.0,1,2005.0,1,2,6,3.0,30,1,1,1,2,4,1,1,1,0,2,2,1,7,7,2020,0.0,1,1,1,1,3,3
89373,60611,41.0,0.0,0.0,0.0,1,2009.0,7,2,1,11.0,30,1,1,1,2,4,1,1,1,0,2,2,1,7,7,2020,0.0,1,1,1,1,3,3
89678,60619,36.9,0.0,3.0,0.0,1,2016.0,1,2,1,5.0,35,1,1,1,2,1,1,1,1,0,3,2,0,1,7,2020,2.0,0,1,1,1,3,4
89679,60425,45.0,0.0,0.0,0.0,1,2011.0,2,3,1,1.0,35,1,1,1,2,1,1,1,1,0,3,2,0,1,7,2020,2.0,0,1,1,1,3,4
89680,60425,45.0,0.0,0.0,0.0,1,2016.0,1,2,1,5.0,35,1,1,1,2,1,1,1,1,0,3,2,0,1,7,2020,2.0,0,1,1,1,3,4
89707,60619,38.0,0.0,-1.0,0.0,1,2018.0,1,3,1,1.0,30,1,1,1,2,1,0,1,1,0,3,2,3,1,7,2020,3.0,1,1,1,1,3,4
89708,60619,38.0,0.0,-1.0,0.0,1,2015.0,1,2,1,-1.0,30,1,1,1,2,1,0,1,1,0,3,2,3,1,7,2020,3.0,1,1,1,1,3,4
89709,60619,25.0,0.0,-1.0,0.0,1,2018.0,1,3,1,1.0,30,1,1,1,2,1,0,1,1,0,3,2,3,1,7,2020,3.0,0,1,1,1,3,4
89710,60619,25.0,0.0,-1.0,0.0,1,2015.0,1,2,1,-1.0,30,1,1,1,2,1,0,1,1,0,3,2,3,1,7,2020,3.0,0,1,1,1,3,4
89921,60644,54.0,0.0,0.0,0.0,1,2010.0,1,3,1,3.0,30,2,0,1,1,1,0,1,1,0,3,2,19,1,7,2020,0.0,0,1,1,1,3,4
89996,60445,18.0,0.0,3.0,0.0,1,2013.0,1,1,1,1.0,25,1,1,1,1,1,1,1,1,0,1,2,5,2,7,2020,2.0,1,1,0,1,3,4
89997,60445,18.0,0.0,3.0,0.0,1,2007.0,5,4,1,10.0,25,1,1,1,1,1,1,1,1,0,1,2,5,2,7,2020,2.0,1,1,0,1,3,4
89998,60636,62.0,0.0,0.0,0.0,1,2013.0,1,1,1,1.0,25,1,1,1,1,1,1,1,1,0,1,2,5,2,7,2020,2.0,0,1,0,1,3,4
89999,60636,62.0,0.0,0.0,0.0,1,2007.0,5,4,1,10.0,25,1,1,1,1,1,1,1,1,0,1,2,5,2,7,2020,2.0,0,1,0,1,3,4
90269,60649,38.0,-1.0,-1.0,0.0,1,2010.0,-1,3,2,-1.0,30,1,1,1,1,2,1,1,1,0,1,2,17,2,7,2020,3.0,0,1,1,1,3,4
90270,60649,38.0,-1.0,-1.0,0.0,1,2003.0,1,3,1,3.0,30,1,1,1,1,2,1,1,1,0,1,2,17,2,7,2020,3.0,0,1,1,1,3,4
90271,60655,17.0,0.0,0.0,0.0,1,2010.0,-1,3,2,-1.0,30,1,1,1,1,2,1,1,1,0,1,2,17,2,7,2020,3.0,1,1,1,1,3,4
90272,60655,17.0,0.0,0.0,0.0,1,2003.0,1,3,1,3.0,30,1,1,1,1,2,1,1,1,0,1,2,17,2,7,2020,3.0,1,1,1,1,3,4
90438,60634,48.0,0.0,0.0,0.0,1,2016.0,7,1,1,9.0,30,1,1,1,1,1,1,1,1,0,2,2,11,3,7,2020,0.0,1,1,1,1,1,4
90624,60651,38.0,-1.0,-1.0,2.0,1,2015.0,1,3,1,12.0,25,2,1,-1,4,9,1,1,-1,-1,3,2,20,3,7,2020,3.0,1,1,1,0,2,2
90626,60647,56.0,0.0,0.0,0.0,1,2015.0,1,3,1,12.0,25,2,1,-1,4,9,1,1,-1,-1,3,2,20,3,7,2020,3.0,0,1,1,0,2,4
90647,60647,23.0,0.0,0.0,0.0,1,2012.0,1,1,1,4.0,30,1,1,1,2,2,2,1,2,0,1,2,0,4,7,2020,0.0,1,1,1,1,3,3
90735,60626,59.0,0.0,2.0,0.0,1,2014.0,1,3,1,1.0,30,2,1,1,1,1,0,1,1,0,2,2,10,4,7,2020,2.0,0,1,1,1,3,4
90736,60626,59.0,0.0,2.0,0.0,1,2009.0,1,2,1,5.0,30,2,1,1,1,1,0,1,1,0,2,2,10,4,7,2020,2.0,0,1,1,1,3,4
90737,60645,57.0,0.0,0.0,0.0,1,2014.0,1,3,1,1.0,30,2,1,1,1,1,0,1,1,0,2,2,10,4,7,2020,2.0,0,1,1,1,3,4
90738,60645,57.0,0.0,0.0,0.0,1,2009.0,1,2,1,5.0,30,2,1,1,1,1,0,1,1,0,2,2,10,4,7,2020,2.0,0,1,1,1,3,4
90766,0,36.9,0.0,-1.0,0.0,1,2018.0,-1,2,1,-1.0,30,0,0,2,2,5,0,1,2,0,2,2,21,3,7,2020,2.0,1,1,1,0,3,4
90768,60645,27.0,-1.0,0.0,0.0,1,2018.0,-1,2,1,-1.0,30,0,0,2,2,5,0,1,2,0,2,2,21,3,7,2020,2.0,0,1,1,0,3,0
90780,60619,33.0,0.0,1.0,0.0,1,2017.0,1,1,1,2.0,20,1,1,1,1,3,0,1,1,0,1,4,12,3,7,2020,0.0,1,0,1,0,3,4
91292,60612,45.0,-1.0,1.0,0.0,1,2010.0,-1,4,1,-1.0,30,1,-1,-1,2,5,1,1,2,-1,1,2,2,6,7,2020,3.0,1,1,1,1,3,0
91414,60624,52.0,-1.0,0.0,0.0,1,2020.0,1,2,1,-1.0,30,1,-1,1,1,5,0,1,1,0,2,2,14,6,7,2020,2.0,1,1,1,1,1,0
91416,60624,36.9,0.0,-1.0,0.0,1,2020.0,1,2,1,-1.0,30,1,-1,1,1,5,0,1,1,0,2,2,14,6,7,2020,2.0,0,1,1,1,1,4
91531,60624,38.0,0.0,2.0,0.0,1,2010.0,1,2,2,3.0,35,1,1,1,2,2,2,2,1,0,2,2,0,7,7,2020,3.0,0,1,1,1,3,4
91532,60624,38.0,0.0,2.0,0.0,1,2006.0,1,4,1,5.0,35,1,1,1,2,2,2,2,1,0,2,2,0,7,7,2020,3.0,0,1,1,1,3,4
91533,60624,20.0,0.0,0.0,0.0,1,2010.0,1,2,2,3.0,35,1,1,1,2,2,2,2,1,0,2,2,0,7,7,2020,3.0,0,1,1,1,3,4
91534,60624,20.0,0.0,0.0,0.0,1,2006.0,1,4,1,5.0,35,1,1,1,2,2,2,2,1,0,2,2,0,7,7,2020,3.0,0,1,1,1,3,4
91681,60409,37.0,0.0,-1.0,0.0,1,2010.0,1,4,1,6.0,30,2,1,2,1,2,4,1,2,0,1,2,12,7,7,2020,0.0,0,1,1,1,3,3
91859,60624,23.0,0.0,3.0,0.0,1,2019.0,1,4,1,8.0,30,2,1,1,1,1,1,1,1,0,1,2,8,1,7,2020,1.0,1,1,1,1,3,4
91860,60624,23.0,0.0,3.0,0.0,1,2016.0,1,3,1,4.0,30,2,1,1,1,1,1,1,1,0,1,2,8,1,7,2020,1.0,1,1,1,1,3,4
91867,60585,40.0,0.0,0.0,0.0,1,2019.0,1,4,1,8.0,30,2,1,1,1,1,1,1,1,0,1,2,8,1,7,2020,1.0,0,1,1,1,3,4
91868,60585,40.0,0.0,0.0,0.0,1,2016.0,1,3,1,4.0,30,2,1,1,1,1,1,1,1,0,1,2,8,1,7,2020,1.0,0,1,1,1,3,4
91935,60624,36.9,0.0,6.0,0.0,1,2002.0,1,3,2,3.0,20,2,1,1,1,2,12,1,1,0,3,2,12,7,7,2020,2.0,0,1,1,0,3,4
91936,60707,60.0,0.0,0.0,0.0,1,2011.0,1,5,4,1.0,20,2,1,1,1,2,12,1,1,0,3,2,12,7,7,2020,2.0,1,1,1,0,3,4
91937,60707,60.0,0.0,0.0,0.0,1,2002.0,1,3,2,3.0,20,2,1,1,1,2,12,1,1,0,3,2,12,7,7,2020,2.0,1,1,1,0,3,4
92012,60707,36.0,0.0,-1.0,0.0,1,1998.0,2,4,3,2.0,30,1,1,1,2,3,3,1,1,0,1,2,21,7,7,2020,1.0,1,1,1,0,3,4
92013,60620,66.0,0.0,0.0,0.0,1,2010.0,1,4,1,1.0,30,1,1,1,2,3,3,1,1,0,1,2,21,7,7,2020,1.0,1,1,1,0,3,4
92014,60620,66.0,0.0,0.0,0.0,1,1998.0,2,4,3,2.0,30,1,1,1,2,3,3,1,1,0,1,2,21,7,7,2020,1.0,1,1,1,0,3,4
92049,60201,33.0,0.0,2.0,0.0,1,2010.0,2,3,2,6.0,30,1,1,1,2,2,1,1,1,0,2,2,3,2,7,2020,0.0,1,1,1,1,3,4
92050,60201,33.0,0.0,2.0,0.0,1,2015.0,4,3,4,3.0,30,1,1,1,2,2,1,1,1,0,2,2,3,2,7,2020,0.0,1,1,1,1,3,4
92055,60417,17.0,0.0,2.0,0.0,1,2005.0,1,4,1,1.0,30,1,1,1,2,1,0,1,1,0,1,2,3,2,7,2020,0.0,1,1,1,1,3,3
92195,60628,24.0,0.0,0.0,0.0,1,2003.0,1,3,1,9.0,30,1,1,1,1,2,0,1,1,0,1,2,12,2,7,2020,0.0,1,1,1,1,1,3
92283,60643,54.0,0.0,0.0,0.0,1,2009.0,1,3,8,4.0,30,0,0,1,1,1,1,1,1,0,1,2,16,2,7,2020,0.0,1,1,1,0,2,3
92284,60643,54.0,0.0,0.0,0.0,1,2015.0,1,2,3,12.0,30,0,0,1,1,1,1,1,1,0,1,2,16,2,7,2020,0.0,1,1,1,0,2,3
92384,60142,27.0,0.0,0.0,0.0,1,2006.0,1,2,1,1.0,35,1,1,1,2,11,1,1,1,0,2,2,0,3,7,2020,0.0,1,1,1,0,3,4
92930,60608,31.0,0.0,0.0,0.0,1,2017.0,1,1,1,10.0,25,2,1,3,1,11,1,1,1,-1,1,2,15,4,7,2020,0.0,1,1,1,0,3,3
93119,60659,36.0,0.0,0.0,0.0,1,2014.0,3,3,1,4.0,30,1,1,1,1,2,0,1,1,0,3,2,5,3,7,2020,0.0,1,1,1,0,2,3
93188,60621,32.0,0.0,9.0,2.0,1,2004.0,1,1,1,1.0,30,1,1,1,2,4,4,1,1,0,3,6,22,5,7,2020,3.0,1,1,0,1,3,4
93189,60621,32.0,0.0,9.0,2.0,1,2020.0,1,1,3,10.0,30,1,1,1,2,4,4,1,1,0,3,6,22,5,7,2020,3.0,1,1,0,1,3,4
93190,60621,32.0,0.0,9.0,2.0,1,2018.0,1,1,3,9.0,30,1,1,1,2,4,4,1,1,0,3,6,22,5,7,2020,3.0,1,1,0,1,3,4
93191,60621,32.0,0.0,9.0,2.0,2,2017.0,1,1,5,2.0,30,1,1,1,2,4,4,1,1,0,3,6,22,5,7,2020,3.0,1,1,0,1,3,4
93192,60621,32.0,0.0,9.0,2.0,2,2016.0,1,1,5,2.0,30,1,1,1,2,4,4,1,1,0,3,6,22,5,7,2020,3.0,1,1,0,1,3,4
93193,60621,32.0,0.0,9.0,2.0,2,2011.0,1,1,5,2.0,30,1,1,1,2,4,4,1,1,0,3,6,22,5,7,2020,3.0,1,1,0,1,3,4
93194,60631,23.0,0.0,0.0,0.0,1,2004.0,1,1,1,1.0,30,1,1,1,2,4,4,1,1,0,3,6,22,5,7,2020,3.0,0,1,0,1,3,4
93195,60631,23.0,0.0,0.0,0.0,1,2020.0,1,1,3,10.0,30,1,1,1,2,4,4,1,1,0,3,6,22,5,7,2020,3.0,0,1,0,1,3,4
93196,60631,23.0,0.0,0.0,0.0,1,2018.0,1,1,3,9.0,30,1,1,1,2,4,4,1,1,0,3,6,22,5,7,2020,3.0,0,1,0,1,3,4
93197,60631,23.0,0.0,0.0,0.0,2,2017.0,1,1,5,2.0,30,1,1,1,2,4,4,1,1,0,3,6,22,5,7,2020,3.0,0,1,0,1,3,4
93198,60631,23.0,0.0,0.0,0.0,2,2016.0,1,1,5,2.0,30,1,1,1,2,4,4,1,1,0,3,6,22,5,7,2020,3.0,0,1,0,1,3,4
93199,60631,23.0,0.0,0.0,0.0,2,2011.0,1,1,5,2.0,30,1,1,1,2,4,4,1,1,0,3,6,22,5,7,2020,3.0,0,1,0,1,3,4
93200,60077,43.0,0.0,0.0,0.0,1,2004.0,1,1,1,1.0,30,1,1,1,2,4,4,1,1,0,3,6,22,5,7,2020,3.0,1,1,0,1,3,4
93201,60077,43.0,0.0,0.0,0.0,1,2020.0,1,1,3,10.0,30,1,1,1,2,4,4,1,1,0,3,6,22,5,7,2020,3.0,1,1,0,1,3,4