index,ZIPCODE,AGE,EJECTION,DRIVER_ACTION,BAC_RESULT,UNIT_TYPE,VEHICLE_YEAR,VEHICLE_TYPE,TRAVEL_DIRECTION,MANEUVER,FIRST_CONTACT_POINT,POSTED_SPEED_LIMIT,TRAFFIC_CONTROL_DEVICE,DEVICE_CONDITION,WEATHER_CONDITION,LIGHTING_CONDITION,FIRST_CRASH_TYPE,TRAFFICWAY_TYPE,ALIGNMENT,ROADWAY_SURFACE_COND,ROAD_DEFECT,STREET_DIRECTION,NUM_UNITS,CRASH_HOUR,CRASH_DAY_OF_WEEK,CRASH_MONTH,CRASH_YEAR,FATAL_DEGREE,SEX,INTERSECTION_RELATED,HIT_AND_RUN,REPORTYPE,DAMAGE_COST,FATAL_COND
93202,60077,43.0,0.0,0.0,0.0,1,2018.0,1,1,3,9.0,30,1,1,1,2,4,4,1,1,0,3,6,22,5,7,2020,3.0,1,1,0,1,3,4
93203,60077,43.0,0.0,0.0,0.0,2,2017.0,1,1,5,2.0,30,1,1,1,2,4,4,1,1,0,3,6,22,5,7,2020,3.0,1,1,0,1,3,4
93204,60077,43.0,0.0,0.0,0.0,2,2016.0,1,1,5,2.0,30,1,1,1,2,4,4,1,1,0,3,6,22,5,7,2020,3.0,1,1,0,1,3,4
93205,60077,43.0,0.0,0.0,0.0,2,2011.0,1,1,5,2.0,30,1,1,1,2,4,4,1,1,0,3,6,22,5,7,2020,3.0,1,1,0,1,3,4
93280,60609,38.0,0.0,0.0,0.0,1,2006.0,2,3,1,2.0,30,1,1,1,1,3,0,1,1,0,1,2,6,6,7,2020,0.0,1,1,1,1,2,3
93375,60624,35.0,0.0,3.0,0.0,1,2002.0,1,2,1,4.0,30,2,1,1,1,1,0,1,1,0,2,2,16,7,7,2020,0.0,1,1,0,1,3,4
93376,60624,35.0,0.0,3.0,0.0,1,2015.0,1,3,1,8.0,30,2,1,1,1,1,0,1,1,0,2,2,16,7,7,2020,0.0,1,1,0,1,3,4
93377,60612,42.0,0.0,0.0,0.0,1,2002.0,1,2,1,4.0,30,2,1,1,1,1,0,1,1,0,2,2,16,7,7,2020,0.0,0,1,0,1,3,4
93378,60612,42.0,0.0,0.0,0.0,1,2015.0,1,3,1,8.0,30,2,1,1,1,1,0,1,1,0,2,2,16,7,7,2020,0.0,0,1,0,1,3,4
93454,60653,27.0,0.0,0.0,0.0,1,2016.0,1,1,1,1.0,30,1,1,1,2,3,2,1,1,0,1,2,21,7,7,2020,0.0,0,1,1,1,3,3
93455,60653,27.0,0.0,0.0,0.0,1,2020.0,1,1,1,2.0,30,1,1,1,2,3,2,1,1,0,1,2,21,7,7,2020,0.0,0,1,1,1,3,3
93576,48917,29.0,0.0,0.0,0.0,1,2012.0,1,2,1,5.0,30,1,1,1,2,2,-1,1,1,0,2,2,22,7,7,2020,0.0,1,1,1,0,3,4
93632,60657,36.0,0.0,0.0,0.0,1,2012.0,1,1,1,6.0,30,1,1,1,1,4,0,1,1,0,2,2,19,2,7,2020,0.0,1,1,1,1,3,3
93640,48185,36.0,0.0,3.0,0.0,1,2018.0,1,4,14,1.0,30,1,1,1,5,2,1,1,1,0,1,3,20,2,7,2020,1.0,1,1,1,1,3,4
93641,48185,36.0,0.0,3.0,0.0,1,2003.0,1,3,2,5.0,30,1,1,1,5,2,1,1,1,0,1,3,20,2,7,2020,1.0,1,1,1,1,3,4
93642,48185,36.0,0.0,3.0,0.0,1,2015.0,1,3,1,9.0,30,1,1,1,5,2,1,1,1,0,1,3,20,2,7,2020,1.0,1,1,1,1,3,4
93643,60707,48.0,0.0,0.0,0.0,1,2018.0,1,4,14,1.0,30,1,1,1,5,2,1,1,1,0,1,3,20,2,7,2020,1.0,0,1,1,1,3,4
93644,60707,48.0,0.0,0.0,0.0,1,2003.0,1,3,2,5.0,30,1,1,1,5,2,1,1,1,0,1,3,20,2,7,2020,1.0,0,1,1,1,3,4
93645,60707,48.0,0.0,0.0,0.0,1,2015.0,1,3,1,9.0,30,1,1,1,5,2,1,1,1,0,1,3,20,2,7,2020,1.0,0,1,1,1,3,4
93646,60644,31.0,0.0,0.0,0.0,1,2018.0,1,4,14,1.0,30,1,1,1,5,2,1,1,1,0,1,3,20,2,7,2020,1.0,1,1,1,1,3,4
93647,60644,31.0,0.0,0.0,0.0,1,2003.0,1,3,2,5.0,30,1,1,1,5,2,1,1,1,0,1,3,20,2,7,2020,1.0,1,1,1,1,3,4
93648,60644,31.0,0.0,0.0,0.0,1,2015.0,1,3,1,9.0,30,1,1,1,5,2,1,1,1,0,1,3,20,2,7,2020,1.0,1,1,1,1,3,4
93734,0,36.0,0.0,5.0,0.0,1,2012.0,1,4,4,-1.0,35,2,1,1,1,2,3,1,1,0,1,2,12,4,7,2020,1.0,0,1,1,0,3,4
93735,0,36.0,0.0,5.0,0.0,1,2011.0,2,4,1,3.0,35,2,1,1,1,2,3,1,1,0,1,2,12,4,7,2020,1.0,0,1,1,0,3,4
93736,60636,26.0,0.0,0.0,0.0,1,2012.0,1,4,4,-1.0,35,2,1,1,1,2,3,1,1,0,1,2,12,4,7,2020,1.0,0,1,1,0,3,4
93737,60636,26.0,0.0,0.0,0.0,1,2011.0,2,4,1,3.0,35,2,1,1,1,2,3,1,1,0,1,2,12,4,7,2020,1.0,0,1,1,0,3,4
93997,0,38.0,0.0,-1.0,0.0,1,2017.0,1,4,1,1.0,30,2,0,2,2,1,1,1,2,0,1,2,0,1,7,2020,3.0,0,1,1,1,3,4
93998,0,38.0,0.0,-1.0,0.0,1,1999.0,1,3,1,9.0,30,2,0,2,2,1,1,1,2,0,1,2,0,1,7,2020,3.0,0,1,1,1,3,4
93999,60643,38.0,0.0,-1.0,0.0,1,2017.0,1,4,1,1.0,30,2,0,2,2,1,1,1,2,0,1,2,0,1,7,2020,3.0,1,1,1,1,3,4
94000,60643,38.0,0.0,-1.0,0.0,1,1999.0,1,3,1,9.0,30,2,0,2,2,1,1,1,2,0,1,2,0,1,7,2020,3.0,1,1,1,1,3,4
94047,60639,36.0,0.0,0.0,0.0,1,2004.0,1,2,1,1.0,30,1,1,1,1,3,0,1,1,0,2,2,9,1,7,2020,0.0,1,1,0,0,2,3
94048,60639,36.0,0.0,0.0,0.0,1,2008.0,4,2,1,8.0,30,1,1,1,1,3,0,1,1,0,2,2,9,1,7,2020,0.0,1,1,0,0,2,3
94746,60624,36.9,0.0,4.0,0.0,1,2015.0,1,2,1,1.0,30,1,1,1,1,3,0,1,1,0,2,2,12,5,7,2020,2.0,1,1,1,0,2,4
94747,60624,36.9,0.0,4.0,0.0,1,2013.0,1,2,1,2.0,30,1,1,1,1,3,0,1,1,0,2,2,12,5,7,2020,2.0,1,1,1,0,2,4
94748,60643,38.0,0.0,0.0,0.0,1,2015.0,1,2,1,1.0,30,1,1,1,1,3,0,1,1,0,2,2,12,5,7,2020,2.0,0,1,1,0,2,4
94749,60643,38.0,0.0,0.0,0.0,1,2013.0,1,2,1,2.0,30,1,1,1,1,3,0,1,1,0,2,2,12,5,7,2020,2.0,0,1,1,0,2,4
95228,60643,22.0,0.0,0.0,0.0,1,2012.0,1,2,3,2.0,35,1,1,1,1,3,1,1,1,0,2,2,12,5,7,2020,0.0,0,1,1,1,1,3
95432,60643,36.0,0.0,7.0,0.0,1,2017.0,1,3,2,5.0,35,0,0,1,1,2,0,1,1,0,1,2,15,5,7,2020,1.0,1,1,1,1,3,4
95433,60626,40.0,0.0,0.0,0.0,1,2010.0,1,3,6,1.0,35,0,0,1,1,2,0,1,1,0,1,2,15,5,7,2020,1.0,1,1,1,1,3,4
95434,60626,40.0,0.0,0.0,0.0,1,2017.0,1,3,2,5.0,35,0,0,1,1,2,0,1,1,0,1,2,15,5,7,2020,1.0,1,1,1,1,3,4
95514,60655,54.0,0.0,0.0,0.0,1,2006.0,3,1,1,1.0,30,1,1,1,1,11,0,1,1,0,1,2,15,5,7,2020,0.0,1,1,1,0,2,3
95726,60653,21.0,0.0,0.0,0.0,1,2017.0,1,3,9,1.0,30,2,1,1,1,1,2,1,1,0,1,2,18,5,7,2020,0.0,0,1,1,0,3,3
95968,60652,60.0,0.0,1.0,0.0,1,2015.0,2,2,2,4.0,35,1,1,1,1,2,2,1,1,0,2,2,18,5,7,2020,0.0,1,1,0,1,3,3
95977,0,36.0,-1.0,-1.0,0.0,1,2010.0,-1,6,-1,-1.0,30,1,1,1,2,2,3,1,1,0,4,2,19,5,7,2020,1.0,0,1,1,1,1,4
95978,0,36.0,-1.0,-1.0,0.0,1,2014.0,1,6,2,7.0,30,1,1,1,2,2,3,1,1,0,4,2,19,5,7,2020,1.0,0,1,1,1,1,4
95979,60463,41.0,0.0,-1.0,0.0,1,2010.0,-1,6,-1,-1.0,30,1,1,1,2,2,3,1,1,0,4,2,19,5,7,2020,1.0,1,1,1,1,1,4
95980,60463,41.0,0.0,-1.0,0.0,1,2014.0,1,6,2,7.0,30,1,1,1,2,2,3,1,1,0,4,2,19,5,7,2020,1.0,1,1,1,1,1,4
96059,0,36.9,0.0,3.0,0.0,1,2006.0,1,2,1,1.0,30,1,1,1,2,1,1,1,1,0,3,3,22,5,7,2020,2.0,1,1,1,1,3,4
96060,0,36.9,0.0,3.0,0.0,1,2016.0,6,3,1,1.0,30,1,1,1,2,1,1,1,1,0,3,3,22,5,7,2020,2.0,1,1,1,1,3,4
96061,0,36.9,0.0,3.0,0.0,1,2017.0,1,1,1,3.0,30,1,1,1,2,1,1,1,1,0,3,3,22,5,7,2020,2.0,1,1,1,1,3,4
96062,60618,25.0,0.0,0.0,0.0,1,2006.0,1,2,1,1.0,30,1,1,1,2,1,1,1,1,0,3,3,22,5,7,2020,2.0,1,1,1,1,3,4
96063,60618,25.0,0.0,0.0,0.0,1,2016.0,6,3,1,1.0,30,1,1,1,2,1,1,1,1,0,3,3,22,5,7,2020,2.0,1,1,1,1,3,4
96064,60618,25.0,0.0,0.0,0.0,1,2017.0,1,1,1,3.0,30,1,1,1,2,1,1,1,1,0,3,3,22,5,7,2020,2.0,1,1,1,1,3,4
96065,60477,37.0,0.0,0.0,0.0,1,2006.0,1,2,1,1.0,30,1,1,1,2,1,1,1,1,0,3,3,22,5,7,2020,2.0,0,1,1,1,3,4
96066,60477,37.0,0.0,0.0,0.0,1,2016.0,6,3,1,1.0,30,1,1,1,2,1,1,1,1,0,3,3,22,5,7,2020,2.0,0,1,1,1,3,4
96067,60477,37.0,0.0,0.0,0.0,1,2017.0,1,1,1,3.0,30,1,1,1,2,1,1,1,1,0,3,3,22,5,7,2020,2.0,0,1,1,1,3,4
96083,60644,32.0,0.0,8.0,0.0,1,2005.0,1,1,1,3.0,30,2,1,1,2,4,1,1,1,0,1,2,23,5,7,2020,0.0,1,1,1,1,3,4
96084,60644,32.0,0.0,8.0,0.0,1,2016.0,1,1,1,8.0,30,2,1,1,2,4,1,1,1,0,1,2,23,5,7,2020,0.0,1,1,1,1,3,4
96085,60624,37.0,0.0,0.0,0.0,1,2005.0,1,1,1,3.0,30,2,1,1,2,4,1,1,1,0,1,2,23,5,7,2020,0.0,0,1,1,1,3,4
96086,60624,37.0,0.0,0.0,0.0,1,2016.0,1,1,1,8.0,30,2,1,1,2,4,1,1,1,0,1,2,23,5,7,2020,0.0,0,1,1,1,3,4
96378,60624,37.0,0.0,3.0,0.0,1,2008.0,1,2,1,1.0,30,1,1,1,2,1,0,1,1,0,1,3,1,6,7,2020,3.0,1,1,0,1,3,4
96379,60624,37.0,0.0,3.0,0.0,1,2007.0,3,1,1,3.0,30,1,1,1,2,1,0,1,1,0,1,3,1,6,7,2020,3.0,1,1,0,1,3,4
96380,60624,37.0,0.0,3.0,0.0,1,1996.0,1,4,3,12.0,30,1,1,1,2,1,0,1,1,0,1,3,1,6,7,2020,3.0,1,1,0,1,3,4
96384,60619,48.0,0.0,0.0,0.0,1,2008.0,1,2,1,1.0,30,1,1,1,2,1,0,1,1,0,1,3,1,6,7,2020,3.0,1,1,0,1,3,4
96385,60619,48.0,0.0,0.0,0.0,1,2007.0,3,1,1,3.0,30,1,1,1,2,1,0,1,1,0,1,3,1,6,7,2020,3.0,1,1,0,1,3,4
96386,60619,48.0,0.0,0.0,0.0,1,1996.0,1,4,3,12.0,30,1,1,1,2,1,0,1,1,0,1,3,1,6,7,2020,3.0,1,1,0,1,3,4
96387,60827,59.0,0.0,0.0,0.0,1,2008.0,1,2,1,1.0,30,1,1,1,2,1,0,1,1,0,1,3,1,6,7,2020,3.0,1,1,0,1,3,4
96388,60827,59.0,0.0,0.0,0.0,1,2007.0,3,1,1,3.0,30,1,1,1,2,1,0,1,1,0,1,3,1,6,7,2020,3.0,1,1,0,1,3,4
96389,60827,59.0,0.0,0.0,0.0,1,1996.0,1,4,3,12.0,30,1,1,1,2,1,0,1,1,0,1,3,1,6,7,2020,3.0,1,1,0,1,3,4
96437,60651,22.0,0.0,0.0,0.0,1,1999.0,1,2,1,5.0,30,2,1,1,2,1,1,1,1,0,3,3,0,7,7,2020,0.0,1,1,1,1,3,4
96438,60651,22.0,0.0,0.0,0.0,2,2015.0,1,3,5,2.0,30,2,1,1,2,1,1,1,1,0,3,3,0,7,7,2020,0.0,1,1,1,1,3,4
96488,60651,38.0,0.0,3.0,0.0,1,2007.0,2,1,1,-1.0,30,1,1,1,1,1,5,1,1,0,3,2,6,7,7,2020,3.0,1,1,1,1,3,4
96489,60651,38.0,0.0,3.0,0.0,1,2008.0,1,4,1,9.0,30,1,1,1,1,1,5,1,1,0,3,2,6,7,7,2020,3.0,1,1,1,1,3,4
96490,60639,72.0,0.0,0.0,0.0,1,2007.0,2,1,1,-1.0,30,1,1,1,1,1,5,1,1,0,3,2,6,7,7,2020,3.0,1,1,1,1,3,4
96491,60639,72.0,0.0,0.0,0.0,1,2008.0,1,4,1,9.0,30,1,1,1,1,1,5,1,1,0,3,2,6,7,7,2020,3.0,1,1,1,1,3,4
96517,60634,49.0,0.0,0.0,0.0,1,2004.0,2,2,1,1.0,30,1,1,1,1,1,1,1,1,0,1,2,7,7,7,2020,0.0,1,1,1,1,3,4
96518,60634,49.0,0.0,0.0,0.0,1,2014.0,4,1,1,5.0,30,1,1,1,1,1,1,1,1,0,1,2,7,7,7,2020,0.0,1,1,1,1,3,4
96521,60402,46.0,0.0,1.0,0.0,1,2006.0,2,1,1,-1.0,30,1,1,1,1,3,2,1,1,-1,1,2,9,7,7,2020,3.0,1,1,1,1,3,4
96522,60402,46.0,0.0,1.0,0.0,1,2019.0,4,1,1,-1.0,30,1,1,1,1,3,2,1,1,-1,1,2,9,7,7,2020,3.0,1,1,1,1,3,4
96523,60634,38.0,0.0,4.0,0.0,1,2006.0,2,1,1,-1.0,30,1,1,1,1,3,2,1,1,-1,1,2,9,7,7,2020,3.0,0,1,1,1,3,4
96524,60634,38.0,0.0,4.0,0.0,1,2019.0,4,1,1,-1.0,30,1,1,1,1,3,2,1,1,-1,1,2,9,7,7,2020,3.0,0,1,1,1,3,4
96622,60513,43.0,0.0,0.0,0.0,1,2010.0,1,4,1,1.0,30,1,3,1,1,3,3,1,1,0,2,2,0,6,7,2020,0.0,1,0,1,0,2,3
96623,60513,43.0,0.0,0.0,0.0,1,2010.0,1,4,3,2.0,30,1,3,1,1,3,3,1,1,0,2,2,0,6,7,2020,0.0,1,0,1,0,2,3
96962,60644,36.0,0.0,4.0,0.0,1,2010.0,2,1,1,1.0,30,1,1,1,1,3,0,1,1,0,1,2,12,6,7,2020,1.0,0,1,1,0,2,4
96963,60644,36.0,0.0,4.0,0.0,1,2017.0,2,1,3,2.0,30,1,1,1,1,3,0,1,1,0,1,2,12,6,7,2020,1.0,0,1,1,0,2,4
96964,60656,36.0,0.0,0.0,0.0,1,2010.0,2,1,1,1.0,30,1,1,1,1,3,0,1,1,0,1,2,12,6,7,2020,1.0,1,1,1,0,2,4
96965,60656,36.0,0.0,0.0,0.0,1,2017.0,2,1,3,2.0,30,1,1,1,1,3,0,1,1,0,1,2,12,6,7,2020,1.0,1,1,1,0,2,4
97312,60104,65.0,0.0,0.0,0.0,1,2017.0,1,2,3,2.0,30,1,1,1,1,3,2,1,1,0,2,2,14,6,7,2020,0.0,1,1,1,0,2,3
97407,60649,66.0,0.0,0.0,0.0,1,2006.0,1,3,1,9.0,30,1,1,1,1,1,1,1,1,0,1,2,16,6,7,2020,0.0,1,1,1,1,3,3
97529,60649,36.9,-1.0,-1.0,0.0,1,2011.0,-1,2,-1,-1.0,30,2,1,1,1,5,1,1,1,-1,2,2,18,6,7,2020,2.0,0,1,1,0,2,4
97531,60649,60.0,-1.0,1.0,2.0,1,2011.0,-1,2,-1,-1.0,30,2,1,1,1,5,1,1,1,-1,2,2,18,6,7,2020,2.0,1,1,1,0,2,0
97740,60628,38.0,0.0,0.0,0.0,1,2014.0,1,4,1,3.0,25,0,0,1,1,7,8,1,1,0,1,4,19,6,7,2020,0.0,1,0,1,1,3,4
97741,60628,38.0,0.0,0.0,0.0,2,2013.0,1,1,5,5.0,25,0,0,1,1,7,8,1,1,0,1,4,19,6,7,2020,0.0,1,0,1,1,3,4
97742,60628,38.0,0.0,0.0,0.0,2,2017.0,1,1,5,7.0,25,0,0,1,1,7,8,1,1,0,1,4,19,6,7,2020,0.0,1,0,1,1,3,4
97862,60633,53.0,0.0,0.0,0.0,1,2009.0,3,4,1,1.0,30,1,1,1,3,3,0,1,1,0,2,2,23,6,7,2020,0.0,1,1,1,1,3,3
97863,60633,53.0,0.0,0.0,0.0,1,2017.0,2,4,1,2.0,30,1,1,1,3,3,0,1,1,0,2,2,23,6,7,2020,0.0,1,1,1,1,3,3
97879,60148,50.0,0.0,-1.0,0.0,1,2014.0,1,2,1,1.0,30,1,1,1,2,2,5,1,1,0,4,2,22,6,7,2020,0.0,1,1,1,1,3,4
98020,0,36.0,0.0,4.0,0.0,1,2007.0,1,1,1,2.0,35,1,1,1,4,3,6,1,1,0,1,2,19,6,7,2020,1.0,1,0,1,0,1,4
98021,0,36.0,0.0,4.0,0.0,1,2007.0,1,1,8,1.0,35,1,1,1,4,3,6,1,1,0,1,2,19,6,7,2020,1.0,1,0,1,0,1,4
98022,60430,60.0,0.0,-1.0,0.0,1,2007.0,1,1,1,2.0,35,1,1,1,4,3,6,1,1,0,1,2,19,6,7,2020,1.0,0,0,1,0,1,4
98023,60430,60.0,0.0,-1.0,0.0,1,2007.0,1,1,8,1.0,35,1,1,1,4,3,6,1,1,0,1,2,19,6,7,2020,1.0,0,0,1,0,1,4
98069,60628,54.0,0.0,0.0,2.0,1,2004.0,1,4,1,1.0,30,1,1,1,2,1,1,1,1,0,1,2,0,2,7,2020,0.0,1,1,1,1,3,4
98070,60628,54.0,0.0,0.0,2.0,1,2005.0,1,3,1,3.0,30,1,1,1,2,1,1,1,1,0,1,2,0,2,7,2020,0.0,1,1,1,1,3,4
98134,60656,29.0,0.0,0.0,0.0,1,2003.0,1,4,6,4.0,30,1,1,1,1,1,6,1,1,0,2,2,16,6,7,2020,0.0,1,0,1,1,3,4
98135,60656,29.0,0.0,0.0,0.0,1,2012.0,1,8,16,3.0,30,1,1,1,1,1,6,1,1,0,2,2,16,6,7,2020,0.0,1,0,1,1,3,4
98230,60649,25.0,0.0,1.0,0.0,1,1999.0,1,4,1,1.0,30,1,1,1,2,2,0,1,1,0,4,2,3,1,7,2020,0.0,1,1,1,1,3,4
98249,60619,53.0,0.0,0.0,0.0,1,2019.0,1,2,1,3.0,30,2,1,1,1,1,1,1,1,0,1,2,19,2,7,2020,0.0,0,1,1,1,3,4
98250,60619,53.0,0.0,0.0,0.0,1,2019.0,1,1,1,7.0,30,2,1,1,1,1,1,1,1,0,1,2,19,2,7,2020,0.0,0,1,1,1,3,4
98278,60189,36.0,0.0,0.0,0.0,1,2016.0,2,2,1,4.0,30,1,1,3,1,4,3,1,2,0,2,2,10,1,7,2020,0.0,0,1,1,1,2,3
98288,60612,25.0,0.0,0.0,0.0,1,2011.0,1,3,1,4.0,30,2,1,1,2,2,0,1,1,0,2,2,3,1,7,2020,0.0,0,1,1,1,3,3
98323,60406,47.0,0.0,0.0,0.0,1,2014.0,1,4,3,4.0,30,1,1,3,1,6,1,1,1,0,1,2,13,1,7,2020,0.0,0,1,1,0,3,3
98504,60612,31.0,0.0,3.0,0.0,1,2008.0,1,4,1,1.0,30,1,1,1,2,1,1,1,-1,-1,2,3,1,1,7,2020,2.0,1,1,1,1,3,4
98505,60612,31.0,0.0,3.0,0.0,1,1998.0,1,3,1,1.0,30,1,1,1,2,1,1,1,-1,-1,2,3,1,1,7,2020,2.0,1,1,1,1,3,4
98506,60612,31.0,0.0,3.0,0.0,1,2007.0,1,2,3,1.0,30,1,1,1,2,1,1,1,-1,-1,2,3,1,1,7,2020,2.0,1,1,1,1,3,4
98507,60617,33.0,0.0,0.0,0.0,1,2008.0,1,4,1,1.0,30,1,1,1,2,1,1,1,-1,-1,2,3,1,1,7,2020,2.0,0,1,1,1,3,4
98508,60617,33.0,0.0,0.0,0.0,1,1998.0,1,3,1,1.0,30,1,1,1,2,1,1,1,-1,-1,2,3,1,1,7,2020,2.0,0,1,1,1,3,4
98509,60617,33.0,0.0,0.0,0.0,1,2007.0,1,2,3,1.0,30,1,1,1,2,1,1,1,-1,-1,2,3,1,1,7,2020,2.0,0,1,1,1,3,4
98510,60445,33.0,0.0,0.0,0.0,1,2008.0,1,4,1,1.0,30,1,1,1,2,1,1,1,-1,-1,2,3,1,1,7,2020,2.0,1,1,1,1,3,4
98511,60445,33.0,0.0,0.0,0.0,1,1998.0,1,3,1,1.0,30,1,1,1,2,1,1,1,-1,-1,2,3,1,1,7,2020,2.0,1,1,1,1,3,4
98512,60445,33.0,0.0,0.0,0.0,1,2007.0,1,2,3,1.0,30,1,1,1,2,1,1,1,-1,-1,2,3,1,1,7,2020,2.0,1,1,1,1,3,4
98516,60617,36.9,-1.0,-1.0,0.0,1,2011.0,-1,4,1,-1.0,30,2,1,1,1,2,0,1,1,0,2,3,12,7,7,2020,2.0,0,1,1,1,3,4
98517,60617,36.9,-1.0,-1.0,0.0,1,2014.0,1,7,2,5.0,30,2,1,1,1,2,0,1,1,0,2,3,12,7,7,2020,2.0,0,1,1,1,3,4
98518,60617,36.9,-1.0,-1.0,0.0,1,2013.0,1,4,1,1.0,30,2,1,1,1,2,0,1,1,0,2,3,12,7,7,2020,2.0,0,1,1,1,3,4
98519,60621,27.0,0.0,0.0,0.0,1,2011.0,-1,4,1,-1.0,30,2,1,1,1,2,0,1,1,0,2,3,12,7,7,2020,2.0,1,1,1,1,3,4
98520,60621,27.0,0.0,0.0,0.0,1,2014.0,1,7,2,5.0,30,2,1,1,1,2,0,1,1,0,2,3,12,7,7,2020,2.0,1,1,1,1,3,4
98521,60621,27.0,0.0,0.0,0.0,1,2013.0,1,4,1,1.0,30,2,1,1,1,2,0,1,1,0,2,3,12,7,7,2020,2.0,1,1,1,1,3,4
98522,60615,70.0,0.0,0.0,0.0,1,2011.0,-1,4,1,-1.0,30,2,1,1,1,2,0,1,1,0,2,3,12,7,7,2020,2.0,1,1,1,1,3,4
98523,60615,70.0,0.0,0.0,0.0,1,2014.0,1,7,2,5.0,30,2,1,1,1,2,0,1,1,0,2,3,12,7,7,2020,2.0,1,1,1,1,3,4
98524,60615,70.0,0.0,0.0,0.0,1,2013.0,1,4,1,1.0,30,2,1,1,1,2,0,1,1,0,2,3,12,7,7,2020,2.0,1,1,1,1,3,4
98652,60628,61.0,0.0,0.0,0.0,1,2013.0,1,3,3,9.0,30,1,1,1,2,7,6,1,1,0,1,2,3,7,7,2020,0.0,1,1,1,0,3,3
98658,60628,36.0,0.0,-1.0,0.0,1,2007.0,3,1,1,4.0,30,0,0,1,2,10,11,1,1,0,1,1,3,7,7,2020,1.0,0,0,1,1,3,4
98861,60632,38.0,-1.0,2.0,0.0,1,2010.0,-1,3,1,-1.0,30,1,1,1,1,5,0,1,1,0,1,3,14,7,7,2020,3.0,0,1,1,1,3,4
98864,60644,34.0,-1.0,0.0,0.0,1,2010.0,-1,3,1,-1.0,30,1,1,1,1,5,0,1,1,0,1,3,14,7,7,2020,3.0,0,1,1,1,3,0
98867,60644,35.0,-1.0,0.0,0.0,1,2010.0,-1,3,1,-1.0,30,1,1,1,1,5,0,1,1,0,1,3,14,7,7,2020,3.0,1,1,1,1,3,0
98945,60062,27.0,0.0,0.0,0.0,1,1993.0,1,1,1,1.0,30,1,1,1,1,2,1,1,1,0,3,2,15,7,7,2020,0.0,1,1,1,1,3,4
98999,60619,86.0,0.0,0.0,0.0,1,2013.0,1,3,1,1.0,30,2,1,1,1,1,1,1,1,0,1,2,15,7,7,2020,0.0,0,1,0,1,2,4
99000,60619,86.0,0.0,0.0,0.0,1,2004.0,1,2,1,3.0,30,2,1,1,1,1,1,1,1,0,1,2,15,7,7,2020,0.0,0,1,0,1,2,4
99081,60653,36.0,0.0,-1.0,0.0,1,2020.0,1,3,1,11.0,30,2,1,1,1,1,1,1,1,0,1,2,17,7,7,2020,1.0,0,1,1,1,3,4
99082,60653,36.0,0.0,-1.0,0.0,1,2010.0,-1,2,6,1.0,30,2,1,1,1,1,1,1,1,0,1,2,17,7,7,2020,1.0,0,1,1,1,3,4
99083,60653,36.0,0.0,7.0,0.0,1,2020.0,1,3,1,11.0,30,2,1,1,1,1,1,1,1,0,1,2,17,7,7,2020,1.0,1,1,1,1,3,4
99125,60653,38.0,-1.0,-1.0,0.0,1,2010.0,-1,4,1,1.0,25,2,1,1,1,1,3,1,1,0,3,2,16,7,7,2020,3.0,0,1,1,1,3,4
99126,60653,38.0,-1.0,-1.0,0.0,1,1998.0,1,1,1,6.0,25,2,1,1,1,1,3,1,1,0,3,2,16,7,7,2020,3.0,0,1,1,1,3,4
99127,60634,26.0,0.0,-1.0,0.0,1,2010.0,-1,4,1,1.0,25,2,1,1,1,1,3,1,1,0,3,2,16,7,7,2020,3.0,0,1,1,1,3,4
99128,60634,26.0,0.0,-1.0,0.0,1,1998.0,1,1,1,6.0,25,2,1,1,1,1,3,1,1,0,3,2,16,7,7,2020,3.0,0,1,1,1,3,4
99216,60649,32.0,0.0,2.0,0.0,1,2014.0,1,2,8,3.0,30,1,1,1,1,4,0,1,1,0,4,2,19,7,7,2020,0.0,1,1,0,1,3,4
99217,60649,32.0,0.0,2.0,0.0,1,2011.0,1,2,1,4.0,30,1,1,1,1,4,0,1,1,0,4,2,19,7,7,2020,0.0,1,1,0,1,3,4
99218,60409,27.0,0.0,0.0,0.0,1,2014.0,1,2,8,3.0,30,1,1,1,1,4,0,1,1,0,4,2,19,7,7,2020,0.0,1,1,0,1,3,4
99219,60409,27.0,0.0,0.0,0.0,1,2011.0,1,2,1,4.0,30,1,1,1,1,4,0,1,1,0,4,2,19,7,7,2020,0.0,1,1,0,1,3,4
99229,60637,33.0,0.0,0.0,0.0,1,2016.0,1,1,3,1.0,30,1,0,1,1,1,0,1,1,0,1,2,18,7,7,2020,0.0,0,1,1,0,3,3
99269,60637,36.0,0.0,-1.0,0.0,1,2018.0,1,3,3,2.0,30,1,1,1,1,3,1,1,1,0,1,2,18,7,7,2020,1.0,0,1,1,0,2,4
99270,60411,26.0,0.0,0.0,0.0,1,2010.0,1,3,1,1.0,30,1,1,1,1,3,1,1,1,0,1,2,18,7,7,2020,1.0,1,1,1,0,2,4
99271,60411,26.0,0.0,0.0,0.0,1,2018.0,1,3,3,2.0,30,1,1,1,1,3,1,1,1,0,1,2,18,7,7,2020,1.0,1,1,1,0,2,4