index,ZIPCODE,AGE,EJECTION,DRIVER_ACTION,BAC_RESULT,UNIT_TYPE,VEHICLE_YEAR,VEHICLE_TYPE,TRAVEL_DIRECTION,MANEUVER,FIRST_CONTACT_POINT,POSTED_SPEED_LIMIT,TRAFFIC_CONTROL_DEVICE,DEVICE_CONDITION,WEATHER_CONDITION,LIGHTING_CONDITION,FIRST_CRASH_TYPE,TRAFFICWAY_TYPE,ALIGNMENT,ROADWAY_SURFACE_COND,ROAD_DEFECT,STREET_DIRECTION,NUM_UNITS,CRASH_HOUR,CRASH_DAY_OF_WEEK,CRASH_MONTH,CRASH_YEAR,FATAL_DEGREE,SEX,INTERSECTION_RELATED,HIT_AND_RUN,REPORTYPE,DAMAGE_COST,FATAL_COND
99721,60563,18.0,0.0,0.0,0.0,1,2009.0,1,3,1,2.0,30,1,1,1,2,3,1,1,1,0,1,2,23,7,7,2020,1.0,1,0,1,0,3,4
99722,60563,18.0,0.0,0.0,0.0,1,2003.0,4,3,1,1.0,30,1,1,1,2,3,1,1,1,0,1,2,23,7,7,2020,1.0,1,0,1,0,3,4
99723,60622,36.0,0.0,4.0,0.0,1,2009.0,1,3,1,2.0,30,1,1,1,2,3,1,1,1,0,1,2,23,7,7,2020,1.0,1,0,1,0,3,4
99724,60622,36.0,0.0,4.0,0.0,1,2003.0,4,3,1,1.0,30,1,1,1,2,3,1,1,1,0,1,2,23,7,7,2020,1.0,1,0,1,0,3,4
99893,60622,35.0,0.0,2.0,0.0,1,2014.0,1,4,1,1.0,35,0,0,1,1,3,2,1,1,0,1,2,16,7,7,2020,0.0,0,1,1,0,3,3
99928,60608,32.0,0.0,0.0,0.0,1,2016.0,1,2,3,2.0,30,1,1,1,5,3,0,1,1,0,2,2,19,7,7,2020,0.0,1,1,1,0,2,3
100558,60625,21.0,0.0,0.0,0.0,1,1999.0,1,4,1,1.0,30,1,1,1,2,1,0,1,1,0,2,2,21,2,7,2020,0.0,0,1,1,1,1,3
100561,60440,22.0,0.0,3.0,0.0,1,2012.0,1,2,1,1.0,30,1,1,1,1,1,1,1,1,0,3,2,19,1,7,2020,3.0,1,1,0,1,3,4
100562,60440,22.0,0.0,3.0,0.0,1,2005.0,1,3,1,8.0,30,1,1,1,1,1,1,1,1,0,3,2,19,1,7,2020,3.0,1,1,0,1,3,4
100563,60527,51.0,0.0,0.0,0.0,1,2012.0,1,2,1,1.0,30,1,1,1,1,1,1,1,1,0,3,2,19,1,7,2020,3.0,1,1,0,1,3,4
100564,60527,51.0,0.0,0.0,0.0,1,2005.0,1,3,1,8.0,30,1,1,1,1,1,1,1,1,0,3,2,19,1,7,2020,3.0,1,1,0,1,3,4
100568,60440,36.9,0.0,-1.0,0.0,1,2017.0,1,3,1,10.0,30,2,1,2,1,1,1,1,2,0,1,2,11,1,7,2020,2.0,1,1,1,1,3,4
100569,60615,43.0,0.0,0.0,0.0,1,2011.0,4,2,-1,1.0,30,2,1,2,1,1,1,1,2,0,1,2,11,1,7,2020,2.0,1,1,1,1,3,4
100570,60615,43.0,0.0,0.0,0.0,1,2017.0,1,3,1,10.0,30,2,1,2,1,1,1,1,2,0,1,2,11,1,7,2020,2.0,1,1,1,1,3,4
100581,60526,19.0,0.0,0.0,0.0,1,2013.0,1,3,3,1.0,30,1,1,1,2,1,0,1,1,0,1,4,22,7,7,2020,0.0,1,1,1,0,3,3
100634,60643,20.0,0.0,0.0,0.0,1,2011.0,1,1,2,9.0,30,1,1,1,2,2,1,1,1,0,1,2,0,1,7,2020,0.0,1,1,1,0,2,3
100691,60618,66.0,0.0,0.0,0.0,1,2004.0,1,3,1,1.0,30,1,1,1,2,1,1,1,1,0,2,2,1,1,7,2020,0.0,1,1,1,1,2,4
100692,60618,66.0,0.0,0.0,0.0,1,2013.0,1,4,1,11.0,30,1,1,1,2,1,1,1,1,0,2,2,1,1,7,2020,0.0,1,1,1,1,2,4
100707,60620,32.0,0.0,0.0,0.0,1,2018.0,1,1,1,1.0,30,2,1,1,2,1,3,1,1,0,1,2,1,1,7,2020,0.0,1,1,1,0,3,3
100708,60620,32.0,0.0,0.0,0.0,1,2007.0,1,4,1,5.0,30,2,1,1,2,1,3,1,1,0,1,2,1,1,7,2020,0.0,1,1,1,0,3,3
100729,60616,28.0,0.0,1.0,0.0,1,2002.0,1,4,1,1.0,30,1,1,1,2,6,0,1,1,0,1,2,0,1,7,2020,0.0,1,1,1,1,3,3
100730,60616,28.0,0.0,1.0,0.0,1,2017.0,1,2,1,1.0,30,1,1,1,2,6,0,1,1,0,1,2,0,1,7,2020,0.0,1,1,1,1,3,3
100731,60619,46.0,0.0,0.0,0.0,1,2002.0,1,4,1,1.0,30,1,1,1,2,6,0,1,1,0,1,2,0,1,7,2020,0.0,1,1,1,1,3,3
100732,60619,46.0,0.0,0.0,0.0,1,2017.0,1,2,1,1.0,30,1,1,1,2,6,0,1,1,0,1,2,0,1,7,2020,0.0,1,1,1,1,3,3
100767,60624,27.0,0.0,3.0,0.0,1,2020.0,1,4,4,1.0,35,1,1,1,2,2,1,1,1,0,2,4,2,1,7,2020,1.0,1,1,0,0,3,4
100768,60624,27.0,0.0,3.0,0.0,1,2014.0,1,4,6,2.0,35,1,1,1,2,2,1,1,1,0,2,4,2,1,7,2020,1.0,1,1,0,0,3,4
100769,60624,27.0,0.0,3.0,0.0,1,2013.0,1,1,1,4.0,35,1,1,1,2,2,1,1,1,0,2,4,2,1,7,2020,1.0,1,1,0,0,3,4
100770,60624,27.0,0.0,3.0,0.0,1,2019.0,1,8,4,3.0,35,1,1,1,2,2,1,1,1,0,2,4,2,1,7,2020,1.0,1,1,0,0,3,4
100771,60623,38.0,0.0,0.0,0.0,1,2020.0,1,4,4,1.0,35,1,1,1,2,2,1,1,1,0,2,4,2,1,7,2020,1.0,1,1,0,0,3,4
100772,60623,38.0,0.0,0.0,0.0,1,2014.0,1,4,6,2.0,35,1,1,1,2,2,1,1,1,0,2,4,2,1,7,2020,1.0,1,1,0,0,3,4
100773,60623,38.0,0.0,0.0,0.0,1,2013.0,1,1,1,4.0,35,1,1,1,2,2,1,1,1,0,2,4,2,1,7,2020,1.0,1,1,0,0,3,4
100774,60623,38.0,0.0,0.0,0.0,1,2019.0,1,8,4,3.0,35,1,1,1,2,2,1,1,1,0,2,4,2,1,7,2020,1.0,1,1,0,0,3,4
100775,60644,26.0,0.0,0.0,0.0,1,2020.0,1,4,4,1.0,35,1,1,1,2,2,1,1,1,0,2,4,2,1,7,2020,1.0,1,1,0,0,3,4
100776,60644,26.0,0.0,0.0,0.0,1,2014.0,1,4,6,2.0,35,1,1,1,2,2,1,1,1,0,2,4,2,1,7,2020,1.0,1,1,0,0,3,4
100777,60644,26.0,0.0,0.0,0.0,1,2013.0,1,1,1,4.0,35,1,1,1,2,2,1,1,1,0,2,4,2,1,7,2020,1.0,1,1,0,0,3,4
100778,60644,26.0,0.0,0.0,0.0,1,2019.0,1,8,4,3.0,35,1,1,1,2,2,1,1,1,0,2,4,2,1,7,2020,1.0,1,1,0,0,3,4
100779,60624,26.0,0.0,0.0,0.0,1,2020.0,1,4,4,1.0,35,1,1,1,2,2,1,1,1,0,2,4,2,1,7,2020,1.0,0,1,0,0,3,4
100780,60624,26.0,0.0,0.0,0.0,1,2014.0,1,4,6,2.0,35,1,1,1,2,2,1,1,1,0,2,4,2,1,7,2020,1.0,0,1,0,0,3,4
100781,60624,26.0,0.0,0.0,0.0,1,2013.0,1,1,1,4.0,35,1,1,1,2,2,1,1,1,0,2,4,2,1,7,2020,1.0,0,1,0,0,3,4
100782,60624,26.0,0.0,0.0,0.0,1,2019.0,1,8,4,3.0,35,1,1,1,2,2,1,1,1,0,2,4,2,1,7,2020,1.0,0,1,0,0,3,4
101131,60610,27.0,0.0,0.0,0.0,1,2020.0,1,1,2,3.0,30,1,1,1,1,2,0,1,1,0,3,2,14,1,7,2020,0.0,1,1,1,0,2,3
101168,60617,49.0,0.0,0.0,0.0,1,2012.0,1,2,1,7.0,30,0,0,1,1,3,0,1,1,0,4,2,14,1,7,2020,0.0,1,1,1,1,1,3
101312,0,36.0,0.0,3.0,0.0,1,2010.0,-1,1,1,1.0,25,2,0,1,1,1,4,1,1,0,2,4,17,1,7,2020,1.0,1,1,1,1,3,4
101313,0,36.0,0.0,3.0,0.0,1,2006.0,1,4,1,9.0,25,2,0,1,1,1,4,1,1,0,2,4,17,1,7,2020,1.0,1,1,1,1,3,4
101314,0,36.0,0.0,3.0,0.0,2,2006.0,1,4,5,2.0,25,2,0,1,1,1,4,1,1,0,2,4,17,1,7,2020,1.0,1,1,1,1,3,4
101315,0,36.0,0.0,3.0,0.0,2,2007.0,2,4,5,2.0,25,2,0,1,1,1,4,1,1,0,2,4,17,1,7,2020,1.0,1,1,1,1,3,4
101316,60620,17.0,0.0,-1.0,0.0,1,2010.0,-1,1,1,1.0,25,2,0,1,1,1,4,1,1,0,2,4,17,1,7,2020,1.0,0,1,1,1,3,4
101317,60620,17.0,0.0,-1.0,0.0,1,2006.0,1,4,1,9.0,25,2,0,1,1,1,4,1,1,0,2,4,17,1,7,2020,1.0,0,1,1,1,3,4
101318,60620,17.0,0.0,-1.0,0.0,2,2006.0,1,4,5,2.0,25,2,0,1,1,1,4,1,1,0,2,4,17,1,7,2020,1.0,0,1,1,1,3,4
101319,60620,17.0,0.0,-1.0,0.0,2,2007.0,2,4,5,2.0,25,2,0,1,1,1,4,1,1,0,2,4,17,1,7,2020,1.0,0,1,1,1,3,4
101377,0,36.9,0.0,3.0,0.0,1,2011.0,2,3,1,-1.0,30,1,1,1,1,9,1,1,1,0,3,2,19,1,7,2020,2.0,0,1,1,1,3,4
101379,60620,24.0,2.0,1.0,0.0,1,2011.0,2,3,1,-1.0,30,1,1,1,1,9,1,1,1,0,3,2,19,1,7,2020,2.0,1,1,1,1,3,2
101384,60620,21.0,0.0,0.0,0.0,1,2011.0,1,5,1,10.0,30,2,1,1,1,2,4,1,1,0,3,2,13,1,7,2020,0.0,1,1,1,0,3,3
101426,60620,38.0,0.0,3.0,0.0,1,2015.0,1,2,1,1.0,30,2,1,1,1,2,0,1,1,0,2,2,19,1,7,2020,3.0,0,1,1,1,3,4
101427,60629,22.0,0.0,-1.0,0.0,1,2010.0,1,6,4,2.0,30,2,1,1,1,2,0,1,1,0,2,2,19,1,7,2020,3.0,0,1,1,1,3,4
101428,60629,22.0,0.0,-1.0,0.0,1,2015.0,1,2,1,1.0,30,2,1,1,1,2,0,1,1,0,2,2,19,1,7,2020,3.0,0,1,1,1,3,4
101473,60629,36.9,0.0,1.0,0.0,1,2006.0,1,2,3,2.0,30,1,1,1,2,3,0,1,1,0,2,3,21,1,7,2020,2.0,1,0,1,1,3,4
101474,60629,36.9,0.0,1.0,0.0,1,2010.0,1,2,3,2.0,30,1,1,1,2,3,0,1,1,0,2,3,21,1,7,2020,2.0,1,0,1,1,3,4
101475,60608,44.0,0.0,0.0,0.0,1,2011.0,1,2,1,1.0,30,1,1,1,2,3,0,1,1,0,2,3,21,1,7,2020,2.0,1,0,1,1,3,4
101476,60608,44.0,0.0,0.0,0.0,1,2006.0,1,2,3,2.0,30,1,1,1,2,3,0,1,1,0,2,3,21,1,7,2020,2.0,1,0,1,1,3,4
101477,60608,44.0,0.0,0.0,0.0,1,2010.0,1,2,3,2.0,30,1,1,1,2,3,0,1,1,0,2,3,21,1,7,2020,2.0,1,0,1,1,3,4
101478,60616,40.0,0.0,0.0,0.0,1,2011.0,1,2,1,1.0,30,1,1,1,2,3,0,1,1,0,2,3,21,1,7,2020,2.0,1,0,1,1,3,4
101479,60616,40.0,0.0,0.0,0.0,1,2006.0,1,2,3,2.0,30,1,1,1,2,3,0,1,1,0,2,3,21,1,7,2020,2.0,1,0,1,1,3,4
101480,60616,40.0,0.0,0.0,0.0,1,2010.0,1,2,3,2.0,30,1,1,1,2,3,0,1,1,0,2,3,21,1,7,2020,2.0,1,0,1,1,3,4
101607,60628,36.9,0.0,7.0,0.0,1,2005.0,1,3,6,1.0,30,3,1,1,2,2,2,1,1,0,1,2,20,1,7,2020,2.0,0,1,1,0,3,4
101608,60628,36.9,0.0,7.0,0.0,1,2016.0,2,2,2,3.0,30,3,1,1,2,2,2,1,1,0,1,2,20,1,7,2020,2.0,0,1,1,0,3,4
101609,60624,38.0,0.0,0.0,0.0,1,2005.0,1,3,6,1.0,30,3,1,1,2,2,2,1,1,0,1,2,20,1,7,2020,2.0,0,1,1,0,3,4
101610,60624,38.0,0.0,0.0,0.0,1,2016.0,2,2,2,3.0,30,3,1,1,2,2,2,1,1,0,1,2,20,1,7,2020,2.0,0,1,1,0,3,4
101980,60634,34.0,0.0,0.0,0.0,1,2008.0,2,1,1,1.0,30,1,1,1,2,3,0,1,1,0,3,4,0,3,7,2020,0.0,0,1,1,1,3,4
101981,60634,34.0,0.0,0.0,0.0,1,2008.0,2,1,3,2.0,30,1,1,1,2,3,0,1,1,0,3,4,0,3,7,2020,0.0,0,1,1,1,3,4
101982,60634,34.0,0.0,0.0,0.0,2,2004.0,1,1,5,8.0,30,1,1,1,2,3,0,1,1,0,3,4,0,3,7,2020,0.0,0,1,1,1,3,4
101983,60634,34.0,0.0,0.0,0.0,2,2011.0,1,1,5,8.0,30,1,1,1,2,3,0,1,1,0,3,4,0,3,7,2020,0.0,0,1,1,1,3,4
102313,60104,29.0,0.0,3.0,0.0,1,2002.0,1,3,1,1.0,30,1,1,1,3,1,2,1,1,0,2,2,0,2,7,2020,3.0,1,1,1,1,3,4
102314,60104,29.0,0.0,3.0,0.0,1,2016.0,1,4,1,6.0,30,1,1,1,3,1,2,1,1,0,2,2,0,2,7,2020,3.0,1,1,1,1,3,4
102315,60617,49.0,0.0,0.0,0.0,1,2002.0,1,3,1,1.0,30,1,1,1,3,1,2,1,1,0,2,2,0,2,7,2020,3.0,1,1,1,1,3,4
102316,60617,49.0,0.0,0.0,0.0,1,2016.0,1,4,1,6.0,30,1,1,1,3,1,2,1,1,0,2,2,0,2,7,2020,3.0,1,1,1,1,3,4
102331,60651,32.0,0.0,0.0,0.0,1,2008.0,3,2,1,1.0,30,1,1,1,5,1,0,1,1,0,2,3,5,2,7,2020,0.0,1,1,1,1,3,4
102332,60651,32.0,0.0,0.0,0.0,2,2007.0,1,2,5,9.0,30,1,1,1,5,1,0,1,1,0,2,3,5,2,7,2020,0.0,1,1,1,1,3,4
102474,32303,22.0,0.0,0.0,0.0,1,2005.0,1,3,4,5.0,35,1,1,1,1,2,4,1,1,0,1,2,13,2,7,2020,0.0,0,1,1,0,3,3
102484,60628,74.0,0.0,0.0,0.0,1,2014.0,1,2,4,10.0,30,2,0,1,1,2,8,2,1,0,1,2,12,2,7,2020,0.0,0,1,1,0,3,3
102985,60617,26.0,0.0,0.0,0.0,1,2016.0,1,3,1,10.0,25,2,1,1,1,2,4,1,1,0,3,2,19,2,7,2020,0.0,1,1,1,1,2,3
102992,60459,41.0,0.0,0.0,1.0,1,2015.0,1,4,1,4.0,30,1,1,1,1,3,8,2,1,0,2,2,19,2,7,2020,0.0,0,1,0,0,2,3
102993,60459,41.0,0.0,0.0,1.0,1,2020.0,1,4,3,7.0,30,1,1,1,1,3,8,2,1,0,2,2,19,2,7,2020,0.0,0,1,0,0,2,3
103034,60628,24.0,0.0,0.0,0.0,1,2020.0,1,3,1,1.0,30,2,1,1,4,1,1,1,1,0,1,2,20,2,7,2020,0.0,0,1,1,0,3,3
103035,60628,24.0,0.0,0.0,0.0,1,2016.0,1,2,1,12.0,30,2,1,1,4,1,1,1,1,0,1,2,20,2,7,2020,0.0,0,1,1,0,3,3
103422,60804,34.0,0.0,0.0,0.0,1,2006.0,1,4,1,2.0,30,1,1,1,1,3,0,1,1,0,2,3,14,3,7,2020,0.0,0,1,1,0,1,3
104116,32303,36.9,0.0,3.0,0.0,1,2019.0,1,2,1,1.0,30,1,1,1,1,1,0,1,1,0,3,2,14,3,7,2020,2.0,1,1,1,0,3,4
104117,32303,36.9,0.0,3.0,0.0,1,2005.0,1,3,1,6.0,30,1,1,1,1,1,0,1,1,0,3,2,14,3,7,2020,2.0,1,1,1,0,3,4
104118,61701,56.0,0.0,0.0,0.0,1,2019.0,1,2,1,1.0,30,1,1,1,1,1,0,1,1,0,3,2,14,3,7,2020,2.0,1,1,1,0,3,4
104119,61701,56.0,0.0,0.0,0.0,1,2005.0,1,3,1,6.0,30,1,1,1,1,1,0,1,1,0,3,2,14,3,7,2020,2.0,1,1,1,0,3,4
104210,60173,51.0,0.0,0.0,0.0,1,2018.0,10,1,1,10.0,30,0,0,1,1,4,0,1,1,0,1,2,16,3,7,2020,0.0,1,1,1,1,3,4
104353,60646,21.0,0.0,0.0,0.0,1,2002.0,1,2,2,8.0,30,1,1,1,1,2,0,1,1,0,2,2,18,3,7,2020,0.0,0,1,1,0,2,3
104591,32303,38.0,0.0,6.0,0.0,1,2010.0,-1,4,13,4.0,30,1,1,2,2,5,0,1,2,0,2,2,22,3,7,2020,3.0,1,1,1,1,2,4
104593,60646,57.0,-1.0,-1.0,-1.0,1,2010.0,-1,4,13,4.0,30,1,1,2,2,5,0,1,2,0,2,2,22,3,7,2020,3.0,0,1,1,1,2,0
104599,60646,36.0,0.0,8.0,0.0,1,1996.0,1,2,14,1.0,30,1,1,2,2,4,0,1,2,0,2,2,22,3,7,2020,1.0,0,1,1,0,3,4
104600,60646,36.0,0.0,8.0,0.0,1,2014.0,1,2,3,12.0,30,1,1,2,2,4,0,1,2,0,2,2,22,3,7,2020,1.0,0,1,1,0,3,4
104601,61920,26.0,0.0,0.0,0.0,1,1996.0,1,2,14,1.0,30,1,1,2,2,4,0,1,2,0,2,2,22,3,7,2020,1.0,1,1,1,0,3,4
104602,61920,26.0,0.0,0.0,0.0,1,2014.0,1,2,3,12.0,30,1,1,2,2,4,0,1,2,0,2,2,22,3,7,2020,1.0,1,1,1,0,3,4
104609,60646,36.9,0.0,-1.0,0.0,1,2011.0,-1,2,1,1.0,30,1,1,2,2,1,0,1,2,0,1,2,22,3,7,2020,2.0,0,1,1,1,3,4
104610,60646,36.9,0.0,-1.0,0.0,1,2020.0,4,1,1,7.0,30,1,1,2,2,1,0,1,2,0,1,2,22,3,7,2020,2.0,0,1,1,1,3,4
104611,60655,53.0,0.0,-1.0,0.0,1,2011.0,-1,2,1,1.0,30,1,1,2,2,1,0,1,2,0,1,2,22,3,7,2020,2.0,1,1,1,1,3,4
104612,60655,53.0,0.0,-1.0,0.0,1,2020.0,4,1,1,7.0,30,1,1,2,2,1,0,1,2,0,1,2,22,3,7,2020,2.0,1,1,1,1,3,4
104761,60643,46.0,0.0,0.0,0.0,1,2002.0,1,1,3,2.0,30,1,1,1,1,3,2,1,1,0,1,3,10,7,6,2020,0.0,0,1,1,0,1,3
104828,60643,36.9,-1.0,-1.0,0.0,1,2011.0,-1,4,1,1.0,35,0,0,1,2,5,3,1,1,0,2,2,0,5,7,2020,2.0,0,1,1,1,1,4
104830,60643,24.0,-1.0,0.0,0.0,1,2011.0,-1,4,1,1.0,35,0,0,1,2,5,3,1,1,0,2,2,0,5,7,2020,2.0,0,1,1,1,1,0
104836,60617,32.0,0.0,0.0,0.0,1,2006.0,1,4,1,1.0,30,0,0,1,2,2,0,1,1,0,2,2,0,5,7,2020,0.0,1,0,1,1,3,3
104837,60617,32.0,0.0,0.0,0.0,1,2002.0,1,4,4,10.0,30,0,0,1,2,2,0,1,1,0,2,2,0,5,7,2020,0.0,1,0,1,1,3,3
104851,60487,31.0,0.0,0.0,0.0,1,2019.0,3,7,2,7.0,30,1,1,3,1,2,1,1,1,0,2,2,13,4,7,2020,0.0,1,1,1,1,3,3
104985,60638,20.0,0.0,1.0,0.0,1,2008.0,1,1,2,11.0,25,2,1,1,2,2,1,1,1,0,1,2,23,4,7,2020,0.0,0,1,1,0,3,3
105088,60638,36.0,-1.0,-1.0,0.0,1,2007.0,1,4,1,4.0,30,2,1,1,1,1,2,1,1,0,3,3,9,5,7,2020,1.0,0,1,1,1,3,4
105089,60638,36.0,-1.0,-1.0,0.0,1,2007.0,1,3,1,3.0,30,2,1,1,1,1,2,1,1,0,3,3,9,5,7,2020,1.0,0,1,1,1,3,4
105090,60644,30.0,0.0,-1.0,0.0,1,2010.0,1,3,1,3.0,30,2,1,1,1,1,2,1,1,0,3,3,9,5,7,2020,1.0,0,1,1,1,3,4
105091,60644,30.0,0.0,-1.0,0.0,1,2007.0,1,4,1,4.0,30,2,1,1,1,1,2,1,1,0,3,3,9,5,7,2020,1.0,0,1,1,1,3,4
105092,60644,30.0,0.0,-1.0,0.0,1,2007.0,1,3,1,3.0,30,2,1,1,1,1,2,1,1,0,3,3,9,5,7,2020,1.0,0,1,1,1,3,4
105093,60619,22.0,0.0,-1.0,0.0,1,2010.0,1,3,1,3.0,30,2,1,1,1,1,2,1,1,0,3,3,9,5,7,2020,1.0,1,1,1,1,3,4
105094,60619,22.0,0.0,-1.0,0.0,1,2007.0,1,4,1,4.0,30,2,1,1,1,1,2,1,1,0,3,3,9,5,7,2020,1.0,1,1,1,1,3,4
105095,60619,22.0,0.0,-1.0,0.0,1,2007.0,1,3,1,3.0,30,2,1,1,1,1,2,1,1,0,3,3,9,5,7,2020,1.0,1,1,1,1,3,4
105273,60618,59.0,0.0,0.0,0.0,1,2018.0,3,3,3,2.0,35,1,1,1,2,3,3,1,1,0,1,2,0,4,7,2020,0.0,1,1,1,0,1,3
105288,60609,72.0,0.0,0.0,0.0,1,2008.0,2,3,1,1.0,30,2,1,1,2,1,1,1,1,0,1,2,3,4,7,2020,0.0,1,1,1,1,3,4
105584,60609,38.0,0.0,2.0,0.0,1,2015.0,2,3,9,-1.0,30,1,1,1,1,5,0,1,1,0,1,2,13,4,7,2020,3.0,0,1,1,1,3,4
105586,60609,52.0,-1.0,0.0,0.0,1,2015.0,2,3,9,-1.0,30,1,1,1,1,5,0,1,1,0,1,2,13,4,7,2020,3.0,1,1,1,1,3,0
105609,60619,23.0,0.0,-1.0,0.0,1,2013.0,1,3,1,1.0,30,0,0,1,1,3,3,1,-1,0,1,2,14,4,7,2020,2.0,0,1,1,1,3,4
105610,60619,23.0,0.0,-1.0,0.0,1,2016.0,1,3,3,2.0,30,0,0,1,1,3,3,1,-1,0,1,2,14,4,7,2020,2.0,0,1,1,1,3,4
105611,60628,20.0,0.0,0.0,0.0,1,2013.0,1,3,1,1.0,30,0,0,1,1,3,3,1,-1,0,1,2,14,4,7,2020,2.0,0,1,1,1,3,4
105612,60628,20.0,0.0,0.0,0.0,1,2016.0,1,3,3,2.0,30,0,0,1,1,3,3,1,-1,0,1,2,14,4,7,2020,2.0,0,1,1,1,3,4
105651,60613,60.0,0.0,5.0,0.0,1,2009.0,1,3,12,7.0,30,1,1,1,1,2,2,1,1,0,3,3,15,4,7,2020,0.0,1,1,1,1,3,4
105652,60613,60.0,0.0,5.0,0.0,1,2014.0,1,3,1,3.0,30,1,1,1,1,2,2,1,1,0,3,3,15,4,7,2020,0.0,1,1,1,1,3,4
105654,60714,58.0,0.0,0.0,0.0,1,2009.0,1,3,12,7.0,30,1,1,1,1,2,2,1,1,0,3,3,15,4,7,2020,0.0,1,1,1,1,3,4
105655,60714,58.0,0.0,0.0,0.0,1,2014.0,1,3,1,3.0,30,1,1,1,1,2,2,1,1,0,3,3,15,4,7,2020,0.0,1,1,1,1,3,4
105902,23229,21.0,0.0,0.0,0.0,1,2018.0,1,2,3,9.0,30,0,0,1,1,4,0,1,1,0,2,2,17,4,7,2020,0.0,1,1,1,1,3,3
105978,60617,20.0,0.0,0.0,0.0,1,2008.0,1,1,1,5.0,30,1,1,1,1,4,0,1,1,0,1,2,15,4,7,2020,0.0,1,1,1,0,2,3
106487,75228,28.0,0.0,0.0,0.0,1,2011.0,1,2,1,4.0,35,1,1,1,1,9,7,1,1,0,1,2,6,6,7,2020,2.0,1,1,1,1,1,2
106504,60164,47.0,0.0,1.0,0.0,1,2005.0,1,4,1,3.0,30,2,0,1,1,1,3,1,1,0,1,2,11,5,7,2020,0.0,1,1,1,0,3,3
106941,60647,34.0,0.0,0.0,0.0,1,2000.0,1,3,1,6.0,30,2,1,1,1,1,1,1,1,0,2,2,11,5,7,2020,0.0,1,1,1,1,3,4
106942,60647,34.0,0.0,0.0,0.0,1,2010.0,1,2,1,1.0,30,2,1,1,1,1,1,1,1,0,2,2,11,5,7,2020,0.0,1,1,1,1,3,4
107083,60651,32.0,0.0,2.0,0.0,1,2012.0,1,1,4,5.0,30,2,1,1,1,2,1,1,1,0,3,3,14,5,7,2020,2.0,1,1,1,1,3,4
107084,60651,32.0,0.0,2.0,0.0,1,2011.0,-1,2,-1,1.0,30,2,1,1,1,2,1,1,1,0,3,3,14,5,7,2020,2.0,1,1,1,1,3,4
107085,60651,32.0,0.0,2.0,0.0,1,2000.0,1,-1,-1,1.0,30,2,1,1,1,2,1,1,1,0,3,3,14,5,7,2020,2.0,1,1,1,1,3,4
107086,60651,36.9,-1.0,-1.0,0.0,1,2012.0,1,1,4,5.0,30,2,1,1,1,2,1,1,1,0,3,3,14,5,7,2020,2.0,0,1,1,1,3,4
107088,60651,36.9,-1.0,-1.0,0.0,1,2000.0,1,-1,-1,1.0,30,2,1,1,1,2,1,1,1,0,3,3,14,5,7,2020,2.0,0,1,1,1,3,4
107089,60651,36.9,0.0,-1.0,0.0,1,2012.0,1,1,4,5.0,30,2,1,1,1,2,1,1,1,0,3,3,14,5,7,2020,2.0,0,1,1,1,3,4
107091,60651,36.9,0.0,-1.0,0.0,1,2000.0,1,-1,-1,1.0,30,2,1,1,1,2,1,1,1,0,3,3,14,5,7,2020,2.0,0,1,1,1,3,4
107255,60615,59.0,0.0,0.0,0.0,1,2008.0,1,3,1,1.0,30,0,0,1,1,3,2,1,1,0,1,2,18,5,7,2020,0.0,1,1,1,0,2,3
107256,60615,59.0,0.0,0.0,0.0,1,2018.0,3,3,1,8.0,30,0,0,1,1,3,2,1,1,0,1,2,18,5,7,2020,0.0,1,1,1,0,2,3
107318,60652,30.0,0.0,0.0,0.0,1,2004.0,1,1,1,1.0,30,2,1,1,1,1,0,1,1,0,4,2,11,5,7,2020,0.0,0,1,1,0,3,3
107319,60652,30.0,0.0,0.0,0.0,1,2015.0,1,2,3,4.0,30,2,1,1,1,1,0,1,1,0,4,2,11,5,7,2020,0.0,0,1,1,0,3,3
107468,60637,39.0,0.0,0.0,0.0,1,2010.0,1,2,1,7.0,30,0,0,1,2,7,2,1,1,0,2,2,23,5,7,2020,0.0,1,1,1,0,3,3
107498,60621,20.0,0.0,0.0,0.0,1,2018.0,1,4,1,2.0,30,0,0,1,4,1,0,1,1,0,1,3,22,5,7,2020,0.0,0,1,1,1,3,4
107499,60621,20.0,0.0,0.0,0.0,1,2010.0,1,3,1,4.0,30,0,0,1,4,1,0,1,1,0,1,3,22,5,7,2020,0.0,0,1,1,1,3,4
107500,60621,20.0,0.0,0.0,0.0,2,2016.0,1,1,5,4.0,30,0,0,1,4,1,0,1,1,0,1,3,22,5,7,2020,0.0,0,1,1,1,3,4