index,ZIPCODE,AGE,EJECTION,DRIVER_ACTION,BAC_RESULT,UNIT_TYPE,VEHICLE_YEAR,VEHICLE_TYPE,TRAVEL_DIRECTION,MANEUVER,FIRST_CONTACT_POINT,POSTED_SPEED_LIMIT,TRAFFIC_CONTROL_DEVICE,DEVICE_CONDITION,WEATHER_CONDITION,LIGHTING_CONDITION,FIRST_CRASH_TYPE,TRAFFICWAY_TYPE,ALIGNMENT,ROADWAY_SURFACE_COND,ROAD_DEFECT,STREET_DIRECTION,NUM_UNITS,CRASH_HOUR,CRASH_DAY_OF_WEEK,CRASH_MONTH,CRASH_YEAR,FATAL_DEGREE,SEX,INTERSECTION_RELATED,HIT_AND_RUN,REPORTYPE,DAMAGE_COST,FATAL_COND
107546,0,36.0,-1.0,3.0,0.0,1,2020.0,2,1,-1,1.0,35,2,1,3,2,1,1,1,2,0,1,2,4,5,7,2020,1.0,0,1,1,1,3,4
107547,0,36.0,-1.0,3.0,0.0,1,2018.0,1,4,1,5.0,35,2,1,3,2,1,1,1,2,0,1,2,4,5,7,2020,1.0,0,1,1,1,3,4
107548,60639,55.0,0.0,0.0,0.0,1,2020.0,2,1,-1,1.0,35,2,1,3,2,1,1,1,2,0,1,2,4,5,7,2020,1.0,1,1,1,1,3,4
107549,60639,55.0,0.0,0.0,0.0,1,2018.0,1,4,1,5.0,35,2,1,3,2,1,1,1,2,0,1,2,4,5,7,2020,1.0,1,1,1,1,3,4
107630,0,36.9,-1.0,2.0,0.0,1,2011.0,1,2,1,8.0,30,2,1,1,3,1,1,1,1,-1,2,2,1,1,7,2020,2.0,1,1,1,0,3,4
107631,0,36.9,-1.0,2.0,0.0,1,2008.0,1,1,1,4.0,30,2,1,1,3,1,1,1,1,-1,2,2,1,1,7,2020,2.0,1,1,1,0,3,4
107632,60615,36.0,0.0,0.0,0.0,1,2011.0,1,2,1,8.0,30,2,1,1,3,1,1,1,1,-1,2,2,1,1,7,2020,2.0,1,1,1,0,3,4
107633,60615,36.0,0.0,0.0,0.0,1,2008.0,1,1,1,4.0,30,2,1,1,3,1,1,1,1,-1,2,2,1,1,7,2020,2.0,1,1,1,0,3,4
107817,60644,31.0,0.0,0.0,0.0,1,2003.0,1,3,3,1.0,30,2,1,1,2,6,0,1,1,0,1,2,3,7,7,2020,0.0,0,1,1,1,3,4
107858,60104,19.0,0.0,0.0,0.0,1,2002.0,1,4,2,9.0,30,1,1,1,1,2,0,1,1,0,1,2,6,7,7,2020,0.0,1,1,1,1,3,3
107903,60617,46.0,0.0,1.0,0.0,1,2011.0,2,1,3,2.0,30,1,1,1,1,3,1,1,1,0,1,3,9,7,7,2020,0.0,1,1,1,0,3,3
107904,60617,46.0,0.0,1.0,0.0,1,2006.0,1,1,3,2.0,30,1,1,1,1,3,1,1,1,0,1,3,9,7,7,2020,0.0,1,1,1,0,3,3
108010,60617,36.9,0.0,2.0,0.0,1,2009.0,2,1,1,3.0,20,2,1,1,1,1,1,1,1,0,2,2,11,7,7,2020,2.0,1,1,1,0,2,4
108011,60617,36.9,0.0,2.0,0.0,1,2020.0,1,2,1,4.0,20,2,1,1,1,1,1,1,1,0,2,2,11,7,7,2020,2.0,1,1,1,0,2,4
108012,60617,42.0,0.0,0.0,0.0,1,2009.0,2,1,1,3.0,20,2,1,1,1,1,1,1,1,0,2,2,11,7,7,2020,2.0,0,1,1,0,2,4
108013,60617,42.0,0.0,0.0,0.0,1,2020.0,1,2,1,4.0,20,2,1,1,1,1,1,1,1,0,2,2,11,7,7,2020,2.0,0,1,1,0,2,4
108057,60617,36.9,0.0,2.0,0.0,1,2011.0,1,3,1,1.0,25,2,1,1,1,1,1,1,1,0,1,2,7,7,7,2020,2.0,0,1,1,0,3,4
108058,60617,36.9,0.0,2.0,0.0,1,2004.0,3,2,1,7.0,25,2,1,1,1,1,1,1,1,0,1,2,7,7,7,2020,2.0,0,1,1,0,3,4
108059,60608,77.0,0.0,0.0,0.0,1,2011.0,1,3,1,1.0,25,2,1,1,1,1,1,1,1,0,1,2,7,7,7,2020,2.0,1,1,1,0,3,4
108060,60608,77.0,0.0,0.0,0.0,1,2004.0,3,2,1,7.0,25,2,1,1,1,1,1,1,1,0,1,2,7,7,7,2020,2.0,1,1,1,0,3,4
108082,60619,68.0,0.0,0.0,0.0,1,2019.0,1,2,3,3.0,30,2,1,1,1,1,1,1,1,0,4,2,13,7,7,2020,0.0,0,1,1,0,3,3
108165,60619,36.0,0.0,-1.0,0.0,1,2007.0,2,4,1,6.0,30,1,-1,1,1,4,0,1,1,-1,2,2,14,7,7,2020,1.0,0,1,1,0,3,4
108280,60619,69.0,0.0,1.0,0.0,1,2006.0,1,3,1,1.0,30,1,1,1,1,2,1,1,1,0,1,2,15,7,7,2020,0.0,1,1,1,1,3,4
108281,60619,69.0,0.0,1.0,0.0,1,2018.0,1,5,2,1.0,30,1,1,1,1,2,1,1,1,0,1,2,15,7,7,2020,0.0,1,1,1,1,3,4
108498,60619,66.0,0.0,0.0,0.0,1,2008.0,1,1,4,6.0,30,1,1,1,1,2,0,1,1,0,3,2,18,1,7,2020,0.0,0,1,1,1,3,3
108783,60619,36.0,0.0,-1.0,0.0,1,2010.0,1,4,6,11.0,30,1,1,1,2,2,5,1,1,0,2,2,4,6,7,2020,1.0,0,1,1,1,3,4
108784,60619,36.0,0.0,-1.0,0.0,1,2010.0,1,4,2,12.0,30,1,1,1,2,2,5,1,1,0,2,2,4,6,7,2020,1.0,0,1,1,1,3,4
108785,60619,32.0,0.0,0.0,0.0,1,2010.0,1,4,6,11.0,30,1,1,1,2,2,5,1,1,0,2,2,4,6,7,2020,1.0,1,1,1,1,3,4
108786,60619,32.0,0.0,0.0,0.0,1,2010.0,1,4,2,12.0,30,1,1,1,2,2,5,1,1,0,2,2,4,6,7,2020,1.0,1,1,1,1,3,4
108835,60643,53.0,0.0,0.0,0.0,1,2012.0,2,3,1,5.0,30,1,1,2,1,2,1,1,2,0,1,3,7,6,7,2020,0.0,1,1,1,1,3,4
109409,60641,26.0,0.0,1.0,0.0,1,2009.0,1,2,1,6.0,30,2,1,1,1,12,1,1,1,0,2,2,15,6,7,2020,0.0,0,1,1,1,3,4
109475,60629,22.0,0.0,0.0,0.0,1,2007.0,2,4,1,1.0,30,1,1,1,1,2,0,1,1,0,2,2,17,6,7,2020,0.0,1,1,1,1,3,3
109528,60609,35.0,0.0,0.0,0.0,1,2015.0,1,4,1,2.0,30,1,1,1,4,3,10,1,1,0,1,2,17,6,7,2020,0.0,1,1,1,0,3,3
109705,60106,21.0,0.0,0.0,0.0,1,2013.0,1,1,1,1.0,30,1,1,1,4,1,0,1,1,0,2,2,19,6,7,2020,0.0,0,1,1,1,3,4
109753,53081,27.0,0.0,0.0,0.0,1,2006.0,1,3,1,8.0,30,1,1,1,1,3,0,1,1,0,1,2,19,6,7,2020,0.0,1,1,1,1,3,3
109765,60628,31.0,0.0,0.0,0.0,1,2017.0,1,1,1,11.0,30,0,0,1,3,1,4,1,1,0,4,2,20,6,7,2020,0.0,1,1,1,1,3,3
109770,60624,23.0,0.0,3.0,0.0,1,2016.0,1,3,2,4.0,30,1,1,1,2,2,5,1,1,0,2,2,21,6,7,2020,0.0,1,1,0,1,3,4
109771,60624,23.0,0.0,3.0,0.0,1,1999.0,1,2,1,1.0,30,1,1,1,2,2,5,1,1,0,2,2,21,6,7,2020,0.0,1,1,0,1,3,4
109772,60402,17.0,0.0,0.0,0.0,1,2016.0,1,3,2,4.0,30,1,1,1,2,2,5,1,1,0,2,2,21,6,7,2020,0.0,1,1,0,1,3,4
109773,60402,17.0,0.0,0.0,0.0,1,1999.0,1,2,1,1.0,30,1,1,1,2,2,5,1,1,0,2,2,21,6,7,2020,0.0,1,1,0,1,3,4
109842,60624,36.9,0.0,2.0,0.0,1,2019.0,1,4,1,12.0,30,2,1,1,2,1,3,1,1,0,2,2,23,6,7,2020,2.0,0,1,1,1,3,4
109843,60615,41.0,0.0,0.0,0.0,1,2011.0,3,1,1,1.0,30,2,1,1,2,1,3,1,1,0,2,2,23,6,7,2020,2.0,0,1,1,1,3,4
109844,60615,41.0,0.0,0.0,0.0,1,2019.0,1,4,1,12.0,30,2,1,1,2,1,3,1,1,0,2,2,23,6,7,2020,2.0,0,1,1,1,3,4
110067,0,36.0,0.0,-1.0,0.0,1,2010.0,1,1,1,1.0,30,2,1,2,2,2,0,1,2,0,1,3,0,6,7,2020,1.0,0,1,1,0,3,4
110068,0,36.0,0.0,-1.0,0.0,1,2017.0,4,8,2,5.0,30,2,1,2,2,2,0,1,2,0,1,3,0,6,7,2020,1.0,0,1,1,0,3,4
110069,0,36.0,0.0,-1.0,0.0,1,2006.0,4,8,2,3.0,30,2,1,2,2,2,0,1,2,0,1,3,0,6,7,2020,1.0,0,1,1,0,3,4
110070,60612,42.0,0.0,0.0,0.0,1,2010.0,1,1,1,1.0,30,2,1,2,2,2,0,1,2,0,1,3,0,6,7,2020,1.0,1,1,1,0,3,4
110071,60612,42.0,0.0,0.0,0.0,1,2017.0,4,8,2,5.0,30,2,1,2,2,2,0,1,2,0,1,3,0,6,7,2020,1.0,1,1,1,0,3,4
110072,60612,42.0,0.0,0.0,0.0,1,2006.0,4,8,2,3.0,30,2,1,2,2,2,0,1,2,0,1,3,0,6,7,2020,1.0,1,1,1,0,3,4
110073,60628,25.0,0.0,0.0,0.0,1,2010.0,1,1,1,1.0,30,2,1,2,2,2,0,1,2,0,1,3,0,6,7,2020,1.0,1,1,1,0,3,4
110074,60628,25.0,0.0,0.0,0.0,1,2017.0,4,8,2,5.0,30,2,1,2,2,2,0,1,2,0,1,3,0,6,7,2020,1.0,1,1,1,0,3,4
110075,60628,25.0,0.0,0.0,0.0,1,2006.0,4,8,2,3.0,30,2,1,2,2,2,0,1,2,0,1,3,0,6,7,2020,1.0,1,1,1,0,3,4
110164,60615,64.0,0.0,0.0,0.0,1,2019.0,1,2,-1,1.0,30,1,1,1,1,6,0,1,1,0,2,2,4,4,7,2020,0.0,0,0,1,1,2,3
110396,0,36.9,0.0,5.0,0.0,1,2011.0,3,2,4,4.0,30,1,1,1,1,9,1,1,1,0,2,2,19,7,7,2020,2.0,1,1,1,1,3,4
110398,60651,19.0,1.0,0.0,0.0,1,2011.0,3,2,4,4.0,30,1,1,1,1,9,1,1,1,0,2,2,19,7,7,2020,2.0,1,1,1,1,3,2
110422,0,36.9,0.0,-1.0,0.0,1,2006.0,1,1,1,1.0,30,1,1,1,2,2,0,1,1,0,1,2,22,7,7,2020,2.0,1,1,1,1,3,4
110423,0,36.9,0.0,-1.0,0.0,1,2003.0,1,3,2,5.0,30,1,1,1,2,2,0,1,1,0,1,2,22,7,7,2020,2.0,1,1,1,1,3,4
110424,60623,29.0,0.0,0.0,0.0,1,2006.0,1,1,1,1.0,30,1,1,1,2,2,0,1,1,0,1,2,22,7,7,2020,2.0,1,1,1,1,3,4
110425,60623,29.0,0.0,0.0,0.0,1,2003.0,1,3,2,5.0,30,1,1,1,2,2,0,1,1,0,1,2,22,7,7,2020,2.0,1,1,1,1,3,4
110501,60619,23.0,0.0,0.0,0.0,1,2000.0,1,2,1,1.0,30,2,1,1,2,1,0,1,1,0,1,2,1,1,7,2020,0.0,0,1,1,1,3,3
110502,60619,23.0,0.0,0.0,0.0,1,2020.0,1,1,1,5.0,30,2,1,1,2,1,0,1,1,0,1,2,1,1,7,2020,0.0,0,1,1,1,3,3
110523,0,36.0,-1.0,-1.0,0.0,1,2017.0,1,3,1,1.0,30,4,1,1,2,4,0,1,1,0,1,2,1,1,7,2020,1.0,1,1,1,1,3,4
110524,0,36.0,-1.0,-1.0,0.0,1,2013.0,1,3,1,7.0,30,4,1,1,2,4,0,1,1,0,1,2,1,1,7,2020,1.0,1,1,1,1,3,4
110525,60653,47.0,0.0,1.0,0.0,1,2017.0,1,3,1,1.0,30,4,1,1,2,4,0,1,1,0,1,2,1,1,7,2020,1.0,0,1,1,1,3,4
110526,60653,47.0,0.0,1.0,0.0,1,2013.0,1,3,1,7.0,30,4,1,1,2,4,0,1,1,0,1,2,1,1,7,2020,1.0,0,1,1,1,3,4
110589,0,36.0,0.0,-1.0,0.0,1,2013.0,1,4,1,10.0,30,1,1,1,2,1,1,1,1,0,2,2,4,1,7,2020,1.0,1,1,1,1,3,4
110590,60618,24.0,-1.0,-1.0,0.0,1,2010.0,1,3,1,1.0,30,1,1,1,2,1,1,1,1,0,2,2,4,1,7,2020,1.0,0,1,1,1,3,4
110591,60618,24.0,-1.0,-1.0,0.0,1,2013.0,1,4,1,10.0,30,1,1,1,2,1,1,1,1,0,2,2,4,1,7,2020,1.0,0,1,1,1,3,4
110619,0,36.0,0.0,3.0,0.0,1,2019.0,1,2,1,1.0,30,1,1,1,5,1,1,1,1,0,2,2,5,1,7,2020,1.0,0,1,1,1,3,4
110620,60644,27.0,0.0,0.0,0.0,1,2010.0,1,3,1,6.0,30,1,1,1,5,1,1,1,1,0,2,2,5,1,7,2020,1.0,0,1,1,1,3,4
110621,60644,27.0,0.0,0.0,0.0,1,2019.0,1,2,1,1.0,30,1,1,1,5,1,1,1,1,0,2,2,5,1,7,2020,1.0,0,1,1,1,3,4
110763,60629,49.0,0.0,0.0,0.0,1,2008.0,1,3,2,6.0,30,1,1,1,1,2,0,2,1,0,2,2,15,7,7,2020,0.0,1,1,1,0,1,3
110789,60169,33.0,0.0,0.0,0.0,1,2005.0,1,1,9,1.0,30,1,1,1,1,1,2,1,1,0,1,2,13,1,7,2020,0.0,1,1,1,0,3,3
111279,0,36.9,0.0,2.0,0.0,1,2011.0,1,2,4,3.0,35,1,1,1,1,9,14,1,1,0,1,2,6,7,7,2020,2.0,1,1,1,1,1,4
111281,60609,30.0,0.0,0.0,0.0,1,2011.0,1,2,4,3.0,35,1,1,1,1,9,14,1,1,0,1,2,6,7,7,2020,2.0,1,1,1,1,1,2
111344,60609,37.0,0.0,0.0,0.0,1,2020.0,3,2,1,3.0,30,1,1,1,1,4,5,1,1,0,2,2,10,7,7,2020,0.0,0,1,1,0,2,3
111407,60618,36.0,0.0,0.0,0.0,1,2015.0,1,4,1,4.0,30,1,1,1,1,4,2,1,1,0,2,2,11,7,7,2020,0.0,1,1,1,1,2,3
111575,60643,68.0,0.0,0.0,0.0,1,2016.0,2,3,1,2.0,30,1,0,1,1,3,0,1,1,0,1,2,15,7,7,2020,0.0,1,1,1,0,3,3
111582,0,36.0,0.0,1.0,0.0,1,2019.0,1,4,1,1.0,30,1,1,1,1,2,1,1,1,0,2,2,15,7,7,2020,1.0,1,1,1,1,3,4
111583,0,36.0,0.0,1.0,0.0,1,2013.0,1,2,4,1.0,30,1,1,1,1,2,1,1,1,0,2,2,15,7,7,2020,1.0,1,1,1,1,3,4
111584,60621,25.0,0.0,0.0,0.0,1,2019.0,1,4,1,1.0,30,1,1,1,1,2,1,1,1,0,2,2,15,7,7,2020,1.0,0,1,1,1,3,4
111585,60621,25.0,0.0,0.0,0.0,1,2013.0,1,2,4,1.0,30,1,1,1,1,2,1,1,1,0,2,2,15,7,7,2020,1.0,0,1,1,1,3,4
111728,60643,75.0,0.0,0.0,0.0,1,2011.0,1,4,1,9.0,35,1,1,1,1,7,2,1,1,0,2,2,16,7,7,2020,0.0,0,1,1,1,3,3
111751,60473,43.0,0.0,0.0,0.0,1,2020.0,1,4,1,1.0,35,1,1,1,1,3,2,1,1,0,1,2,16,7,7,2020,0.0,0,1,1,0,3,3
111752,60473,43.0,0.0,0.0,0.0,1,2010.0,2,4,1,2.0,35,1,1,1,1,3,2,1,1,0,1,2,16,7,7,2020,0.0,0,1,1,0,3,3
112005,60643,36.9,0.0,3.0,0.0,1,2011.0,1,1,1,3.0,30,2,1,1,1,1,1,1,1,-1,2,2,17,7,7,2020,2.0,1,1,1,0,3,4
112006,60643,36.9,0.0,3.0,0.0,1,2016.0,1,2,1,11.0,30,2,1,1,1,1,1,1,1,-1,2,2,17,7,7,2020,2.0,1,1,1,0,3,4
112007,60643,36.9,0.0,3.0,0.0,1,2008.0,1,1,1,3.0,30,2,1,1,1,1,1,1,1,-1,2,2,17,7,7,2020,2.0,1,1,1,0,3,4
112008,60643,36.9,0.0,3.0,0.0,1,2016.0,1,2,1,11.0,30,2,1,1,1,1,1,1,1,-1,2,2,17,7,7,2020,2.0,1,1,1,0,3,4
112009,60643,25.0,0.0,1.0,0.0,1,2011.0,1,1,1,3.0,30,2,1,1,1,1,1,1,1,-1,2,2,17,7,7,2020,2.0,1,1,1,0,3,4
112010,60643,25.0,0.0,1.0,0.0,1,2016.0,1,2,1,11.0,30,2,1,1,1,1,1,1,1,-1,2,2,17,7,7,2020,2.0,1,1,1,0,3,4
112011,60643,25.0,0.0,1.0,0.0,1,2008.0,1,1,1,3.0,30,2,1,1,1,1,1,1,1,-1,2,2,17,7,7,2020,2.0,1,1,1,0,3,4
112012,60643,25.0,0.0,1.0,0.0,1,2016.0,1,2,1,11.0,30,2,1,1,1,1,1,1,1,-1,2,2,17,7,7,2020,2.0,1,1,1,0,3,4
112013,60643,24.0,0.0,3.0,0.0,1,2011.0,1,1,1,3.0,30,2,1,1,1,1,1,1,1,-1,2,2,17,7,7,2020,2.0,1,1,1,0,3,4
112014,60643,24.0,0.0,3.0,0.0,1,2016.0,1,2,1,11.0,30,2,1,1,1,1,1,1,1,-1,2,2,17,7,7,2020,2.0,1,1,1,0,3,4
112015,60643,24.0,0.0,3.0,0.0,1,2008.0,1,1,1,3.0,30,2,1,1,1,1,1,1,1,-1,2,2,17,7,7,2020,2.0,1,1,1,0,3,4
112016,60643,24.0,0.0,3.0,0.0,1,2016.0,1,2,1,11.0,30,2,1,1,1,1,1,1,1,-1,2,2,17,7,7,2020,2.0,1,1,1,0,3,4
112017,60643,25.0,0.0,1.0,0.0,1,2011.0,1,1,1,3.0,30,2,1,1,1,1,1,1,1,-1,2,2,17,7,7,2020,2.0,1,1,1,0,3,4
112018,60643,25.0,0.0,1.0,0.0,1,2016.0,1,2,1,11.0,30,2,1,1,1,1,1,1,1,-1,2,2,17,7,7,2020,2.0,1,1,1,0,3,4
112019,60643,25.0,0.0,1.0,0.0,1,2008.0,1,1,1,3.0,30,2,1,1,1,1,1,1,1,-1,2,2,17,7,7,2020,2.0,1,1,1,0,3,4
112020,60643,25.0,0.0,1.0,0.0,1,2016.0,1,2,1,11.0,30,2,1,1,1,1,1,1,1,-1,2,2,17,7,7,2020,2.0,1,1,1,0,3,4
112324,35640,24.0,0.0,1.0,0.0,1,2018.0,1,3,1,5.0,35,1,1,1,2,7,1,1,1,0,1,2,1,7,7,2020,0.0,0,1,1,1,3,3
112325,35640,24.0,0.0,1.0,0.0,1,2013.0,1,1,3,5.0,35,1,1,1,2,7,1,1,1,0,1,2,1,7,7,2020,0.0,0,1,1,1,3,3
112503,60622,36.0,-1.0,0.0,0.0,1,2010.0,-1,3,-1,1.0,30,1,1,1,2,9,0,1,1,0,2,2,1,1,7,2020,1.0,1,1,1,1,2,2
112564,60622,36.0,0.0,8.0,0.0,1,2015.0,1,5,1,9.0,35,0,0,1,1,7,0,3,1,-1,4,2,13,4,7,2020,1.0,1,1,1,1,3,4
112565,60624,51.0,0.0,0.0,0.0,1,2015.0,2,7,1,12.0,35,0,0,1,1,7,0,3,1,-1,4,2,13,4,7,2020,1.0,0,1,1,1,3,4
112566,60624,51.0,0.0,0.0,0.0,1,2015.0,1,5,1,9.0,35,0,0,1,1,7,0,3,1,-1,4,2,13,4,7,2020,1.0,0,1,1,1,3,4
112601,60419,24.0,0.0,0.0,0.0,1,2005.0,1,1,1,1.0,30,1,1,1,1,1,0,1,1,0,1,2,13,1,7,2020,0.0,0,1,1,0,2,3
112602,60419,24.0,0.0,0.0,0.0,1,2014.0,2,2,1,8.0,30,1,1,1,1,1,0,1,1,0,1,2,13,1,7,2020,0.0,0,1,1,0,2,3
112744,60645,36.9,0.0,3.0,0.0,1,2011.0,1,1,1,4.0,30,1,1,1,3,2,2,1,1,0,2,2,0,2,7,2020,2.0,0,1,1,1,2,4
112745,60645,36.9,0.0,3.0,0.0,1,2019.0,1,1,2,4.0,30,1,1,1,3,2,2,1,1,0,2,2,0,2,7,2020,2.0,0,1,1,1,2,4
112746,60645,32.0,0.0,0.0,0.0,1,2011.0,1,1,1,4.0,30,1,1,1,3,2,2,1,1,0,2,2,0,2,7,2020,2.0,0,1,1,1,2,4
112747,60645,32.0,0.0,0.0,0.0,1,2019.0,1,1,2,4.0,30,1,1,1,3,2,2,1,1,0,2,2,0,2,7,2020,2.0,0,1,1,1,2,4
112762,60153,49.0,0.0,0.0,0.0,1,2015.0,2,4,3,9.0,30,1,1,1,2,4,0,1,1,0,1,2,21,1,7,2020,0.0,1,1,1,0,3,3
112763,60153,49.0,0.0,0.0,0.0,1,2011.0,1,4,3,11.0,30,1,1,1,2,4,0,1,1,0,1,2,21,1,7,2020,0.0,1,1,1,0,3,3
112826,60616,40.0,0.0,-1.0,0.0,1,2018.0,1,4,1,1.0,30,0,0,1,1,1,1,1,1,-1,2,3,13,1,7,2020,2.0,0,1,1,1,3,4
112827,60616,40.0,0.0,-1.0,0.0,1,2001.0,1,3,1,1.0,30,0,0,1,1,1,1,1,1,-1,2,3,13,1,7,2020,2.0,0,1,1,1,3,4
112828,60616,40.0,0.0,-1.0,0.0,1,2001.0,1,1,1,1.0,30,0,0,1,1,1,1,1,1,-1,2,3,13,1,7,2020,2.0,0,1,1,1,3,4
112829,60616,36.9,0.0,1.0,0.0,1,2018.0,1,4,1,1.0,30,0,0,1,1,1,1,1,1,-1,2,3,13,1,7,2020,2.0,0,1,1,1,3,4
112830,60616,36.9,0.0,1.0,0.0,1,2001.0,1,3,1,1.0,30,0,0,1,1,1,1,1,1,-1,2,3,13,1,7,2020,2.0,0,1,1,1,3,4
112831,60616,36.9,0.0,1.0,0.0,1,2001.0,1,1,1,1.0,30,0,0,1,1,1,1,1,1,-1,2,3,13,1,7,2020,2.0,0,1,1,1,3,4
112832,60623,25.0,0.0,-1.0,0.0,1,2018.0,1,4,1,1.0,30,0,0,1,1,1,1,1,1,-1,2,3,13,1,7,2020,2.0,0,1,1,1,3,4
112833,60623,25.0,0.0,-1.0,0.0,1,2001.0,1,3,1,1.0,30,0,0,1,1,1,1,1,1,-1,2,3,13,1,7,2020,2.0,0,1,1,1,3,4
112834,60623,25.0,0.0,-1.0,0.0,1,2001.0,1,1,1,1.0,30,0,0,1,1,1,1,1,1,-1,2,3,13,1,7,2020,2.0,0,1,1,1,3,4
112863,60623,36.9,0.0,3.0,0.0,1,2002.0,1,3,1,1.0,50,0,1,1,5,1,0,2,2,-1,1,2,8,2,7,2020,2.0,1,1,1,1,3,4
112864,60623,36.9,0.0,3.0,0.0,1,2017.0,4,2,1,3.0,50,0,1,1,5,1,0,2,2,-1,1,2,8,2,7,2020,2.0,1,1,1,1,3,4
112865,60076,36.0,0.0,0.0,0.0,1,2002.0,1,3,1,1.0,50,0,1,1,5,1,0,2,2,-1,1,2,8,2,7,2020,2.0,1,1,1,1,3,4
112866,60076,36.0,0.0,0.0,0.0,1,2017.0,4,2,1,3.0,50,0,1,1,5,1,0,2,2,-1,1,2,8,2,7,2020,2.0,1,1,1,1,3,4
112869,60649,40.0,0.0,0.0,0.0,1,2019.0,1,2,6,1.0,30,1,1,1,1,3,0,1,2,0,4,2,8,2,7,2020,0.0,1,1,1,0,3,3
112870,60649,40.0,0.0,0.0,0.0,1,2015.0,1,2,1,2.0,30,1,1,1,1,3,0,1,2,0,4,2,8,2,7,2020,0.0,1,1,1,0,3,3
112893,60649,36.9,0.0,5.0,0.0,1,2020.0,1,4,12,3.0,35,0,0,1,1,2,0,1,1,0,2,2,8,2,7,2020,2.0,0,1,1,1,3,4
112894,60649,36.9,0.0,5.0,0.0,1,2011.0,2,4,1,11.0,35,0,0,1,1,2,0,1,1,0,2,2,8,2,7,2020,2.0,0,1,1,1,3,4
112895,60652,45.0,0.0,0.0,0.0,1,2020.0,1,4,12,3.0,35,0,0,1,1,2,0,1,1,0,2,2,8,2,7,2020,2.0,0,1,1,1,3,4
112896,60652,45.0,0.0,0.0,0.0,1,2011.0,2,4,1,11.0,35,0,0,1,1,2,0,1,1,0,2,2,8,2,7,2020,2.0,0,1,1,1,3,4
112900,60619,40.0,0.0,0.0,0.0,1,2016.0,1,2,1,6.0,30,0,0,2,1,2,0,1,2,0,4,2,8,2,7,2020,0.0,0,1,1,0,3,3
112943,60163,29.0,0.0,0.0,0.0,1,2013.0,1,4,2,5.0,30,1,1,1,1,2,1,1,1,-1,2,2,9,2,7,2020,0.0,0,1,1,0,3,3
112992,60623,27.0,0.0,0.0,0.0,1,2006.0,1,2,3,3.0,30,1,1,3,1,2,0,1,1,0,2,2,11,2,7,2020,0.0,0,1,1,0,3,3
113545,60623,27.0,0.0,0.0,0.0,1,2018.0,1,3,1,1.0,30,2,1,1,1,11,0,1,1,0,1,2,16,5,7,2020,0.0,0,1,1,0,3,3
113616,60624,26.0,0.0,0.0,0.0,1,2015.0,1,3,2,3.0,30,1,1,1,2,2,1,1,1,0,2,2,3,1,7,2020,0.0,0,1,1,1,2,3
113623,60069,31.0,0.0,0.0,0.0,1,2013.0,2,4,3,2.0,35,1,1,1,2,3,5,1,1,0,2,2,3,1,7,2020,0.0,1,1,1,0,3,3
113791,60615,60.0,0.0,2.0,0.0,1,2018.0,1,4,1,1.0,30,2,1,1,1,9,1,1,1,0,1,2,7,1,7,2020,0.0,0,1,0,0,1,3
113798,60620,44.0,0.0,0.0,0.0,1,2005.0,2,3,1,1.0,30,1,1,1,1,3,2,1,1,0,1,3,14,1,7,2020,0.0,1,1,1,0,3,3
113799,60620,44.0,0.0,0.0,0.0,1,2002.0,1,3,3,2.0,30,1,1,1,1,3,2,1,1,0,1,3,14,1,7,2020,0.0,1,1,1,0,3,3
113800,60620,44.0,0.0,0.0,0.0,1,2020.0,2,3,3,2.0,30,1,1,1,1,3,2,1,1,0,1,3,14,1,7,2020,0.0,1,1,1,0,3,3
113945,60620,49.0,0.0,0.0,0.0,1,2012.0,1,4,3,5.0,30,1,1,1,1,4,2,1,1,0,1,2,17,1,7,2020,0.0,0,1,1,0,3,3
113969,60164,36.0,0.0,-1.0,0.0,1,2017.0,2,2,3,2.0,30,1,1,1,1,3,2,1,1,0,1,2,18,1,7,2020,1.0,1,1,1,0,3,4
113970,60805,56.0,0.0,0.0,0.0,1,2010.0,1,2,1,1.0,30,1,1,1,1,3,2,1,1,0,1,2,18,1,7,2020,1.0,0,1,1,0,3,4
113971,60805,56.0,0.0,0.0,0.0,1,2017.0,2,2,3,2.0,30,1,1,1,1,3,2,1,1,0,1,2,18,1,7,2020,1.0,0,1,1,0,3,4
114140,60164,36.9,-1.0,2.0,0.0,1,2011.0,1,3,1,1.0,25,0,0,1,2,5,3,1,1,0,3,2,22,1,7,2020,2.0,0,1,1,1,3,4
114142,60626,25.0,-1.0,0.0,0.0,1,2011.0,1,3,1,1.0,25,0,0,1,2,5,3,1,1,0,3,2,22,1,7,2020,2.0,1,1,1,1,3,0