index,ZIPCODE,AGE,EJECTION,DRIVER_ACTION,BAC_RESULT,UNIT_TYPE,VEHICLE_YEAR,VEHICLE_TYPE,TRAVEL_DIRECTION,MANEUVER,FIRST_CONTACT_POINT,POSTED_SPEED_LIMIT,TRAFFIC_CONTROL_DEVICE,DEVICE_CONDITION,WEATHER_CONDITION,LIGHTING_CONDITION,FIRST_CRASH_TYPE,TRAFFICWAY_TYPE,ALIGNMENT,ROADWAY_SURFACE_COND,ROAD_DEFECT,STREET_DIRECTION,NUM_UNITS,CRASH_HOUR,CRASH_DAY_OF_WEEK,CRASH_MONTH,CRASH_YEAR,FATAL_DEGREE,SEX,INTERSECTION_RELATED,HIT_AND_RUN,REPORTYPE,DAMAGE_COST,FATAL_COND
114148,60164,36.9,0.0,8.0,0.0,1,2011.0,-1,1,4,-1.0,35,2,1,1,2,2,0,1,1,0,3,2,23,1,7,2020,2.0,0,0,0,1,1,4
114149,60164,36.9,0.0,8.0,0.0,1,1985.0,6,1,1,6.0,35,2,1,1,2,2,0,1,1,0,3,2,23,1,7,2020,2.0,0,0,0,1,1,4
114150,32303,29.0,0.0,0.0,0.0,1,2011.0,-1,1,4,-1.0,35,2,1,1,2,2,0,1,1,0,3,2,23,1,7,2020,2.0,1,0,0,1,1,4
114151,32303,29.0,0.0,0.0,0.0,1,1985.0,6,1,1,6.0,35,2,1,1,2,2,0,1,1,0,3,2,23,1,7,2020,2.0,1,0,0,1,1,4
114266,60164,36.0,0.0,1.0,0.0,1,2006.0,1,2,1,6.0,30,2,1,1,1,1,0,1,1,0,2,2,15,1,7,2020,1.0,1,1,1,0,3,4
114268,60624,36.0,0.0,0.0,0.0,1,2006.0,1,2,1,6.0,30,2,1,1,1,1,0,1,1,0,2,2,15,1,7,2020,1.0,0,1,1,0,3,4
114269,60624,36.0,0.0,0.0,0.0,1,2010.0,4,1,1,1.0,30,2,1,1,1,1,0,1,1,0,2,2,15,1,7,2020,1.0,0,1,1,0,3,4
114302,60164,38.0,0.0,4.0,0.0,1,2010.0,1,2,1,1.0,30,1,1,1,2,3,0,1,1,0,2,2,21,1,7,2020,3.0,1,1,1,0,2,4
114303,60164,38.0,0.0,4.0,0.0,1,2015.0,1,2,1,2.0,30,1,1,1,2,3,0,1,1,0,2,2,21,1,7,2020,3.0,1,1,1,0,2,4
114304,60643,34.0,0.0,0.0,0.0,1,2010.0,1,2,1,1.0,30,1,1,1,2,3,0,1,1,0,2,2,21,1,7,2020,3.0,0,1,1,0,2,4
114305,60643,34.0,0.0,0.0,0.0,1,2015.0,1,2,1,2.0,30,1,1,1,2,3,0,1,1,0,2,2,21,1,7,2020,3.0,0,1,1,0,2,4
114451,60616,30.0,0.0,0.0,0.0,1,2020.0,2,3,3,9.0,30,1,1,1,2,4,0,1,1,0,1,2,20,7,7,2020,0.0,1,1,1,0,3,3
114452,60616,30.0,0.0,0.0,0.0,1,2019.0,1,3,3,11.0,30,1,1,1,2,4,0,1,1,0,1,2,20,7,7,2020,0.0,1,1,1,0,3,3
114513,60164,38.0,0.0,3.0,0.0,1,2001.0,1,-1,1,1.0,30,1,1,1,2,6,1,1,1,0,1,2,2,1,7,2020,3.0,0,1,1,1,3,4
114514,60164,38.0,0.0,3.0,0.0,1,2015.0,1,-1,1,9.0,30,1,1,1,2,6,1,1,1,0,1,2,2,1,7,2020,3.0,0,1,1,1,3,4
114515,60636,24.0,0.0,1.0,0.0,1,2001.0,1,-1,1,1.0,30,1,1,1,2,6,1,1,1,0,1,2,2,1,7,2020,3.0,1,1,1,1,3,4
114516,60636,24.0,0.0,1.0,0.0,1,2015.0,1,-1,1,9.0,30,1,1,1,2,6,1,1,1,0,1,2,2,1,7,2020,3.0,1,1,1,1,3,4
114587,60647,37.0,0.0,0.0,0.0,1,2017.0,2,3,1,7.0,30,1,1,1,2,1,0,1,1,0,3,2,21,1,7,2020,0.0,0,1,1,1,3,4
114818,60647,56.0,1.0,12.0,0.0,1,2011.0,2,1,1,-1.0,35,1,1,1,2,9,0,1,1,0,1,2,0,3,7,2020,2.0,1,1,1,1,1,2
114827,60626,31.0,0.0,0.0,0.0,1,2013.0,1,6,2,3.0,30,2,1,1,1,2,0,1,1,0,4,2,19,2,7,2020,0.0,1,1,1,1,2,4
114927,60620,19.0,0.0,0.0,0.0,1,2011.0,1,1,1,1.0,30,1,1,1,5,9,1,1,1,0,1,2,20,2,7,2020,2.0,1,1,1,1,3,2
114968,60608,44.0,0.0,0.0,0.0,1,2019.0,3,1,1,4.0,30,1,1,1,2,6,1,1,1,-1,1,2,2,3,7,2020,0.0,1,1,1,1,3,4
115289,55060,27.0,0.0,0.0,0.0,1,2011.0,1,2,1,3.0,30,2,1,1,1,1,0,1,1,0,2,2,13,2,7,2020,0.0,0,1,1,0,3,4
115644,60651,20.0,0.0,0.0,0.0,1,1997.0,1,4,4,4.0,30,1,1,1,1,2,1,1,1,0,3,2,18,3,7,2020,0.0,0,1,1,1,2,3
115645,60651,20.0,0.0,0.0,0.0,1,2005.0,1,4,4,3.0,30,1,1,1,1,2,1,1,1,0,3,2,18,3,7,2020,0.0,0,1,1,1,2,3
115693,60620,50.0,0.0,0.0,0.0,1,2008.0,1,3,2,4.0,30,1,1,1,1,2,2,1,1,0,2,2,17,3,7,2020,0.0,1,1,1,0,3,3
115825,60623,72.0,1.0,-1.0,0.0,1,2010.0,-1,1,-1,-1.0,25,2,1,1,2,9,1,1,1,0,1,2,2,2,7,2020,3.0,1,1,1,1,3,2
115837,60564,64.0,0.0,0.0,0.0,1,2018.0,1,1,1,5.0,30,0,0,1,1,4,3,1,1,0,1,2,7,2,7,2020,0.0,0,0,1,1,3,3
115856,60616,87.0,0.0,0.0,0.0,1,2007.0,1,2,1,6.0,30,1,1,1,1,1,1,1,1,0,1,2,8,2,7,2020,0.0,1,1,1,1,3,4
115857,60616,87.0,0.0,0.0,0.0,1,2005.0,1,1,1,1.0,30,1,1,1,1,1,1,1,1,0,1,2,8,2,7,2020,0.0,1,1,1,1,3,4
115868,60645,57.0,0.0,4.0,0.0,1,2016.0,1,5,2,1.0,30,1,1,1,1,2,1,1,1,-1,2,3,8,2,7,2020,0.0,0,1,1,0,3,3
115869,60645,57.0,0.0,4.0,0.0,1,2010.0,1,1,3,1.0,30,1,1,1,1,2,1,1,1,-1,2,3,8,2,7,2020,0.0,0,1,1,0,3,3
115954,60623,51.0,0.0,5.0,0.0,1,2002.0,-1,4,1,5.0,30,1,1,1,1,2,0,1,1,0,2,2,11,2,7,2020,2.0,0,1,1,1,3,4
115955,60623,51.0,0.0,5.0,0.0,1,2008.0,1,4,4,3.0,30,1,1,1,1,2,0,1,1,0,2,2,11,2,7,2020,2.0,0,1,1,1,3,4
115956,60623,29.0,0.0,0.0,0.0,1,2002.0,-1,4,1,5.0,30,1,1,1,1,2,0,1,1,0,2,2,11,2,7,2020,2.0,0,1,1,1,3,4
115957,60623,29.0,0.0,0.0,0.0,1,2008.0,1,4,4,3.0,30,1,1,1,1,2,0,1,1,0,2,2,11,2,7,2020,2.0,0,1,1,1,3,4
116326,60620,33.0,0.0,1.0,0.0,1,2013.0,1,3,2,3.0,35,1,1,1,1,2,0,1,1,0,1,2,16,2,7,2020,0.0,0,1,1,0,3,3
116327,60620,33.0,0.0,1.0,0.0,1,2014.0,1,3,1,10.0,35,1,1,1,1,2,0,1,1,0,1,2,16,2,7,2020,0.0,0,1,1,0,3,3
116568,60438,59.0,0.0,0.0,0.0,1,2016.0,1,2,1,5.0,35,1,1,1,2,2,4,1,1,0,1,2,22,2,7,2020,0.0,1,1,1,0,3,3
116674,60608,19.0,1.0,1.0,0.0,1,2011.0,-1,2,1,1.0,30,1,-1,1,2,9,0,1,1,0,1,2,23,2,7,2020,2.0,0,1,1,0,3,2
116707,60181,54.0,0.0,0.0,0.0,1,2007.0,8,3,3,12.0,30,1,1,1,1,2,1,1,1,0,1,2,7,6,7,2020,0.0,1,1,1,1,3,3
116710,60655,57.0,0.0,0.0,0.0,1,2012.0,3,2,1,3.0,35,1,1,1,1,4,0,1,1,0,2,2,14,6,7,2020,0.0,0,1,1,1,3,4
116969,60476,33.0,0.0,0.0,0.0,1,2013.0,1,4,1,5.0,30,2,1,1,1,3,0,1,1,0,2,3,13,3,7,2020,0.0,1,1,1,0,2,3
116972,60103,24.0,0.0,0.0,0.0,1,2013.0,1,4,1,5.0,30,2,1,1,1,3,0,1,1,0,2,3,13,3,7,2020,0.0,1,1,1,0,2,3
117267,53142,56.0,0.0,0.0,0.0,1,2010.0,2,2,1,1.0,30,2,1,1,2,3,0,1,1,0,2,2,20,3,7,2020,0.0,0,1,1,0,3,3
117482,60478,34.0,0.0,0.0,0.0,1,2005.0,1,4,2,1.0,30,2,1,1,1,2,2,1,1,0,2,2,9,3,7,2020,0.0,1,1,1,0,3,3
117588,60426,27.0,0.0,3.0,0.0,1,2013.0,1,1,1,1.0,30,1,1,1,1,1,1,1,1,-1,2,3,15,3,7,2020,3.0,1,1,0,0,3,4
117589,60426,27.0,0.0,3.0,0.0,1,2013.0,1,4,1,3.0,30,1,1,1,1,1,1,1,1,-1,2,3,15,3,7,2020,3.0,1,1,0,0,3,4
117590,60426,27.0,0.0,3.0,0.0,1,2013.0,1,4,1,3.0,30,1,1,1,1,1,1,1,1,-1,2,3,15,3,7,2020,3.0,1,1,0,0,3,4
117591,60104,58.0,0.0,0.0,0.0,1,2013.0,1,1,1,1.0,30,1,1,1,1,1,1,1,1,-1,2,3,15,3,7,2020,3.0,1,1,0,0,3,4
117592,60104,58.0,0.0,0.0,0.0,1,2013.0,1,4,1,3.0,30,1,1,1,1,1,1,1,1,-1,2,3,15,3,7,2020,3.0,1,1,0,0,3,4
117593,60104,58.0,0.0,0.0,0.0,1,2013.0,1,4,1,3.0,30,1,1,1,1,1,1,1,1,-1,2,3,15,3,7,2020,3.0,1,1,0,0,3,4
117594,60042,28.0,0.0,0.0,0.0,1,2013.0,1,1,1,1.0,30,1,1,1,1,1,1,1,1,-1,2,3,15,3,7,2020,3.0,0,1,0,0,3,4
117595,60042,28.0,0.0,0.0,0.0,1,2013.0,1,4,1,3.0,30,1,1,1,1,1,1,1,1,-1,2,3,15,3,7,2020,3.0,0,1,0,0,3,4
117596,60042,28.0,0.0,0.0,0.0,1,2013.0,1,4,1,3.0,30,1,1,1,1,1,1,1,1,-1,2,3,15,3,7,2020,3.0,0,1,0,0,3,4
118016,60637,58.0,0.0,0.0,0.0,1,2017.0,1,1,1,2.0,30,1,1,1,2,3,4,1,1,0,1,2,3,3,7,2020,0.0,0,1,1,0,1,3
118036,60656,45.0,0.0,12.0,0.0,1,2013.0,1,4,3,1.0,30,1,1,1,1,11,2,1,1,0,2,2,8,3,7,2020,0.0,1,1,0,1,3,4
118038,60050,23.0,0.0,0.0,0.0,1,2013.0,1,4,3,1.0,30,1,1,1,1,11,2,1,1,0,2,2,8,3,7,2020,0.0,0,1,0,1,3,4
118123,60624,41.0,0.0,1.0,0.0,1,2013.0,2,4,3,4.0,25,1,1,1,1,9,0,1,1,0,2,2,13,3,7,2020,0.0,0,1,1,1,1,3
118135,60629,50.0,0.0,0.0,0.0,1,2003.0,1,2,1,1.0,35,1,1,1,1,1,1,1,1,0,3,2,13,3,7,2020,0.0,1,1,1,1,3,4
118136,60629,50.0,0.0,0.0,0.0,1,2015.0,1,1,1,3.0,35,1,1,1,1,1,1,1,1,0,3,2,13,3,7,2020,0.0,1,1,1,1,3,4
118378,60629,36.0,0.0,8.0,0.0,1,2007.0,-1,3,8,1.0,30,1,1,1,1,3,2,1,1,0,1,2,18,3,7,2020,1.0,0,1,1,1,2,4
118379,60629,36.0,0.0,8.0,0.0,1,2015.0,1,3,3,2.0,30,1,1,1,1,3,2,1,1,0,1,2,18,3,7,2020,1.0,0,1,1,1,2,4
118380,60620,23.0,0.0,0.0,0.0,1,2007.0,-1,3,8,1.0,30,1,1,1,1,3,2,1,1,0,1,2,18,3,7,2020,1.0,0,1,1,1,2,4
118381,60620,23.0,0.0,0.0,0.0,1,2015.0,1,3,3,2.0,30,1,1,1,1,3,2,1,1,0,1,2,18,3,7,2020,1.0,0,1,1,1,2,4
118462,60153,27.0,0.0,5.0,0.0,1,2018.0,1,1,11,1.0,35,1,1,1,1,2,2,1,1,0,1,3,19,3,7,2020,2.0,1,1,0,1,3,4
118463,60153,27.0,0.0,5.0,0.0,1,2018.0,1,3,2,3.0,35,1,1,1,1,2,2,1,1,0,1,3,19,3,7,2020,2.0,1,1,0,1,3,4
118464,60153,27.0,0.0,5.0,0.0,2,2007.0,1,1,5,3.0,35,1,1,1,1,2,2,1,1,0,1,3,19,3,7,2020,2.0,1,1,0,1,3,4
118465,60624,28.0,0.0,0.0,0.0,1,2018.0,1,1,11,1.0,35,1,1,1,1,2,2,1,1,0,1,3,19,3,7,2020,2.0,1,1,0,1,3,4
118466,60624,28.0,0.0,0.0,0.0,1,2018.0,1,3,2,3.0,35,1,1,1,1,2,2,1,1,0,1,3,19,3,7,2020,2.0,1,1,0,1,3,4
118467,60624,28.0,0.0,0.0,0.0,2,2007.0,1,1,5,3.0,35,1,1,1,1,2,2,1,1,0,1,3,19,3,7,2020,2.0,1,1,0,1,3,4
118496,60616,44.0,0.0,0.0,0.0,1,2004.0,1,3,1,3.0,30,2,1,1,1,1,1,1,1,0,4,2,19,3,7,2020,0.0,0,1,1,1,3,3
118497,60616,44.0,0.0,0.0,0.0,1,2020.0,1,4,1,1.0,30,2,1,1,1,1,1,1,1,0,4,2,19,3,7,2020,0.0,0,1,1,1,3,3
118498,60620,20.0,0.0,0.0,0.0,1,2013.0,1,2,1,1.0,35,2,0,1,1,3,2,1,1,0,2,2,19,3,7,2020,0.0,1,1,1,1,3,3
118499,60620,20.0,0.0,0.0,0.0,1,2013.0,1,2,1,2.0,35,2,0,1,1,3,2,1,1,0,2,2,19,3,7,2020,0.0,1,1,1,1,3,3
118500,60655,53.0,0.0,0.0,0.0,1,2013.0,1,2,1,1.0,35,2,0,1,1,3,2,1,1,0,2,2,19,3,7,2020,0.0,1,1,1,1,3,3
118501,60655,53.0,0.0,0.0,0.0,1,2013.0,1,2,1,2.0,35,2,0,1,1,3,2,1,1,0,2,2,19,3,7,2020,0.0,1,1,1,1,3,3
118509,60625,32.0,0.0,2.0,0.0,1,2005.0,1,3,2,7.0,30,2,1,1,4,2,1,1,1,0,3,2,20,3,7,2020,0.0,1,1,1,1,3,3
118543,0,38.0,0.0,2.0,0.0,1,2010.0,3,3,1,6.0,30,2,1,1,2,13,1,1,1,0,2,2,21,3,7,2020,3.0,0,1,1,1,2,4
118545,60628,22.0,0.0,-1.0,0.0,1,2010.0,3,3,1,6.0,30,2,1,1,2,13,1,1,1,0,2,2,21,3,7,2020,3.0,1,1,1,1,2,2
118557,60202,34.0,0.0,0.0,0.0,1,2002.0,2,3,1,6.0,30,2,1,1,2,1,1,1,1,0,1,2,22,3,7,2020,0.0,0,1,1,1,3,3
118614,60617,33.0,0.0,0.0,0.0,1,2016.0,1,3,1,2.0,40,1,1,1,2,3,4,3,1,0,1,2,4,3,7,2020,0.0,0,1,1,1,3,4
118690,0,36.9,0.0,2.0,0.0,1,2011.0,1,2,2,4.0,30,1,1,1,1,5,1,1,1,0,2,2,13,3,7,2020,2.0,1,1,1,0,1,4
118692,60617,26.0,-1.0,0.0,0.0,1,2011.0,1,2,2,4.0,30,1,1,1,1,5,1,1,1,0,2,2,13,3,7,2020,2.0,0,1,1,0,1,0
118796,60610,68.0,0.0,0.0,0.0,1,2018.0,1,4,3,1.0,30,1,1,1,1,1,0,1,1,0,2,2,15,3,7,2020,0.0,1,1,1,1,3,3
118808,60415,29.0,0.0,0.0,0.0,1,2013.0,1,2,1,11.0,30,2,1,1,1,4,10,1,1,0,1,2,18,3,7,2020,0.0,1,1,1,1,3,4
119069,60617,57.0,0.0,0.0,0.0,1,2000.0,1,4,1,12.0,20,2,1,1,2,1,1,1,1,0,1,4,22,4,7,2020,0.0,1,1,1,1,3,4
119100,60617,38.0,0.0,-1.0,0.0,1,2010.0,1,3,2,3.0,30,1,1,1,2,5,0,1,1,0,2,2,21,4,7,2020,3.0,0,1,1,1,3,4
119102,60617,49.0,-1.0,0.0,0.0,1,2010.0,1,3,2,3.0,30,1,1,1,2,5,0,1,1,0,2,2,21,4,7,2020,3.0,1,1,1,1,3,0
119279,60644,36.9,0.0,2.0,0.0,1,1991.0,1,4,1,1.0,30,1,1,1,1,1,1,1,1,0,3,2,12,2,7,2020,2.0,1,1,1,0,3,4
119280,60644,36.9,0.0,2.0,0.0,1,2020.0,1,1,1,10.0,30,1,1,1,1,1,1,1,1,0,3,2,12,2,7,2020,2.0,1,1,1,0,3,4
119281,32712,42.0,0.0,0.0,0.0,1,1991.0,1,4,1,1.0,30,1,1,1,1,1,1,1,1,0,3,2,12,2,7,2020,2.0,0,1,1,0,3,4
119282,32712,42.0,0.0,0.0,0.0,1,2020.0,1,1,1,10.0,30,1,1,1,1,1,1,1,1,0,3,2,12,2,7,2020,2.0,0,1,1,0,3,4
119756,60615,20.0,0.0,1.0,0.0,1,2002.0,1,4,2,3.0,30,1,1,1,1,2,0,1,1,0,4,2,18,5,7,2020,0.0,0,1,1,1,3,4
119761,55411,23.0,0.0,3.0,0.0,1,2006.0,3,4,1,1.0,30,1,1,1,1,2,0,1,1,0,1,3,18,5,7,2020,2.0,0,1,1,1,3,4
119762,55411,23.0,0.0,3.0,0.0,1,2008.0,1,3,4,3.0,30,1,1,1,1,2,0,1,1,0,1,3,18,5,7,2020,2.0,0,1,1,1,3,4
119763,55411,23.0,0.0,3.0,0.0,2,1999.0,1,2,5,3.0,30,1,1,1,1,2,0,1,1,0,1,3,18,5,7,2020,2.0,0,1,1,1,3,4
119764,60636,69.0,0.0,0.0,0.0,1,2006.0,3,4,1,1.0,30,1,1,1,1,2,0,1,1,0,1,3,18,5,7,2020,2.0,0,1,1,1,3,4
119765,60636,69.0,0.0,0.0,0.0,1,2008.0,1,3,4,3.0,30,1,1,1,1,2,0,1,1,0,1,3,18,5,7,2020,2.0,0,1,1,1,3,4
119766,60636,69.0,0.0,0.0,0.0,2,1999.0,1,2,5,3.0,30,1,1,1,1,2,0,1,1,0,1,3,18,5,7,2020,2.0,0,1,1,1,3,4
119807,60636,36.0,-1.0,2.0,0.0,1,2005.0,1,-1,4,-1.0,35,0,0,1,1,2,2,1,1,0,4,2,18,5,7,2020,1.0,0,0,1,1,3,4
119808,60636,36.0,-1.0,2.0,0.0,1,2010.0,1,2,1,1.0,35,0,0,1,1,2,2,1,1,0,4,2,18,5,7,2020,1.0,0,0,1,1,3,4
119809,60637,18.0,0.0,0.0,0.0,1,2005.0,1,-1,4,-1.0,35,0,0,1,1,2,2,1,1,0,4,2,18,5,7,2020,1.0,0,0,1,1,3,4
119810,60637,18.0,0.0,0.0,0.0,1,2010.0,1,2,1,1.0,35,0,0,1,1,2,2,1,1,0,4,2,18,5,7,2020,1.0,0,0,1,1,3,4
119843,60628,48.0,0.0,0.0,0.0,1,2015.0,2,2,1,4.0,30,1,1,3,4,4,2,1,1,0,4,2,19,5,7,2020,0.0,0,1,1,0,2,3
119941,60629,27.0,0.0,2.0,0.0,1,2010.0,1,2,1,-1.0,30,2,1,1,1,1,2,1,1,0,1,3,8,4,7,2020,1.0,1,1,0,1,3,4
119942,60629,27.0,0.0,2.0,0.0,1,2010.0,-1,-1,-1,-1.0,30,2,1,1,1,1,2,1,1,0,1,3,8,4,7,2020,1.0,1,1,0,1,3,4
119943,60629,27.0,0.0,2.0,0.0,1,2004.0,1,3,1,-1.0,30,2,1,1,1,1,2,1,1,0,1,3,8,4,7,2020,1.0,1,1,0,1,3,4
119946,60629,36.0,0.0,-1.0,0.0,1,2004.0,1,3,1,-1.0,30,2,1,1,1,1,2,1,1,0,1,3,8,4,7,2020,1.0,1,1,0,1,3,4
119947,60652,62.0,0.0,0.0,0.0,1,2010.0,1,2,1,-1.0,30,2,1,1,1,1,2,1,1,0,1,3,8,4,7,2020,1.0,0,1,0,1,3,4
119948,60652,62.0,0.0,0.0,0.0,1,2010.0,-1,-1,-1,-1.0,30,2,1,1,1,1,2,1,1,0,1,3,8,4,7,2020,1.0,0,1,0,1,3,4
119949,60652,62.0,0.0,0.0,0.0,1,2004.0,1,3,1,-1.0,30,2,1,1,1,1,2,1,1,0,1,3,8,4,7,2020,1.0,0,1,0,1,3,4
120178,60619,21.0,0.0,0.0,0.0,1,2014.0,1,2,1,11.0,30,2,0,1,1,2,1,1,1,0,4,2,15,4,7,2020,0.0,1,1,1,0,2,3
120190,60644,64.0,0.0,1.0,0.0,1,2020.0,1,2,7,8.0,30,1,1,2,1,3,0,1,2,0,2,2,15,4,7,2020,0.0,0,1,1,1,3,3
120420,60644,34.0,0.0,1.0,0.0,1,2008.0,1,4,1,1.0,20,1,1,2,1,2,1,1,2,-1,4,2,16,4,7,2020,0.0,1,1,1,1,2,3
120421,60443,23.0,0.0,0.0,0.0,1,2018.0,1,3,1,3.0,30,1,1,2,1,1,2,1,2,0,2,2,16,4,7,2020,0.0,0,1,1,0,3,3
120490,60419,44.0,0.0,0.0,0.0,1,2016.0,2,1,3,2.0,30,1,1,3,1,4,3,1,1,0,1,2,13,4,7,2020,0.0,0,1,1,0,2,3
120510,60659,45.0,0.0,0.0,0.0,1,2008.0,1,1,2,2.0,30,1,0,2,1,2,9,1,2,0,1,2,17,4,7,2020,0.0,1,1,1,0,2,3
120665,60629,28.0,0.0,0.0,0.0,1,2003.0,2,3,1,1.0,30,0,0,2,1,2,2,1,2,0,3,2,17,4,7,2020,0.0,1,1,1,0,2,3
120753,60609,31.0,0.0,0.0,0.0,1,2011.0,1,4,2,6.0,30,1,1,2,2,2,1,1,2,0,2,2,23,4,7,2020,0.0,1,1,1,0,3,3
120867,60612,47.0,0.0,0.0,0.0,1,2003.0,1,2,1,3.0,30,1,1,1,2,2,0,1,1,0,2,2,1,7,7,2020,0.0,0,1,1,1,3,4
120868,60612,47.0,0.0,0.0,0.0,1,2003.0,1,1,2,3.0,30,1,1,1,2,2,0,1,1,0,2,2,1,7,7,2020,0.0,0,1,1,1,3,4
121064,60555,16.0,0.0,0.0,0.0,1,2005.0,1,2,13,9.0,35,1,1,1,3,4,0,1,1,0,2,2,21,4,7,2020,0.0,0,1,1,0,3,3
121065,60555,16.0,0.0,0.0,0.0,1,2012.0,1,2,1,11.0,35,1,1,1,3,4,0,1,1,0,2,2,21,4,7,2020,0.0,0,1,1,0,3,3
121240,45252,38.0,0.0,4.0,0.0,1,2020.0,1,1,1,1.0,35,1,1,1,1,3,1,1,1,0,4,3,17,5,7,2020,3.0,1,1,1,1,3,4
121241,45252,38.0,0.0,4.0,0.0,1,2011.0,1,1,1,7.0,35,1,1,1,1,3,1,1,1,0,4,3,17,5,7,2020,3.0,1,1,1,1,3,4
121242,45252,38.0,0.0,4.0,0.0,1,2002.0,1,4,2,8.0,35,1,1,1,1,3,1,1,1,0,4,3,17,5,7,2020,3.0,1,1,1,1,3,4
121243,60628,18.0,0.0,-1.0,0.0,1,2020.0,1,1,1,1.0,35,1,1,1,1,3,1,1,1,0,4,3,17,5,7,2020,3.0,1,1,1,1,3,4
121244,60628,18.0,0.0,-1.0,0.0,1,2011.0,1,1,1,7.0,35,1,1,1,1,3,1,1,1,0,4,3,17,5,7,2020,3.0,1,1,1,1,3,4
121245,60628,18.0,0.0,-1.0,0.0,1,2002.0,1,4,2,8.0,35,1,1,1,1,3,1,1,1,0,4,3,17,5,7,2020,3.0,1,1,1,1,3,4
121246,46324,62.0,0.0,0.0,0.0,1,2020.0,1,1,1,1.0,35,1,1,1,1,3,1,1,1,0,4,3,17,5,7,2020,3.0,0,1,1,1,3,4
121247,46324,62.0,0.0,0.0,0.0,1,2011.0,1,1,1,7.0,35,1,1,1,1,3,1,1,1,0,4,3,17,5,7,2020,3.0,0,1,1,1,3,4
121248,46324,62.0,0.0,0.0,0.0,1,2002.0,1,4,2,8.0,35,1,1,1,1,3,1,1,1,0,4,3,17,5,7,2020,3.0,0,1,1,1,3,4
121410,60623,47.0,0.0,0.0,0.0,1,2020.0,7,2,1,11.0,30,1,1,1,1,2,1,1,1,0,1,2,13,5,7,2020,0.0,1,1,1,1,3,4
121532,60651,33.0,0.0,0.0,0.0,1,2002.0,2,2,1,1.0,30,2,1,1,1,3,1,1,1,0,2,2,8,6,7,2020,0.0,0,1,1,1,1,3
121533,60651,33.0,0.0,0.0,0.0,1,2016.0,1,2,3,2.0,30,2,1,1,1,3,1,1,1,0,2,2,8,6,7,2020,0.0,0,1,1,1,1,3
121795,60624,38.0,0.0,0.0,0.0,1,2003.0,1,1,1,4.0,30,0,0,1,1,4,0,1,1,0,3,2,13,6,7,2020,0.0,1,1,1,0,3,3
121833,60624,19.0,0.0,0.0,0.0,1,2011.0,1,2,1,1.0,30,2,1,1,1,1,4,1,1,0,3,2,12,6,7,2020,0.0,1,1,1,1,3,4
122290,60618,47.0,0.0,0.0,0.0,1,2016.0,1,3,3,1.0,30,1,1,1,1,3,0,1,1,0,3,2,17,6,7,2020,0.0,1,1,1,0,3,3
122291,60618,47.0,0.0,0.0,0.0,1,2007.0,1,3,3,2.0,30,1,1,1,1,3,0,1,1,0,3,2,17,6,7,2020,0.0,1,1,1,0,3,3
122518,60639,51.0,0.0,0.0,0.0,1,2020.0,1,3,1,2.0,30,2,1,1,1,3,0,1,1,0,3,2,13,5,7,2020,0.0,0,1,1,1,2,3
122623,60623,63.0,0.0,1.0,0.0,1,2012.0,1,7,2,11.0,30,1,1,1,1,2,0,1,1,0,1,2,11,5,7,2020,0.0,1,1,1,0,3,3
122654,60623,54.0,0.0,-1.0,0.0,1,2011.0,-1,-1,-1,-1.0,20,2,1,1,1,9,1,1,1,0,1,2,13,5,7,2020,2.0,1,1,1,1,2,2
122732,60644,31.0,0.0,0.0,0.0,1,2014.0,1,3,1,1.0,30,1,1,1,1,6,2,1,1,0,1,3,16,5,7,2020,0.0,0,1,1,0,3,4
122738,10012,22.0,0.0,1.0,0.0,1,2014.0,1,3,1,1.0,30,1,1,1,1,6,2,1,1,0,1,3,16,5,7,2020,0.0,1,1,1,0,3,4
122851,60629,39.0,0.0,0.0,0.0,1,2018.0,2,2,1,4.0,30,2,1,1,1,2,2,1,1,0,1,2,16,5,7,2020,0.0,0,1,1,1,3,3
122925,60629,30.0,0.0,0.0,0.0,1,2008.0,1,4,1,3.0,30,2,1,1,1,1,0,1,1,0,2,2,15,5,7,2020,0.0,0,1,1,1,3,4
123038,60623,22.0,0.0,0.0,0.0,1,2001.0,1,1,1,10.0,30,2,1,1,1,1,1,1,1,0,1,2,19,5,7,2020,0.0,0,1,1,1,2,3
123125,60641,33.0,0.0,0.0,0.0,1,2013.0,1,4,1,3.0,30,1,1,1,2,1,1,1,1,-1,2,2,22,5,7,2020,0.0,0,1,1,0,3,3
123138,60419,59.0,0.0,0.0,0.0,1,2008.0,1,4,1,11.0,30,0,0,1,2,4,2,1,1,0,1,2,22,5,7,2020,0.0,0,1,1,0,2,3