index,ZIPCODE,AGE,EJECTION,DRIVER_ACTION,BAC_RESULT,UNIT_TYPE,VEHICLE_YEAR,VEHICLE_TYPE,TRAVEL_DIRECTION,MANEUVER,FIRST_CONTACT_POINT,POSTED_SPEED_LIMIT,TRAFFIC_CONTROL_DEVICE,DEVICE_CONDITION,WEATHER_CONDITION,LIGHTING_CONDITION,FIRST_CRASH_TYPE,TRAFFICWAY_TYPE,ALIGNMENT,ROADWAY_SURFACE_COND,ROAD_DEFECT,STREET_DIRECTION,NUM_UNITS,CRASH_HOUR,CRASH_DAY_OF_WEEK,CRASH_MONTH,CRASH_YEAR,FATAL_DEGREE,SEX,INTERSECTION_RELATED,HIT_AND_RUN,REPORTYPE,DAMAGE_COST,FATAL_COND
123157,60626,27.0,0.0,0.0,0.0,1,2018.0,2,2,2,8.0,30,2,1,1,2,2,1,1,1,0,2,3,22,5,7,2020,0.0,0,1,1,1,3,4
123158,60626,27.0,0.0,0.0,0.0,2,2004.0,2,1,5,8.0,30,2,1,1,2,2,1,1,1,0,2,3,22,5,7,2020,0.0,0,1,1,1,3,4
123225,60639,37.0,0.0,1.0,0.0,1,2003.0,2,3,10,2.0,35,1,1,1,2,2,0,1,1,0,2,4,23,5,7,2020,0.0,1,1,1,1,3,4
123226,60639,37.0,0.0,1.0,0.0,1,2017.0,1,2,4,1.0,35,1,1,1,2,2,0,1,1,0,2,4,23,5,7,2020,0.0,1,1,1,1,3,4
123227,60639,37.0,0.0,1.0,0.0,2,2005.0,3,4,5,3.0,35,1,1,1,2,2,0,1,1,0,2,4,23,5,7,2020,0.0,1,1,1,1,3,4
123228,60639,37.0,0.0,1.0,0.0,2,2007.0,2,4,5,1.0,35,1,1,1,2,2,0,1,1,0,2,4,23,5,7,2020,0.0,1,1,1,1,3,4
123260,60649,43.0,0.0,2.0,0.0,1,2012.0,1,2,2,2.0,35,2,1,1,3,2,4,1,1,0,1,2,23,5,7,2020,0.0,0,1,1,0,3,4
123557,60302,34.0,0.0,0.0,0.0,1,2012.0,1,3,1,1.0,30,2,1,1,1,1,1,1,1,0,1,2,14,5,7,2020,0.0,0,1,1,1,3,4
123621,60419,36.9,-1.0,3.0,0.0,1,2011.0,-1,4,1,-1.0,30,1,1,1,2,1,3,1,1,-1,3,2,21,5,7,2020,2.0,0,1,1,1,3,4
123622,60419,36.9,-1.0,3.0,0.0,1,2019.0,1,3,1,-1.0,30,1,1,1,2,1,3,1,1,-1,3,2,21,5,7,2020,2.0,0,1,1,1,3,4
123623,60632,61.0,-1.0,-1.0,0.0,1,2011.0,-1,4,1,-1.0,30,1,1,1,2,1,3,1,1,-1,3,2,21,5,7,2020,2.0,1,1,1,1,3,4
123624,60632,61.0,-1.0,-1.0,0.0,1,2019.0,1,3,1,-1.0,30,1,1,1,2,1,3,1,1,-1,3,2,21,5,7,2020,2.0,1,1,1,1,3,4
123726,30078,43.0,0.0,0.0,0.0,1,2009.0,1,3,6,4.0,30,1,1,1,1,4,0,1,1,0,1,2,13,6,7,2020,0.0,0,1,1,1,3,3
123727,30078,43.0,0.0,0.0,0.0,1,2020.0,4,3,1,7.0,30,1,1,1,1,4,0,1,1,0,1,2,13,6,7,2020,0.0,0,1,1,1,3,3
123842,60659,36.0,0.0,0.0,0.0,1,1997.0,2,1,3,7.0,25,1,0,1,1,3,1,1,1,0,1,2,15,6,7,2020,0.0,0,1,1,0,2,3
123976,60641,56.0,0.0,0.0,0.0,1,2008.0,1,3,1,1.0,30,1,1,1,2,2,1,1,1,0,3,2,21,6,7,2020,0.0,0,1,1,1,3,3
124133,60419,36.9,0.0,1.0,0.0,1,2011.0,1,4,1,1.0,30,1,1,1,2,5,5,1,1,0,2,2,1,7,8,2020,2.0,0,1,1,1,3,4
124157,60623,33.0,0.0,0.0,0.0,1,2011.0,1,3,1,11.0,30,2,1,1,1,1,0,1,1,0,3,2,7,7,8,2020,0.0,0,1,1,1,3,4
124272,0,36.9,0.0,-1.0,0.0,1,2011.0,1,4,1,3.0,30,1,1,1,1,5,0,1,1,0,2,2,10,7,8,2020,2.0,0,1,1,1,1,4
124274,60640,46.0,-1.0,1.0,0.0,1,2011.0,1,4,1,3.0,30,1,1,1,1,5,0,1,1,0,2,2,10,7,8,2020,2.0,1,1,1,1,1,0
124304,0,36.0,0.0,2.0,0.0,1,2005.0,1,4,2,3.0,20,2,0,3,1,5,0,1,1,0,2,2,11,7,8,2020,1.0,0,1,1,1,3,4
124306,60652,26.0,-1.0,-1.0,0.0,1,2005.0,1,4,2,3.0,20,2,0,3,1,5,0,1,1,0,2,2,11,7,8,2020,1.0,0,1,1,1,3,0
124537,0,36.0,0.0,3.0,0.0,1,2016.0,3,4,1,-1.0,30,1,1,1,1,1,1,1,1,0,1,2,15,7,8,2020,1.0,0,1,1,1,2,4
124538,0,36.0,0.0,3.0,0.0,1,2019.0,1,1,1,10.0,30,1,1,1,1,1,1,1,1,0,1,2,15,7,8,2020,1.0,0,1,1,1,2,4
124539,60621,64.0,0.0,0.0,0.0,1,2016.0,3,4,1,-1.0,30,1,1,1,1,1,1,1,1,0,1,2,15,7,8,2020,1.0,0,1,1,1,2,4
124540,60621,64.0,0.0,0.0,0.0,1,2019.0,1,1,1,10.0,30,1,1,1,1,1,1,1,1,0,1,2,15,7,8,2020,1.0,0,1,1,1,2,4
124888,60608,25.0,0.0,0.0,0.0,1,2008.0,1,2,1,6.0,30,1,1,2,2,1,1,1,2,0,2,2,23,7,8,2020,0.0,1,1,1,1,3,4
124899,0,36.9,0.0,-1.0,0.0,1,2011.0,-1,1,1,1.0,30,1,1,1,2,5,3,1,1,0,1,2,4,6,7,2020,2.0,0,1,1,1,3,4
124901,0,46.0,-1.0,-1.0,0.0,1,2011.0,-1,1,1,1.0,30,1,1,1,2,5,3,1,1,0,1,2,4,6,7,2020,2.0,1,1,1,1,3,0
125079,60625,37.0,0.0,-1.0,0.0,1,2008.0,2,4,1,6.0,30,0,0,1,1,1,2,1,1,0,2,2,12,6,7,2020,0.0,0,1,1,1,3,3
125183,60625,17.0,0.0,0.0,0.0,1,2014.0,2,1,1,1.0,30,1,1,1,1,2,0,1,1,0,2,2,13,6,7,2020,0.0,0,1,1,0,2,3
125184,60625,17.0,0.0,0.0,0.0,1,2009.0,1,4,2,6.0,30,1,1,1,1,2,0,1,1,0,2,2,13,6,7,2020,0.0,0,1,1,0,2,3
125342,60406,35.0,0.0,0.0,0.0,1,2020.0,1,4,2,10.0,30,1,1,1,1,2,1,1,1,0,1,2,16,6,7,2020,0.0,1,1,1,1,3,4
125346,60644,38.0,1.0,0.0,0.0,1,2002.0,6,1,1,1.0,30,1,1,1,1,2,0,1,1,0,3,2,16,6,7,2020,0.0,1,1,1,1,3,4
125745,60620,25.0,-1.0,0.0,0.0,1,2011.0,1,3,2,-1.0,30,0,0,1,2,5,2,1,1,0,2,2,23,6,7,2020,2.0,0,1,1,1,2,0
125843,60619,26.0,0.0,1.0,0.0,1,2017.0,1,1,1,6.0,20,0,0,1,2,1,3,1,1,0,1,2,21,6,7,2020,0.0,0,1,1,0,3,3
125855,60636,26.0,0.0,1.0,0.0,1,2005.0,1,4,2,9.0,25,1,1,1,1,2,0,1,1,-1,1,2,17,6,7,2020,0.0,0,1,1,0,3,3
125889,60609,36.0,0.0,0.0,0.0,1,2003.0,1,2,3,8.0,30,1,1,1,1,3,9,2,1,0,1,2,18,6,7,2020,0.0,0,1,1,0,1,3
126096,0,36.9,0.0,2.0,0.0,1,2012.0,1,1,1,5.0,30,2,1,1,3,1,1,1,1,0,1,4,0,7,8,2020,2.0,0,1,1,1,3,4
126097,0,36.9,0.0,2.0,0.0,2,2013.0,1,1,5,2.0,30,2,1,1,3,1,1,1,1,0,1,4,0,7,8,2020,2.0,0,1,1,1,3,4
126098,0,36.9,0.0,2.0,0.0,2,2003.0,1,1,5,2.0,30,2,1,1,3,1,1,1,1,0,1,4,0,7,8,2020,2.0,0,1,1,1,3,4
126099,60624,41.0,0.0,0.0,0.0,1,2011.0,1,2,1,1.0,30,2,1,1,3,1,1,1,1,0,1,4,0,7,8,2020,2.0,1,1,1,1,3,4
126100,60624,41.0,0.0,0.0,0.0,1,2012.0,1,1,1,5.0,30,2,1,1,3,1,1,1,1,0,1,4,0,7,8,2020,2.0,1,1,1,1,3,4
126101,60624,41.0,0.0,0.0,0.0,2,2013.0,1,1,5,2.0,30,2,1,1,3,1,1,1,1,0,1,4,0,7,8,2020,2.0,1,1,1,1,3,4
126102,60624,41.0,0.0,0.0,0.0,2,2003.0,1,1,5,2.0,30,2,1,1,3,1,1,1,1,0,1,4,0,7,8,2020,2.0,1,1,1,1,3,4
126179,60620,37.0,0.0,0.0,0.0,1,2020.0,1,1,1,-1.0,30,1,1,1,1,1,1,1,1,0,1,2,12,7,8,2020,0.0,0,1,1,1,3,4
126180,60620,37.0,0.0,0.0,0.0,1,2019.0,2,2,1,1.0,30,1,1,1,1,1,1,1,1,0,1,2,12,7,8,2020,0.0,0,1,1,1,3,4
126283,60659,29.0,0.0,0.0,0.0,1,2011.0,1,4,1,4.0,30,1,1,1,1,7,0,1,1,0,2,2,18,7,8,2020,0.0,1,1,1,0,2,3
126396,60441,39.0,0.0,0.0,0.0,1,2007.0,3,1,3,7.0,45,1,1,2,2,3,0,1,2,0,1,2,22,7,8,2020,0.0,1,1,1,0,3,4
126429,60617,41.0,0.0,0.0,0.0,1,2012.0,1,1,3,1.0,30,1,1,2,2,1,0,1,2,0,1,4,23,7,8,2020,0.0,1,1,1,1,2,3
126590,60631,56.0,0.0,0.0,0.0,1,2013.0,1,4,1,1.0,30,2,2,2,2,1,0,1,2,0,2,2,23,7,8,2020,0.0,1,1,0,1,3,4
126591,60631,56.0,0.0,0.0,0.0,1,2018.0,4,1,1,6.0,30,2,2,2,2,1,0,1,2,0,2,2,23,7,8,2020,0.0,1,1,0,1,3,4
126610,60631,38.0,0.0,6.0,0.0,1,2002.0,1,3,1,1.0,25,0,0,2,2,10,4,1,2,0,1,1,0,1,8,2020,3.0,1,1,1,1,2,4
126630,60628,28.0,0.0,8.0,0.0,1,2009.0,2,4,3,10.0,30,1,1,2,2,4,5,1,2,0,2,2,21,7,8,2020,0.0,0,1,1,0,1,3
126708,60613,36.0,0.0,1.0,0.0,1,2007.0,2,2,1,1.0,30,0,0,3,1,6,0,1,1,0,2,2,7,1,8,2020,1.0,0,1,1,1,3,4
126709,60613,36.0,0.0,1.0,0.0,1,1996.0,1,4,1,1.0,30,0,0,3,1,6,0,1,1,0,2,2,7,1,8,2020,1.0,0,1,1,1,3,4
126710,60613,42.0,0.0,0.0,0.0,1,2007.0,2,2,1,1.0,30,0,0,3,1,6,0,1,1,0,2,2,7,1,8,2020,1.0,1,1,1,1,3,4
126711,60613,42.0,0.0,0.0,0.0,1,1996.0,1,4,1,1.0,30,0,0,3,1,6,0,1,1,0,2,2,7,1,8,2020,1.0,1,1,1,1,3,4
126767,60613,36.9,0.0,2.0,0.0,1,2005.0,3,1,2,3.0,25,2,1,1,1,5,1,1,1,0,3,2,9,1,8,2020,2.0,1,1,1,1,3,4
126769,60657,46.0,-1.0,12.0,2.0,1,2005.0,3,1,2,3.0,25,2,1,1,1,5,1,1,1,0,3,2,9,1,8,2020,2.0,1,1,1,1,3,0
126777,60657,36.9,0.0,3.0,0.0,1,2011.0,4,2,1,1.0,35,1,1,1,2,1,0,1,1,0,1,2,0,1,8,2020,2.0,1,1,1,0,2,4
126778,60657,36.9,0.0,3.0,0.0,1,2003.0,4,3,1,4.0,35,1,1,1,2,1,0,1,1,0,1,2,0,1,8,2020,2.0,1,1,1,0,2,4
126779,60628,36.9,0.0,0.0,0.0,1,2011.0,4,2,1,1.0,35,1,1,1,2,1,0,1,1,0,1,2,0,1,8,2020,2.0,1,1,1,0,2,4
126780,60628,36.9,0.0,0.0,0.0,1,2003.0,4,3,1,4.0,35,1,1,1,2,1,0,1,1,0,1,2,0,1,8,2020,2.0,1,1,1,0,2,4
126818,60639,31.0,0.0,3.0,0.0,1,1985.0,1,3,1,1.0,35,1,1,2,1,1,1,1,2,0,1,2,12,1,8,2020,2.0,1,1,1,1,3,4
126819,60639,31.0,0.0,3.0,0.0,1,2019.0,1,2,1,5.0,35,1,1,2,1,1,1,1,2,0,1,2,12,1,8,2020,2.0,1,1,1,1,3,4
126820,60621,45.0,0.0,0.0,0.0,1,1985.0,1,3,1,1.0,35,1,1,2,1,1,1,1,2,0,1,2,12,1,8,2020,2.0,1,1,1,1,3,4
126821,60621,45.0,0.0,0.0,0.0,1,2019.0,1,2,1,5.0,35,1,1,2,1,1,1,1,2,0,1,2,12,1,8,2020,2.0,1,1,1,1,3,4
126940,60467,40.0,0.0,0.0,0.0,1,2009.0,1,3,1,1.0,30,1,1,1,1,3,5,1,1,0,1,2,13,1,8,2020,0.0,1,1,1,0,2,3
126941,60467,40.0,0.0,0.0,0.0,1,2019.0,2,3,3,2.0,30,1,1,1,1,3,5,1,1,0,1,2,13,1,8,2020,0.0,1,1,1,0,2,3
127342,0,36.0,0.0,2.0,0.0,1,2010.0,4,2,1,1.0,30,2,1,2,1,3,0,1,2,0,2,2,18,1,8,2020,1.0,0,1,1,1,2,4
127343,0,36.0,0.0,2.0,0.0,1,2015.0,1,2,3,2.0,30,2,1,2,1,3,0,1,2,0,2,2,18,1,8,2020,1.0,0,1,1,1,2,4
127344,60629,42.0,0.0,0.0,0.0,1,2010.0,4,2,1,1.0,30,2,1,2,1,3,0,1,2,0,2,2,18,1,8,2020,1.0,0,1,1,1,2,4
127345,60629,42.0,0.0,0.0,0.0,1,2015.0,1,2,3,2.0,30,2,1,2,1,3,0,1,2,0,2,2,18,1,8,2020,1.0,0,1,1,1,2,4
127458,0,36.0,0.0,3.0,0.0,1,2018.0,-1,1,1,-1.0,30,1,1,1,2,1,0,1,2,-1,2,2,21,1,8,2020,1.0,0,1,1,1,3,4
127459,0,36.0,0.0,3.0,0.0,1,2007.0,5,4,1,7.0,30,1,1,1,2,1,0,1,2,-1,2,2,21,1,8,2020,1.0,0,1,1,1,3,4
127460,60104,57.0,0.0,-1.0,0.0,1,2018.0,-1,1,1,-1.0,30,1,1,1,2,1,0,1,2,-1,2,2,21,1,8,2020,1.0,0,1,1,1,3,4
127461,60104,57.0,0.0,-1.0,0.0,1,2007.0,5,4,1,7.0,30,1,1,1,2,1,0,1,2,-1,2,2,21,1,8,2020,1.0,0,1,1,1,3,4
127529,60068,47.0,0.0,0.0,0.0,1,2019.0,1,1,1,4.0,30,1,1,1,1,4,0,1,1,0,2,2,10,7,7,2020,0.0,0,1,1,1,2,3
127551,60068,38.0,0.0,2.0,0.0,1,2010.0,1,4,1,1.0,30,2,1,1,1,1,2,1,1,0,2,2,10,7,7,2020,3.0,1,1,1,1,3,4
127552,60068,38.0,0.0,2.0,0.0,1,2009.0,1,6,1,11.0,30,2,1,1,1,1,2,1,1,0,2,2,10,7,7,2020,3.0,1,1,1,1,3,4
127553,60016,69.0,0.0,0.0,0.0,1,2010.0,1,4,1,1.0,30,2,1,1,1,1,2,1,1,0,2,2,10,7,7,2020,3.0,1,1,1,1,3,4
127554,60016,69.0,0.0,0.0,0.0,1,2009.0,1,6,1,11.0,30,2,1,1,1,1,2,1,1,0,2,2,10,7,7,2020,3.0,1,1,1,1,3,4
127675,60016,36.9,-1.0,-1.0,0.0,1,2000.0,2,3,1,5.0,30,1,1,1,2,2,1,1,1,0,1,2,3,7,7,2020,2.0,0,1,0,0,3,4
127676,60016,36.9,-1.0,-1.0,0.0,1,2015.0,1,2,4,1.0,30,1,1,1,2,2,1,1,1,0,1,2,3,7,7,2020,2.0,0,1,0,0,3,4
127677,60016,36.9,-1.0,-1.0,0.0,1,2000.0,2,3,1,5.0,30,1,1,1,2,2,1,1,1,0,1,2,3,7,7,2020,2.0,0,1,0,0,3,4
127678,60629,48.0,0.0,0.0,0.0,1,2011.0,-1,4,-1,1.0,30,1,1,1,2,2,1,1,1,0,1,2,3,7,7,2020,2.0,1,1,0,0,3,4
127679,60629,48.0,0.0,0.0,0.0,1,2000.0,2,3,1,5.0,30,1,1,1,2,2,1,1,1,0,1,2,3,7,7,2020,2.0,1,1,0,0,3,4
127680,60629,48.0,0.0,0.0,0.0,1,2015.0,1,2,4,1.0,30,1,1,1,2,2,1,1,1,0,1,2,3,7,7,2020,2.0,1,1,0,0,3,4
127681,60629,48.0,0.0,0.0,0.0,1,2000.0,2,3,1,5.0,30,1,1,1,2,2,1,1,1,0,1,2,3,7,7,2020,2.0,1,1,0,0,3,4
127682,60466,28.0,0.0,0.0,0.0,1,2011.0,-1,4,-1,1.0,30,1,1,1,2,2,1,1,1,0,1,2,3,7,7,2020,2.0,0,1,0,0,3,4
127683,60466,28.0,0.0,0.0,0.0,1,2000.0,2,3,1,5.0,30,1,1,1,2,2,1,1,1,0,1,2,3,7,7,2020,2.0,0,1,0,0,3,4
127684,60466,28.0,0.0,0.0,0.0,1,2015.0,1,2,4,1.0,30,1,1,1,2,2,1,1,1,0,1,2,3,7,7,2020,2.0,0,1,0,0,3,4
127685,60466,28.0,0.0,0.0,0.0,1,2000.0,2,3,1,5.0,30,1,1,1,2,2,1,1,1,0,1,2,3,7,7,2020,2.0,0,1,0,0,3,4
127686,60629,48.0,0.0,0.0,0.0,1,2011.0,-1,4,-1,1.0,30,1,1,1,2,2,1,1,1,0,1,2,3,7,7,2020,2.0,1,1,0,0,3,4
127687,60629,48.0,0.0,0.0,0.0,1,2000.0,2,3,1,5.0,30,1,1,1,2,2,1,1,1,0,1,2,3,7,7,2020,2.0,1,1,0,0,3,4
127688,60629,48.0,0.0,0.0,0.0,1,2015.0,1,2,4,1.0,30,1,1,1,2,2,1,1,1,0,1,2,3,7,7,2020,2.0,1,1,0,0,3,4
127689,60629,48.0,0.0,0.0,0.0,1,2000.0,2,3,1,5.0,30,1,1,1,2,2,1,1,1,0,1,2,3,7,7,2020,2.0,1,1,0,0,3,4
127760,60016,38.0,0.0,2.0,0.0,1,2004.0,2,1,1,1.0,30,1,1,3,1,9,5,1,1,0,1,2,15,7,7,2020,3.0,0,1,1,1,2,4
127762,60629,52.0,1.0,3.0,0.0,1,2004.0,2,1,1,1.0,30,1,1,3,1,9,5,1,1,0,1,2,15,7,7,2020,3.0,0,1,1,1,2,2
127980,60617,36.9,0.0,2.0,0.0,1,2011.0,1,1,2,6.0,30,1,1,1,1,9,2,1,1,0,2,2,19,7,7,2020,2.0,0,1,1,1,3,4
127982,60616,21.0,1.0,0.0,0.0,1,2011.0,1,1,2,6.0,30,1,1,1,1,9,2,1,1,0,2,2,19,7,7,2020,2.0,0,1,1,1,3,2
128144,60651,36.9,0.0,-1.0,0.0,1,2017.0,1,3,1,1.0,30,2,1,1,2,3,3,1,1,0,3,2,22,7,7,2020,2.0,0,1,1,1,1,4
128145,60651,36.9,0.0,-1.0,0.0,1,1994.0,1,3,7,2.0,30,2,1,1,2,3,3,1,1,0,3,2,22,7,7,2020,2.0,0,1,1,1,1,4
128146,60634,26.0,0.0,0.0,0.0,1,2017.0,1,3,1,1.0,30,2,1,1,2,3,3,1,1,0,3,2,22,7,7,2020,2.0,0,1,1,1,1,4
128147,60634,26.0,0.0,0.0,0.0,1,1994.0,1,3,7,2.0,30,2,1,1,2,3,3,1,1,0,3,2,22,7,7,2020,2.0,0,1,1,1,1,4
128158,60634,36.0,0.0,4.0,0.0,1,2010.0,2,2,3,3.0,30,1,1,1,2,3,0,1,1,0,4,2,20,7,7,2020,1.0,1,1,1,0,3,4
128159,60634,36.0,0.0,4.0,0.0,1,2000.0,2,2,3,10.0,30,1,1,1,2,3,0,1,1,0,4,2,20,7,7,2020,1.0,1,1,1,0,3,4
128160,60628,20.0,0.0,0.0,0.0,1,2010.0,2,2,3,3.0,30,1,1,1,2,3,0,1,1,0,4,2,20,7,7,2020,1.0,0,1,1,0,3,4
128161,60628,20.0,0.0,0.0,0.0,1,2000.0,2,2,3,10.0,30,1,1,1,2,3,0,1,1,0,4,2,20,7,7,2020,1.0,0,1,1,0,3,4
128177,60610,62.0,0.0,5.0,0.0,1,2016.0,2,2,4,4.0,30,1,1,1,5,2,9,1,1,0,2,2,5,7,7,2020,0.0,1,1,1,0,3,3
128655,60610,36.9,0.0,0.0,0.0,1,2002.0,1,3,1,1.0,35,0,0,1,1,3,2,1,2,0,1,2,16,1,8,2020,2.0,1,1,1,1,1,4
128656,60610,36.9,0.0,0.0,0.0,1,2009.0,2,3,1,2.0,35,0,0,1,1,3,2,1,2,0,1,2,16,1,8,2020,2.0,1,1,1,1,1,4
128657,60501,41.0,0.0,0.0,0.0,1,2002.0,1,3,1,1.0,35,0,0,1,1,3,2,1,2,0,1,2,16,1,8,2020,2.0,1,1,1,1,1,4
128658,60501,41.0,0.0,0.0,0.0,1,2009.0,2,3,1,2.0,35,0,0,1,1,3,2,1,2,0,1,2,16,1,8,2020,2.0,1,1,1,1,1,4
128763,60056,40.0,0.0,0.0,0.0,1,2017.0,1,2,1,6.0,30,2,1,2,1,1,1,1,2,0,4,2,19,1,8,2020,0.0,1,1,1,1,2,3
128894,60637,36.9,0.0,-1.0,0.0,1,2011.0,-1,4,-1,-1.0,30,1,1,1,1,9,1,1,1,0,2,2,6,2,8,2020,2.0,0,0,1,0,1,4
128896,60637,56.0,-1.0,-1.0,0.0,1,2011.0,-1,4,-1,-1.0,30,1,1,1,1,9,1,1,1,0,2,2,6,2,8,2020,2.0,1,0,1,0,1,2
129077,60637,36.0,0.0,1.0,0.0,1,2010.0,1,3,1,1.0,30,0,0,1,1,1,0,1,1,0,2,2,12,2,8,2020,1.0,0,1,1,0,3,4
129078,60637,36.0,0.0,1.0,0.0,1,2008.0,1,4,1,6.0,30,0,0,1,1,1,0,1,1,0,2,2,12,2,8,2020,1.0,0,1,1,0,3,4
129079,60402,36.0,0.0,0.0,0.0,1,2010.0,1,3,1,1.0,30,0,0,1,1,1,0,1,1,0,2,2,12,2,8,2020,1.0,1,1,1,0,3,4
129080,60402,36.0,0.0,0.0,0.0,1,2008.0,1,4,1,6.0,30,0,0,1,1,1,0,1,1,0,2,2,12,2,8,2020,1.0,1,1,1,0,3,4
129237,60637,38.0,0.0,5.0,0.0,1,2010.0,-1,3,2,3.0,30,1,1,1,1,2,1,1,1,0,3,2,15,2,8,2020,3.0,1,1,1,1,3,4
129238,60637,38.0,0.0,5.0,0.0,1,2007.0,2,1,1,1.0,30,1,1,1,1,2,1,1,1,0,3,2,15,2,8,2020,3.0,1,1,1,1,3,4
129239,60644,36.0,0.0,0.0,0.0,1,2010.0,-1,3,2,3.0,30,1,1,1,1,2,1,1,1,0,3,2,15,2,8,2020,3.0,0,1,1,1,3,4
129240,60644,36.0,0.0,0.0,0.0,1,2007.0,2,1,1,1.0,30,1,1,1,1,2,1,1,1,0,3,2,15,2,8,2020,3.0,0,1,1,1,3,4
129316,60636,31.0,0.0,0.0,0.0,1,2012.0,1,3,2,6.0,30,0,0,1,1,2,2,1,1,0,1,2,15,2,8,2020,0.0,0,1,1,0,3,3
129358,60636,36.9,0.0,2.0,0.0,1,2013.0,2,3,1,-1.0,30,-1,-1,1,1,9,1,1,1,0,1,2,16,2,8,2020,2.0,0,1,1,1,1,4
129360,60636,19.0,-1.0,0.0,0.0,1,2013.0,2,3,1,-1.0,30,-1,-1,1,1,9,1,1,1,0,1,2,16,2,8,2020,2.0,1,1,1,1,1,2
129504,60624,57.0,-1.0,0.0,0.0,1,2011.0,-1,1,-1,-1.0,30,1,1,1,1,5,1,1,1,0,2,2,18,2,8,2020,2.0,1,1,1,1,2,0
129614,60609,36.9,0.0,-1.0,0.0,1,2018.0,-1,3,1,-1.0,30,1,1,1,2,5,0,1,1,0,3,2,0,1,7,2020,2.0,0,1,1,1,3,4
129616,60609,15.0,-1.0,-1.0,0.0,1,2018.0,-1,3,1,-1.0,30,1,1,1,2,5,0,1,1,0,3,2,0,1,7,2020,2.0,1,1,1,1,3,0
129632,60629,33.0,0.0,0.0,0.0,1,2018.0,1,3,1,5.0,30,1,1,1,2,2,2,4,1,0,1,2,0,1,7,2020,0.0,1,1,1,1,3,4
129645,60629,55.0,0.0,0.0,0.0,1,2002.0,1,4,1,10.0,30,0,0,2,5,7,0,1,2,0,1,3,6,1,7,2020,0.0,1,1,1,1,3,4
129646,60629,55.0,0.0,0.0,0.0,2,2004.0,1,2,5,5.0,30,0,0,2,5,7,0,1,2,0,1,3,6,1,7,2020,0.0,1,1,1,1,3,4
129705,60629,36.9,0.0,-1.0,0.0,1,2006.0,1,2,1,-1.0,30,2,0,2,1,1,1,1,2,-1,1,2,7,1,7,2020,2.0,0,1,1,1,3,4
129706,60629,36.9,0.0,-1.0,0.0,1,2002.0,-1,3,1,8.0,30,2,0,2,1,1,1,1,2,-1,1,2,7,1,7,2020,2.0,0,1,1,1,3,4
129707,60609,19.0,0.0,-1.0,0.0,1,2006.0,1,2,1,-1.0,30,2,0,2,1,1,1,1,2,-1,1,2,7,1,7,2020,2.0,1,1,1,1,3,4
129708,60609,19.0,0.0,-1.0,0.0,1,2002.0,-1,3,1,8.0,30,2,0,2,1,1,1,1,2,-1,1,2,7,1,7,2020,2.0,1,1,1,1,3,4
129997,60620,73.0,0.0,0.0,0.0,1,2005.0,1,2,3,2.0,30,2,1,1,1,3,0,1,1,0,2,2,15,1,7,2020,0.0,1,0,1,1,1,3
130223,60651,36.9,0.0,3.0,0.0,1,2010.0,1,4,1,1.0,30,1,1,1,2,1,1,1,1,0,4,2,23,1,7,2020,2.0,0,1,1,1,3,4
130224,60651,36.9,0.0,3.0,0.0,1,2018.0,1,3,1,5.0,30,1,1,1,2,1,1,1,1,0,4,2,23,1,7,2020,2.0,0,1,1,1,3,4
130225,60637,38.0,0.0,0.0,0.0,1,2010.0,1,4,1,1.0,30,1,1,1,2,1,1,1,1,0,4,2,23,1,7,2020,2.0,1,1,1,1,3,4
130226,60637,38.0,0.0,0.0,0.0,1,2018.0,1,3,1,5.0,30,1,1,1,2,1,1,1,1,0,4,2,23,1,7,2020,2.0,1,1,1,1,3,4
130246,60609,40.0,0.0,0.0,0.0,1,2016.0,1,3,6,1.0,30,1,1,1,2,6,5,1,1,0,1,2,23,1,7,2020,0.0,0,1,1,1,3,4
130247,60609,40.0,0.0,0.0,0.0,1,2006.0,2,1,1,4.0,30,1,1,1,2,6,5,1,1,0,1,2,23,1,7,2020,0.0,0,1,1,1,3,4
130453,60646,17.0,0.0,1.0,0.0,1,2013.0,1,1,4,3.0,30,1,1,1,2,2,1,1,1,0,3,2,2,7,8,2020,0.0,0,1,1,1,2,3
130515,60429,33.0,0.0,0.0,0.0,1,2017.0,1,1,1,7.0,30,1,1,2,1,3,0,1,2,0,1,2,17,1,8,2020,0.0,1,1,0,0,1,3
130516,60429,33.0,0.0,0.0,0.0,1,2000.0,1,1,1,4.0,30,1,1,2,1,3,0,1,2,0,1,2,17,1,8,2020,0.0,1,1,0,0,1,3
130517,60620,24.0,0.0,0.0,0.0,1,2017.0,1,1,1,7.0,30,1,1,2,1,3,0,1,2,0,1,2,17,1,8,2020,0.0,0,1,0,0,1,3