index,ZIPCODE,AGE,EJECTION,DRIVER_ACTION,BAC_RESULT,UNIT_TYPE,VEHICLE_YEAR,VEHICLE_TYPE,TRAVEL_DIRECTION,MANEUVER,FIRST_CONTACT_POINT,POSTED_SPEED_LIMIT,TRAFFIC_CONTROL_DEVICE,DEVICE_CONDITION,WEATHER_CONDITION,LIGHTING_CONDITION,FIRST_CRASH_TYPE,TRAFFICWAY_TYPE,ALIGNMENT,ROADWAY_SURFACE_COND,ROAD_DEFECT,STREET_DIRECTION,NUM_UNITS,CRASH_HOUR,CRASH_DAY_OF_WEEK,CRASH_MONTH,CRASH_YEAR,FATAL_DEGREE,SEX,INTERSECTION_RELATED,HIT_AND_RUN,REPORTYPE,DAMAGE_COST,FATAL_COND
130518,60620,24.0,0.0,0.0,0.0,1,2000.0,1,1,1,4.0,30,1,1,2,1,3,0,1,2,0,1,2,17,1,8,2020,0.0,0,1,0,0,1,3
130564,60617,47.0,0.0,0.0,0.0,1,2017.0,1,4,1,11.0,30,1,1,2,2,2,5,1,2,0,4,2,23,7,8,2020,0.0,0,1,1,0,3,3
130593,60647,30.0,0.0,6.0,0.0,1,2006.0,1,1,1,1.0,30,1,1,1,1,1,1,1,1,0,2,2,10,2,8,2020,2.0,1,1,1,1,3,4
130594,60647,30.0,0.0,6.0,0.0,1,2015.0,3,4,1,3.0,30,1,1,1,1,1,1,1,1,0,2,2,10,2,8,2020,2.0,1,1,1,1,3,4
130595,60641,31.0,0.0,0.0,0.0,1,2006.0,1,1,1,1.0,30,1,1,1,1,1,1,1,1,0,2,2,10,2,8,2020,2.0,1,1,1,1,3,4
130596,60641,31.0,0.0,0.0,0.0,1,2015.0,3,4,1,3.0,30,1,1,1,1,1,1,1,1,0,2,2,10,2,8,2020,2.0,1,1,1,1,3,4
131028,60651,19.0,0.0,0.0,0.0,1,2019.0,1,2,1,3.0,30,2,0,1,1,1,3,1,1,0,3,2,12,3,8,2020,0.0,0,1,1,1,2,3
131283,60615,36.9,0.0,3.0,0.0,1,2011.0,3,3,1,3.0,35,1,1,1,1,1,1,1,1,0,2,2,17,3,8,2020,2.0,1,1,1,1,2,4
131284,60615,36.9,0.0,3.0,0.0,1,2006.0,5,4,1,4.0,35,1,1,1,1,1,1,1,1,0,2,2,17,3,8,2020,2.0,1,1,1,1,2,4
131285,60654,54.0,0.0,0.0,0.0,1,2011.0,3,3,1,3.0,35,1,1,1,1,1,1,1,1,0,2,2,17,3,8,2020,2.0,1,1,1,1,2,4
131286,60654,54.0,0.0,0.0,0.0,1,2006.0,5,4,1,4.0,35,1,1,1,1,1,1,1,1,0,2,2,17,3,8,2020,2.0,1,1,1,1,2,4
131670,60628,48.0,0.0,2.0,0.0,1,2000.0,3,1,1,1.0,30,1,1,1,1,3,0,1,1,-1,1,3,8,2,7,2020,1.0,1,1,1,1,3,4
131671,60628,48.0,0.0,2.0,0.0,1,2005.0,1,1,3,2.0,30,1,1,1,1,3,0,1,1,-1,1,3,8,2,7,2020,1.0,1,1,1,1,3,4
131672,60628,48.0,0.0,2.0,0.0,1,2010.0,-1,1,3,2.0,30,1,1,1,1,3,0,1,1,-1,1,3,8,2,7,2020,1.0,1,1,1,1,3,4
131673,60628,55.0,0.0,1.0,0.0,1,2000.0,3,1,1,1.0,30,1,1,1,1,3,0,1,1,-1,1,3,8,2,7,2020,1.0,0,1,1,1,3,4
131674,60628,55.0,0.0,1.0,0.0,1,2005.0,1,1,3,2.0,30,1,1,1,1,3,0,1,1,-1,1,3,8,2,7,2020,1.0,0,1,1,1,3,4
131675,60628,55.0,0.0,1.0,0.0,1,2010.0,-1,1,3,2.0,30,1,1,1,1,3,0,1,1,-1,1,3,8,2,7,2020,1.0,0,1,1,1,3,4
131676,60628,36.0,-1.0,-1.0,0.0,1,2000.0,3,1,1,1.0,30,1,1,1,1,3,0,1,1,-1,1,3,8,2,7,2020,1.0,0,1,1,1,3,4
131677,60628,36.0,-1.0,-1.0,0.0,1,2005.0,1,1,3,2.0,30,1,1,1,1,3,0,1,1,-1,1,3,8,2,7,2020,1.0,0,1,1,1,3,4
131678,60628,36.0,-1.0,-1.0,0.0,1,2010.0,-1,1,3,2.0,30,1,1,1,1,3,0,1,1,-1,1,3,8,2,7,2020,1.0,0,1,1,1,3,4
131765,60651,49.0,0.0,8.0,0.0,1,2012.0,1,3,17,5.0,30,1,1,1,1,4,3,1,1,0,1,2,13,2,7,2020,0.0,0,1,1,0,2,3
131766,60651,49.0,0.0,8.0,0.0,1,2010.0,2,3,1,4.0,30,1,1,1,1,4,3,1,1,0,1,2,13,2,7,2020,0.0,0,1,1,0,2,3
132332,60624,25.0,0.0,0.0,0.0,1,2015.0,1,1,1,2.0,30,1,1,2,3,3,0,1,2,0,1,2,0,1,8,2020,0.0,1,1,1,0,2,3
132419,60639,45.0,0.0,0.0,0.0,1,2003.0,2,2,3,6.0,30,2,1,2,4,1,0,1,2,0,3,2,19,2,8,2020,0.0,1,1,1,0,3,3
132420,60639,45.0,0.0,0.0,0.0,1,2016.0,1,1,1,1.0,30,2,1,2,4,1,0,1,2,0,3,2,19,2,8,2020,0.0,1,1,1,0,3,3
132549,60639,36.0,0.0,0.0,0.0,1,2010.0,2,3,2,6.0,30,1,1,-1,1,9,2,1,-1,0,3,2,11,1,8,2020,3.0,1,1,1,0,3,2
132941,60623,42.0,0.0,-1.0,0.0,1,2018.0,1,4,6,4.0,30,0,-1,1,1,2,0,1,1,-1,2,2,7,3,8,2020,2.0,1,1,0,0,3,4
132942,60623,42.0,0.0,-1.0,0.0,1,2010.0,1,2,2,4.0,30,0,-1,1,1,2,0,1,1,-1,2,2,7,3,8,2020,2.0,1,1,0,0,3,4
132943,60608,30.0,0.0,-1.0,0.0,1,2018.0,1,4,6,4.0,30,0,-1,1,1,2,0,1,1,-1,2,2,7,3,8,2020,2.0,0,1,0,0,3,4
132944,60608,30.0,0.0,-1.0,0.0,1,2010.0,1,2,2,4.0,30,0,-1,1,1,2,0,1,1,-1,2,2,7,3,8,2020,2.0,0,1,0,0,3,4
133360,0,36.0,0.0,9.0,0.0,1,2010.0,2,1,6,-1.0,30,2,1,1,2,4,3,1,1,0,1,2,21,4,7,2020,1.0,0,1,1,0,2,4
133361,0,36.0,0.0,9.0,0.0,1,2011.0,1,1,3,5.0,30,2,1,1,2,4,3,1,1,0,1,2,21,4,7,2020,1.0,0,1,1,0,2,4
133362,60649,48.0,0.0,0.0,0.0,1,2010.0,2,1,6,-1.0,30,2,1,1,2,4,3,1,1,0,1,2,21,4,7,2020,1.0,1,1,1,0,2,4
133363,60649,48.0,0.0,0.0,0.0,1,2011.0,1,1,3,5.0,30,2,1,1,2,4,3,1,1,0,1,2,21,4,7,2020,1.0,1,1,1,0,2,4
133370,60649,23.0,0.0,0.0,0.0,1,2008.0,1,2,1,1.0,30,2,1,1,2,3,2,1,1,0,2,2,19,4,8,2020,0.0,0,1,1,0,3,3
133371,60649,23.0,0.0,0.0,0.0,1,2005.0,1,2,3,2.0,30,2,1,1,2,3,2,1,1,0,2,2,19,4,8,2020,0.0,0,1,1,0,3,3
133489,0,36.9,0.0,4.0,0.0,1,2018.0,1,3,1,1.0,40,1,1,1,1,3,6,1,1,0,1,2,10,3,7,2020,2.0,1,1,1,1,2,4
133490,0,36.9,0.0,4.0,0.0,1,2012.0,1,3,9,2.0,40,1,1,1,1,3,6,1,1,0,1,2,10,3,7,2020,2.0,1,1,1,1,2,4
133491,60419,35.0,0.0,0.0,0.0,1,2018.0,1,3,1,1.0,40,1,1,1,1,3,6,1,1,0,1,2,10,3,7,2020,2.0,0,1,1,1,2,4
133492,60419,35.0,0.0,0.0,0.0,1,2012.0,1,3,9,2.0,40,1,1,1,1,3,6,1,1,0,1,2,10,3,7,2020,2.0,0,1,1,1,2,4
133575,60438,20.0,0.0,0.0,0.0,1,2003.0,1,1,1,1.0,30,2,1,2,1,3,2,1,2,0,1,2,14,3,7,2020,0.0,1,1,1,0,3,3
133576,60438,20.0,0.0,0.0,0.0,1,2013.0,1,1,3,2.0,30,2,1,2,1,3,2,1,2,0,1,2,14,3,7,2020,0.0,1,1,1,0,3,3
133644,60619,50.0,0.0,0.0,0.0,1,2020.0,2,4,1,6.0,30,1,1,2,1,4,1,1,2,0,1,2,14,3,7,2020,0.0,1,1,1,0,3,3
133735,60527,45.0,0.0,0.0,0.0,1,2008.0,1,3,1,3.0,30,1,1,1,1,3,10,1,2,0,1,2,13,3,7,2020,0.0,1,1,1,0,3,4
133736,60527,45.0,0.0,0.0,0.0,1,2007.0,1,3,1,7.0,30,1,1,1,1,3,10,1,2,0,1,2,13,3,7,2020,0.0,1,1,1,0,3,4
134024,0,36.9,0.0,2.0,0.0,1,2011.0,-1,4,4,4.0,30,1,1,2,4,5,1,1,2,-1,2,2,20,3,7,2020,2.0,0,1,1,1,3,4
134026,60651,15.0,-1.0,0.0,0.0,1,2011.0,-1,4,4,4.0,30,1,1,2,4,5,1,1,2,-1,2,2,20,3,7,2020,2.0,1,1,1,1,3,0
134060,60637,26.0,0.0,0.0,0.0,1,2010.0,1,4,1,5.0,30,2,0,2,1,1,0,1,2,-1,4,2,6,3,7,2020,0.0,1,1,1,0,2,3
134091,60617,61.0,0.0,0.0,0.0,1,2014.0,1,1,1,3.0,30,1,1,1,2,4,1,1,1,0,1,2,19,3,7,2020,0.0,0,1,1,0,3,3
134254,60619,64.0,0.0,0.0,0.0,1,2005.0,3,3,1,12.0,20,1,1,1,1,1,1,1,1,0,1,2,12,1,8,2020,0.0,1,1,1,1,3,4
134525,60649,46.0,0.0,1.0,0.0,1,2017.0,1,2,1,12.0,35,2,1,1,2,1,4,1,1,0,4,2,20,4,8,2020,1.0,1,1,1,1,3,4
134526,60649,46.0,0.0,1.0,0.0,1,2010.0,6,1,1,1.0,35,2,1,1,2,1,4,1,1,0,4,2,20,4,8,2020,1.0,1,1,1,1,3,4
134527,0,36.0,1.0,6.0,0.0,1,2017.0,1,2,1,12.0,35,2,1,1,2,1,4,1,1,0,4,2,20,4,8,2020,1.0,1,1,1,1,3,4
134588,0,38.0,0.0,3.0,0.0,1,2008.0,2,3,1,1.0,30,2,1,1,2,1,1,1,1,1,2,2,0,5,8,2020,3.0,0,1,1,1,3,4
134589,0,38.0,0.0,3.0,0.0,1,2013.0,6,2,1,5.0,30,2,1,1,2,1,1,1,1,1,2,2,0,5,8,2020,3.0,0,1,1,1,3,4
134590,60473,46.0,0.0,0.0,0.0,1,2008.0,2,3,1,1.0,30,2,1,1,2,1,1,1,1,1,2,2,0,5,8,2020,3.0,1,1,1,1,3,4
134591,60473,46.0,0.0,0.0,0.0,1,2013.0,6,2,1,5.0,30,2,1,1,2,1,1,1,1,1,2,2,0,5,8,2020,3.0,1,1,1,1,3,4
134602,60628,27.0,0.0,3.0,0.0,1,2008.0,1,4,1,1.0,30,1,1,1,2,1,1,1,1,0,1,2,0,5,8,2020,3.0,0,1,0,1,3,4
134603,60628,27.0,0.0,3.0,0.0,1,2008.0,1,1,1,5.0,30,1,1,1,2,1,1,1,1,0,1,2,0,5,8,2020,3.0,0,1,0,1,3,4
134604,60446,22.0,0.0,0.0,0.0,1,2008.0,1,4,1,1.0,30,1,1,1,2,1,1,1,1,0,1,2,0,5,8,2020,3.0,1,1,0,1,3,4
134605,60446,22.0,0.0,0.0,0.0,1,2008.0,1,1,1,5.0,30,1,1,1,2,1,1,1,1,0,1,2,0,5,8,2020,3.0,1,1,0,1,3,4
134832,0,36.9,-1.0,1.0,0.0,1,2003.0,1,1,2,5.0,30,1,1,1,1,2,7,1,1,0,1,2,11,5,8,2020,2.0,1,1,1,1,3,4
134833,60534,32.0,0.0,0.0,0.0,1,2011.0,2,1,1,8.0,30,1,1,1,1,2,7,1,1,0,1,2,11,5,8,2020,2.0,1,1,1,1,3,4
134834,60534,32.0,0.0,0.0,0.0,1,2003.0,1,1,2,5.0,30,1,1,1,1,2,7,1,1,0,1,2,11,5,8,2020,2.0,1,1,1,1,3,4
135052,60644,38.0,0.0,0.0,0.0,1,2002.0,2,2,1,8.0,30,2,1,1,1,1,3,1,1,0,2,2,15,5,8,2020,0.0,0,1,1,0,2,3
135464,60616,22.0,0.0,0.0,0.0,1,2001.0,6,4,1,7.0,30,2,1,1,2,2,1,1,1,0,1,2,20,5,8,2020,0.0,1,1,1,0,3,3
135482,60653,45.0,0.0,0.0,0.0,1,2002.0,1,3,1,12.0,30,1,1,1,2,1,7,1,1,0,1,2,22,5,8,2020,0.0,0,1,1,1,3,4
135979,60624,16.0,0.0,2.0,0.0,1,2013.0,1,2,1,1.0,30,2,1,1,1,1,1,1,1,0,2,2,17,4,7,2020,2.0,1,1,1,1,3,4
135980,60624,16.0,0.0,2.0,0.0,1,2004.0,1,3,1,6.0,30,2,1,1,1,1,1,1,1,0,2,2,17,4,7,2020,2.0,1,1,1,1,3,4
135981,60302,61.0,0.0,0.0,0.0,1,2013.0,1,2,1,1.0,30,2,1,1,1,1,1,1,1,0,2,2,17,4,7,2020,2.0,1,1,1,1,3,4
135982,60302,61.0,0.0,0.0,0.0,1,2004.0,1,3,1,6.0,30,2,1,1,1,1,1,1,1,0,2,2,17,4,7,2020,2.0,1,1,1,1,3,4
136020,60652,25.0,0.0,0.0,0.0,1,2017.0,2,2,1,6.0,30,0,0,1,1,4,2,1,1,0,2,2,17,4,7,2020,0.0,0,1,1,0,3,3
136094,46394,52.0,0.0,5.0,2.0,1,2005.0,1,3,4,3.0,25,2,1,1,1,2,1,1,1,0,2,2,17,4,7,2020,0.0,0,1,1,1,3,3
136095,46394,52.0,0.0,5.0,2.0,1,2016.0,1,2,3,3.0,25,2,1,1,1,2,1,1,1,0,2,2,17,4,7,2020,0.0,0,1,1,1,3,3
136096,53045,39.0,0.0,1.0,0.0,1,2005.0,1,3,4,3.0,25,2,1,1,1,2,1,1,1,0,2,2,17,4,7,2020,0.0,0,1,1,1,3,3
136097,53045,39.0,0.0,1.0,0.0,1,2016.0,1,2,3,3.0,25,2,1,1,1,2,1,1,1,0,2,2,17,4,7,2020,0.0,0,1,1,1,3,3
136234,60657,54.0,1.0,3.0,0.0,1,2010.0,-1,3,1,-1.0,30,1,1,1,3,9,1,1,1,0,2,2,20,4,7,2020,3.0,1,1,1,1,1,2
136236,60657,38.0,0.0,0.0,0.0,1,2010.0,-1,3,1,-1.0,30,1,1,1,3,9,1,1,1,0,2,2,20,4,7,2020,3.0,0,1,1,1,1,4
136386,60657,39.0,0.0,0.0,0.0,1,2020.0,1,4,1,1.0,30,2,1,1,3,1,1,1,1,0,1,2,22,1,7,2020,0.0,1,1,1,0,2,3
136387,60657,39.0,0.0,0.0,0.0,1,2012.0,1,3,1,6.0,30,2,1,1,3,1,1,1,1,0,1,2,22,1,7,2020,0.0,1,1,1,0,2,3
136570,60649,31.0,0.0,0.0,0.0,1,2018.0,1,3,1,2.0,30,-1,1,1,2,3,7,1,1,0,1,2,1,5,8,2020,0.0,1,1,1,1,2,3
136656,60647,47.0,0.0,0.0,0.0,1,2017.0,4,4,3,2.0,30,1,1,1,1,3,0,1,1,0,2,2,14,5,8,2020,0.0,1,1,1,0,3,3
136841,60647,36.9,0.0,3.0,0.0,1,2005.0,1,3,1,4.0,30,1,1,1,2,1,6,1,1,0,1,2,21,5,8,2020,2.0,1,1,1,1,3,4
136842,60647,36.9,0.0,3.0,0.0,1,2007.0,1,2,1,1.0,30,1,1,1,2,1,6,1,1,0,1,2,21,5,8,2020,2.0,1,1,1,1,3,4
136843,60624,27.0,0.0,0.0,0.0,1,2005.0,1,3,1,4.0,30,1,1,1,2,1,6,1,1,0,1,2,21,5,8,2020,2.0,1,1,1,1,3,4
136844,60624,27.0,0.0,0.0,0.0,1,2007.0,1,2,1,1.0,30,1,1,1,2,1,6,1,1,0,1,2,21,5,8,2020,2.0,1,1,1,1,3,4
137300,60632,29.0,0.0,0.0,0.0,1,2014.0,2,1,1,4.0,30,1,3,1,1,1,5,1,1,0,1,2,14,6,8,2020,0.0,1,1,1,0,1,3
137301,60632,36.9,0.0,3.0,0.0,1,2002.0,1,1,1,1.0,30,1,1,1,1,2,1,1,1,0,3,2,14,5,8,2020,2.0,1,1,1,0,2,4
137302,60632,36.9,0.0,3.0,0.0,1,2017.0,6,4,2,5.0,30,1,1,1,1,2,1,1,1,0,3,2,14,5,8,2020,2.0,1,1,1,0,2,4
137303,60623,37.0,1.0,0.0,0.0,1,2002.0,1,1,1,1.0,30,1,1,1,1,2,1,1,1,0,3,2,14,5,8,2020,2.0,1,1,1,0,2,4
137304,60623,37.0,1.0,0.0,0.0,1,2017.0,6,4,2,5.0,30,1,1,1,1,2,1,1,1,0,3,2,14,5,8,2020,2.0,1,1,1,0,2,4
137790,60634,57.0,0.0,0.0,0.0,1,2005.0,3,3,1,5.0,30,2,1,1,1,1,1,1,1,0,3,2,4,6,8,2020,0.0,1,1,1,0,3,3
137848,60628,50.0,0.0,0.0,0.0,1,2017.0,2,3,2,2.0,35,1,1,1,1,2,6,1,1,0,1,2,15,6,8,2020,0.0,0,1,1,0,3,3
137871,60628,38.0,0.0,3.0,0.0,1,2010.0,1,3,1,-1.0,30,1,1,1,1,5,5,1,1,0,1,3,19,6,8,2020,3.0,0,1,1,1,3,4
137873,60628,38.0,0.0,3.0,0.0,1,2019.0,1,2,3,1.0,30,1,1,1,1,5,5,1,1,0,1,3,19,6,8,2020,3.0,0,1,1,1,3,4
137874,60637,85.0,-1.0,0.0,0.0,1,2010.0,1,3,1,-1.0,30,1,1,1,1,5,5,1,1,0,1,3,19,6,8,2020,3.0,1,1,1,1,3,0
137876,60637,85.0,-1.0,0.0,0.0,1,2019.0,1,2,3,1.0,30,1,1,1,1,5,5,1,1,0,1,3,19,6,8,2020,3.0,1,1,1,1,3,0
137877,46410,30.0,0.0,0.0,0.0,1,2010.0,1,3,1,-1.0,30,1,1,1,1,5,5,1,1,0,1,3,19,6,8,2020,3.0,1,1,1,1,3,4
137879,46410,30.0,0.0,0.0,0.0,1,2019.0,1,2,3,1.0,30,1,1,1,1,5,5,1,1,0,1,3,19,6,8,2020,3.0,1,1,1,1,3,4
138103,60643,26.0,0.0,0.0,0.0,1,2015.0,1,2,1,7.0,30,1,1,1,1,4,0,1,1,0,4,2,14,5,7,2020,0.0,0,1,1,0,2,3
138106,60629,52.0,0.0,0.0,0.0,1,2005.0,1,1,1,1.0,30,2,1,1,1,1,0,1,1,0,1,2,14,5,7,2020,0.0,1,1,1,1,3,3
138107,60629,52.0,0.0,0.0,0.0,1,2013.0,1,2,1,10.0,30,2,1,1,1,1,0,1,1,0,1,2,14,5,7,2020,0.0,1,1,1,1,3,3
138311,60636,36.9,0.0,3.0,0.0,1,2006.0,2,8,1,1.0,30,2,1,1,1,6,10,1,1,0,1,2,16,5,7,2020,2.0,1,1,1,1,3,4
138312,60636,36.9,0.0,3.0,0.0,1,2012.0,1,1,1,1.0,30,2,1,1,1,6,10,1,1,0,1,2,16,5,7,2020,2.0,1,1,1,1,3,4
138313,60478,28.0,0.0,0.0,1.0,1,2006.0,2,8,1,1.0,30,2,1,1,1,6,10,1,1,0,1,2,16,5,7,2020,2.0,0,1,1,1,3,4
138314,60478,28.0,0.0,0.0,1.0,1,2012.0,1,1,1,1.0,30,2,1,1,1,6,10,1,1,0,1,2,16,5,7,2020,2.0,0,1,1,1,3,4
138350,60632,43.0,0.0,0.0,0.0,1,2014.0,1,7,4,10.0,30,1,1,1,1,2,0,1,1,0,1,2,18,5,7,2020,0.0,1,1,1,0,3,3
138503,60651,36.0,-1.0,2.0,0.0,1,2011.0,-1,4,1,1.0,30,2,0,1,2,1,0,1,1,0,3,2,21,5,7,2020,1.0,0,1,1,1,3,4
138504,60651,36.0,-1.0,2.0,0.0,1,2005.0,7,3,1,6.0,30,2,0,1,2,1,0,1,1,0,3,2,21,5,7,2020,1.0,0,1,1,1,3,4
138505,60456,53.0,0.0,0.0,0.0,1,2011.0,-1,4,1,1.0,30,2,0,1,2,1,0,1,1,0,3,2,21,5,7,2020,1.0,1,1,1,1,3,4
138506,60456,53.0,0.0,0.0,0.0,1,2005.0,7,3,1,6.0,30,2,0,1,2,1,0,1,1,0,3,2,21,5,7,2020,1.0,1,1,1,1,3,4
138560,60651,25.0,0.0,1.0,0.0,1,2006.0,5,3,1,1.0,30,1,1,1,2,1,5,1,1,0,1,2,23,5,7,2020,0.0,1,1,1,1,3,3
138655,60619,49.0,0.0,0.0,0.0,1,2018.0,1,1,1,7.0,45,1,1,1,1,4,2,1,1,0,1,2,14,5,7,2020,0.0,0,1,1,0,3,3
138801,60619,36.0,-1.0,-1.0,0.0,1,2005.0,4,2,1,1.0,30,2,1,1,1,1,1,1,1,-1,1,2,10,5,8,2020,1.0,1,1,1,1,3,4
138802,60621,43.0,0.0,-1.0,0.0,1,2010.0,-1,-1,-1,1.0,30,2,1,1,1,1,1,1,1,-1,1,2,10,5,8,2020,1.0,1,1,1,1,3,4
138803,60621,43.0,0.0,-1.0,0.0,1,2005.0,4,2,1,1.0,30,2,1,1,1,1,1,1,1,-1,1,2,10,5,8,2020,1.0,1,1,1,1,3,4
138927,60482,40.0,0.0,0.0,0.0,1,2015.0,1,2,1,8.0,30,1,3,1,1,2,0,1,1,0,2,2,14,6,8,2020,0.0,1,1,1,0,2,3
139104,60626,19.0,0.0,2.0,0.0,1,2007.0,1,3,1,4.0,35,2,1,1,4,9,0,1,1,-1,3,2,20,6,8,2020,2.0,0,1,1,1,2,4
139106,60626,16.0,-1.0,-1.0,0.0,1,2007.0,1,3,1,4.0,35,2,1,1,4,9,0,1,1,-1,3,2,20,6,8,2020,2.0,1,1,1,1,2,2
139130,60626,36.9,0.0,5.0,0.0,1,2011.0,1,3,4,3.0,30,2,1,1,2,2,4,1,1,-1,2,2,21,6,8,2020,2.0,0,1,1,1,3,4
139131,60626,36.9,0.0,5.0,0.0,1,2017.0,1,4,1,6.0,30,2,1,1,2,2,4,1,1,-1,2,2,21,6,8,2020,2.0,0,1,1,1,3,4
139132,60153,28.0,0.0,0.0,0.0,1,2011.0,1,3,4,3.0,30,2,1,1,2,2,4,1,1,-1,2,2,21,6,8,2020,2.0,1,1,1,1,3,4
139133,60153,28.0,0.0,0.0,0.0,1,2017.0,1,4,1,6.0,30,2,1,1,2,2,4,1,1,-1,2,2,21,6,8,2020,2.0,1,1,1,1,3,4
139141,60626,36.9,0.0,3.0,0.0,1,2015.0,1,2,2,2.0,35,1,1,1,2,2,5,1,1,0,2,2,22,6,8,2020,2.0,0,1,1,1,3,4
139142,60443,28.0,0.0,0.0,0.0,1,2011.0,-1,4,1,-1.0,35,1,1,1,2,2,5,1,1,0,2,2,22,6,8,2020,2.0,1,1,1,1,3,4
139143,60443,28.0,0.0,0.0,0.0,1,2015.0,1,2,2,2.0,35,1,1,1,2,2,5,1,1,0,2,2,22,6,8,2020,2.0,1,1,1,1,3,4
139244,60622,32.0,0.0,0.0,0.0,1,2006.0,1,3,4,3.0,30,2,1,1,2,2,1,1,1,0,2,2,2,7,8,2020,0.0,0,1,1,1,3,4
139246,60622,36.9,0.0,3.0,0.0,1,2009.0,1,1,1,3.0,30,1,1,1,2,1,1,1,1,0,3,2,1,7,8,2020,2.0,0,1,1,1,3,4
139247,60645,46.0,0.0,0.0,0.0,1,2011.0,-1,2,1,4.0,30,1,1,1,2,1,1,1,1,0,3,2,1,7,8,2020,2.0,0,1,1,1,3,4
139248,60645,46.0,0.0,0.0,0.0,1,2009.0,1,1,1,3.0,30,1,1,1,2,1,1,1,1,0,3,2,1,7,8,2020,2.0,0,1,1,1,3,4
139263,60435,56.0,0.0,0.0,0.0,1,2002.0,1,4,1,2.0,30,1,1,1,4,3,1,1,1,0,2,2,2,7,8,2020,0.0,1,1,0,0,3,3
139728,60652,27.0,0.0,0.0,0.0,1,2004.0,4,2,3,2.0,30,1,1,1,1,3,0,1,1,0,2,2,15,7,8,2020,0.0,1,1,1,0,2,3
139752,60614,23.0,0.0,0.0,0.0,1,2002.0,1,4,1,1.0,30,1,1,1,1,2,0,1,1,0,2,2,14,7,8,2020,0.0,1,1,1,0,2,3
139843,60652,38.0,-1.0,-1.0,0.0,1,1994.0,1,1,1,1.0,30,2,1,1,1,2,0,1,1,0,3,2,17,7,8,2020,3.0,1,1,1,1,3,4
139844,60652,38.0,-1.0,-1.0,0.0,1,2012.0,2,8,2,5.0,30,2,1,1,1,2,0,1,1,0,3,2,17,7,8,2020,3.0,1,1,1,1,3,4
139845,60651,32.0,0.0,0.0,0.0,1,1994.0,1,1,1,1.0,30,2,1,1,1,2,0,1,1,0,3,2,17,7,8,2020,3.0,1,1,1,1,3,4
139846,60651,32.0,0.0,0.0,0.0,1,2012.0,2,8,2,5.0,30,2,1,1,1,2,0,1,1,0,3,2,17,7,8,2020,3.0,1,1,1,1,3,4
139869,60651,36.0,0.0,3.0,0.0,1,2007.0,2,4,1,1.0,25,1,1,1,1,1,0,1,1,0,1,2,17,7,8,2020,1.0,1,1,1,1,3,4
139870,60651,36.0,0.0,3.0,0.0,1,2009.0,1,1,1,6.0,25,1,1,1,1,1,0,1,1,0,1,2,17,7,8,2020,1.0,1,1,1,1,3,4
139871,60629,37.0,0.0,0.0,0.0,1,2007.0,2,4,1,1.0,25,1,1,1,1,1,0,1,1,0,1,2,17,7,8,2020,1.0,0,1,1,1,3,4
139872,60629,37.0,0.0,0.0,0.0,1,2009.0,1,1,1,6.0,25,1,1,1,1,1,0,1,1,0,1,2,17,7,8,2020,1.0,0,1,1,1,3,4
140054,60651,36.9,0.0,-1.0,0.0,1,2011.0,1,3,1,-1.0,25,2,1,1,2,9,5,1,1,0,3,2,20,7,8,2020,2.0,0,1,1,1,2,4
140056,60644,36.0,1.0,-1.0,0.0,1,2011.0,1,3,1,-1.0,25,2,1,1,2,9,5,1,1,0,3,2,20,7,8,2020,2.0,1,1,1,1,2,2
140394,60629,30.0,0.0,0.0,0.0,1,2008.0,1,2,3,1.0,30,1,1,1,1,3,0,1,1,0,2,2,16,6,7,2020,0.0,1,1,1,0,3,3
140395,60629,30.0,0.0,0.0,0.0,1,2018.0,3,2,3,2.0,30,1,1,1,1,3,0,1,1,0,2,2,16,6,7,2020,0.0,1,1,1,0,3,3
140462,60643,38.0,0.0,0.0,0.0,1,2005.0,1,3,1,3.0,30,1,1,1,1,2,1,1,1,0,3,2,17,6,7,2020,0.0,0,1,1,1,3,4
140629,60629,46.0,0.0,2.0,2.0,1,2002.0,4,1,2,6.0,30,1,1,1,1,2,0,1,1,0,1,2,17,6,7,2020,0.0,1,1,1,1,3,3
140630,60629,46.0,0.0,2.0,2.0,1,2016.0,2,4,1,1.0,30,1,1,1,1,2,0,1,1,0,1,2,17,6,7,2020,0.0,1,1,1,1,3,3
140631,60652,27.0,0.0,0.0,0.0,1,2002.0,4,1,2,6.0,30,1,1,1,1,2,0,1,1,0,1,2,17,6,7,2020,0.0,1,1,1,1,3,3
140632,60652,27.0,0.0,0.0,0.0,1,2016.0,2,4,1,1.0,30,1,1,1,1,2,0,1,1,0,1,2,17,6,7,2020,0.0,1,1,1,1,3,3